target_role,education_level,education_relevance,experience_years,experience_relevance,common_skill_coverage,skill_gap_count,project_count,project_quality_score,project_relevance_score,project_depth_score,project_diversity_score,github_activity_score,live_project_count,portfolio_completeness_score,portfolio_design_score,portfolio_content_score,portfolio_evidence_score,technical_evidence_score,soft_skill_evidence_score,github_available,deployment_available
AI Engineer,MTech,64,0.3,75,59,6,3,67,73,90,74,0,1,76,14,0,39,82,33,,
AI Engineer,BSc,15,3.7,68,100,0,3,90,75,18,48,34,2,77,44,85,91,34,60,,
AI Engineer,BTech,54,3.8,63,100,2,4,67,86,39,84,38,4,89,54,47,68,74,70,,
AI Engineer,MSc,90,2.8,66,75,1,0,57,97,43,39,50,0,62,53,49,80,98,34,,
AI Engineer,BSc,89,0.4,62,95,2,1,30,93,49,37,0,1,67,59,55,26,80,75,,
AI Engineer,BSc,55,1.0,39,98,2,2,56,64,53,61,46,2,75,32,35,87,92,23,,
AI Engineer,MSc,85,2.3,67,100,0,5,50,86,91,22,72,0,100,40,46,68,82,79,,
AI Engineer,BE,47,3.2,78,100,0,2,47,97,20,33,0,0,35,100,62,62,67,55,,
AI Engineer,BE,18,1.6,64,100,2,4,64,81,49,82,30,0,71,54,70,62,100,70,,
AI Engineer,BSc,51,0.1,61,100,0,4,53,99,29,57,61,3,80,69,76,66,77,76,,
AI Engineer,BE,94,1.8,55,61,3,4,51,86,69,33,69,3,75,73,54,83,75,44,,
AI Engineer,MCA,80,1.2,65,100,0,2,38,69,66,81,0,0,35,58,63,65,64,41,,
AI Engineer,BTech,60,0.5,60,89,1,3,60,61,48,65,11,1,56,82,77,69,69,66,,
AI Engineer,PhD,34,7.0,71,98,0,9,62,71,95,75,100,7,100,80,75,80,96,75,,
AI Engineer,BBA,69,3.6,38,72,3,3,69,55,90,91,59,0,88,68,35,91,82,82,,
AI Engineer,MBA,97,1.8,48,99,2,2,53,74,66,51,0,0,80,81,49,48,85,47,,
AI Engineer,MCA,75,0.1,83,41,7,5,60,67,54,63,0,4,100,49,70,71,78,72,,
AI Engineer,BSc,83,0.3,88,85,1,2,51,100,36,61,35,1,89,47,66,42,67,58,,
AI Engineer,MTech,31,1.7,63,83,0,5,83,78,44,45,91,4,81,29,21,72,100,66,,
AI Engineer,MTech,79,1.6,91,94,0,3,56,100,54,66,0,1,57,67,27,63,72,68,,
AI Engineer,BE,84,2.3,68,76,2,4,71,90,71,49,0,4,88,63,72,89,64,30,,
AI Engineer,BTech,70,5.3,85,100,1,3,67,100,80,51,42,0,84,61,49,79,100,78,,
AI Engineer,BE,71,3.0,89,75,0,2,80,72,47,75,0,2,58,83,33,50,69,40,,
AI Engineer,MCA,75,0.4,100,77,2,7,59,81,43,58,45,0,82,52,42,40,100,76,,
AI Engineer,BTech,82,1.6,90,97,2,5,81,79,38,58,42,2,79,87,79,38,73,72,,
AI Engineer,MCA,61,2.7,63,52,5,4,22,88,22,50,74,0,72,57,80,70,94,40,,
AI Engineer,BE,32,0.6,79,68,6,1,45,74,15,11,58,0,60,42,56,42,88,54,,
AI Engineer,BTech,35,0.5,54,81,3,4,48,70,29,66,54,0,100,57,60,73,65,80,,
AI Engineer,MBA,67,1.2,42,80,2,3,96,82,49,57,25,1,78,62,37,64,77,65,,
AI Engineer,MBA,96,0.9,69,89,2,1,60,58,41,33,80,1,73,18,93,55,89,23,,
AI Engineer,BE,47,1.9,84,100,1,1,76,72,47,45,100,0,71,79,83,93,85,73,,
AI Engineer,BE,59,4.2,81,100,0,4,84,44,73,18,62,0,95,68,69,80,81,66,,
AI Engineer,BTech,54,3.4,94,100,0,5,70,83,82,34,51,3,87,69,69,95,79,49,,
AI Engineer,BCA,28,2.4,79,58,3,1,59,54,53,52,44,1,52,55,42,97,75,49,,
AI Engineer,BCA,73,4.6,74,72,2,5,83,81,61,67,96,0,76,47,59,97,79,22,,
AI Engineer,BTech,33,2.0,86,92,0,2,38,84,51,18,51,0,90,76,59,95,73,73,,
AI Engineer,BE,94,2.8,60,100,1,4,64,91,60,38,52,0,60,65,47,81,100,41,,
AI Engineer,BE,84,5.1,92,100,0,5,79,81,36,65,66,1,100,48,77,48,83,45,,
AI Engineer,MSc,54,3.1,89,82,0,2,45,60,58,62,54,1,71,65,50,97,91,40,,
AI Engineer,BTech,17,0.3,61,84,2,6,48,83,45,85,55,0,100,43,84,99,100,67,,
AI Engineer,MBA,69,3.0,47,95,1,4,72,100,47,27,44,0,80,36,75,76,78,89,,
AI Engineer,BTech,34,7.4,96,100,0,7,84,100,64,100,69,3,92,63,45,85,100,90,,
AI Engineer,MCA,52,5.4,67,100,1,5,81,89,66,64,76,1,94,53,63,97,100,54,,
AI Engineer,BE,83,0.7,87,70,5,6,88,66,46,100,0,2,81,76,64,74,70,79,,
AI Engineer,BE,67,1.7,62,78,4,2,73,45,54,60,62,0,60,51,77,82,73,57,,
AI Engineer,MCA,74,0.9,46,100,1,0,53,100,49,60,67,0,52,85,44,60,100,87,,
AI Engineer,MCA,68,4.2,74,87,0,8,82,93,84,94,57,1,100,13,63,52,93,36,,
AI Engineer,BCA,72,0.6,77,60,3,3,83,100,56,86,63,0,70,62,77,53,77,68,,
AI Engineer,MTech,15,3.4,82,47,4,4,58,62,77,55,100,0,78,50,59,91,60,60,,
AI Engineer,MBA,99,2.9,81,59,3,4,77,75,59,75,90,0,88,79,27,96,91,44,,
AI Engineer,BBA,63,0.1,41,61,9,0,62,66,34,47,52,0,69,29,0,82,66,54,,
AI Engineer,MSc,86,2.6,85,100,0,5,60,59,31,24,69,1,100,76,53,78,86,57,,
AI Engineer,MBA,84,4.9,83,63,2,3,49,52,87,82,55,3,78,100,48,44,65,67,,
AI Engineer,BTech,32,1.2,83,73,4,5,86,93,85,36,72,5,100,39,99,100,84,76,,
AI Engineer,MTech,51,0.5,88,89,1,0,44,58,56,81,0,0,30,45,56,57,76,39,,
AI Engineer,BTech,79,4.6,92,58,5,4,80,81,59,67,93,0,77,33,54,100,68,44,,
AI Engineer,BE,55,2.3,44,100,1,4,75,83,53,60,0,0,48,62,69,44,74,32,,
AI Engineer,MCA,53,4.8,69,70,2,2,93,86,88,61,0,2,50,48,69,71,93,81,,
AI Engineer,BBA,52,0.7,78,52,5,2,55,65,42,43,55,0,90,72,60,66,95,65,,
AI Engineer,BTech,77,1.6,65,73,2,5,73,85,46,90,93,0,77,62,55,98,100,76,,
AI Engineer,MSc,86,2.1,65,100,1,1,50,57,44,38,0,1,49,56,60,50,91,83,,
AI Engineer,MSc,39,1.8,25,100,0,5,53,59,65,46,48,0,76,31,55,48,78,70,,
AI Engineer,BTech,87,2.8,55,100,2,4,50,47,72,56,0,0,72,46,81,52,86,57,,
AI Engineer,BBA,57,7.9,56,93,0,2,62,56,78,48,55,2,75,53,45,89,81,91,,
AI Engineer,BSc,81,2.9,75,66,7,2,50,90,60,49,0,0,52,71,55,20,69,61,,
AI Engineer,MSc,60,0.6,66,100,2,9,100,87,59,53,40,7,100,37,45,59,70,88,,
AI Engineer,BSc,44,2.9,72,83,3,3,78,92,59,84,63,1,79,68,51,81,77,42,,
AI Engineer,BE,89,0.8,74,63,2,4,47,63,45,40,0,0,59,51,27,46,53,55,,
AI Engineer,BCA,29,2.4,65,62,3,4,29,69,58,37,44,4,100,37,84,63,92,100,,
AI Engineer,BSc,46,0.6,89,88,1,2,77,95,36,43,61,0,67,35,28,81,81,69,,
AI Engineer,MCA,65,0.2,42,52,6,5,65,66,34,55,0,0,75,67,64,86,54,47,,
AI Engineer,BE,59,0.4,66,26,6,4,72,54,37,30,68,4,87,21,35,68,74,45,,
AI Engineer,BTech,18,2.5,88,100,0,1,61,100,75,51,27,0,76,89,52,53,79,48,,
AI Engineer,BTech,34,2.4,70,80,0,2,70,73,39,37,43,2,79,50,82,83,77,87,,
AI Engineer,BTech,89,1.5,57,78,3,4,50,88,77,35,57,0,98,71,79,67,98,18,,
AI Engineer,BTech,48,3.1,86,100,0,4,92,100,51,65,55,4,89,39,71,74,100,19,,
AI Engineer,BE,50,0.6,83,100,2,3,58,89,58,64,51,0,69,47,82,72,100,74,,
AI Engineer,MSc,72,1.6,55,95,2,2,39,88,52,19,0,2,61,27,80,48,94,96,,
AI Engineer,BTech,96,0.9,77,53,3,0,40,71,58,74,5,0,95,63,61,74,100,7,,
AI Engineer,BTech,80,2.8,93,69,5,3,51,85,55,70,84,1,87,86,70,75,64,44,,
AI Engineer,BTech,80,2.4,74,61,3,6,61,63,62,59,94,0,75,73,62,84,100,83,,
AI Engineer,BE,34,1.3,44,98,4,6,77,67,52,70,68,3,97,58,55,77,88,67,,
AI Engineer,MCA,79,2.1,59,89,2,5,98,100,40,78,100,3,55,64,58,100,100,69,,
AI Engineer,BE,77,3.8,100,73,1,5,86,100,54,75,100,4,67,27,50,87,56,70,,
AI Engineer,BE,46,1.4,54,80,2,5,45,92,46,53,33,1,100,76,37,35,73,86,,
AI Engineer,MCA,91,0.6,100,89,0,2,45,95,27,48,24,0,100,52,29,69,57,28,,
AI Engineer,MBA,3,2.7,84,100,1,1,20,67,58,55,20,1,80,49,56,68,91,57,,
AI Engineer,BTech,47,0.2,53,51,0,0,46,76,41,44,46,0,92,44,31,59,81,73,,
AI Engineer,MTech,63,1.0,41,94,0,4,57,100,61,50,0,0,42,76,38,31,75,66,,
AI Engineer,MSc,36,0.9,62,46,5,3,50,61,42,53,0,3,60,27,58,56,20,26,,
AI Engineer,BE,90,2.1,64,100,0,7,88,70,70,58,31,2,82,51,55,83,100,69,,
AI Engineer,MSc,91,0.0,93,46,2,3,71,70,76,53,1,1,73,86,38,78,62,55,,
AI Engineer,PhD,82,1.3,72,65,5,2,56,97,47,56,44,0,57,39,64,65,80,60,,
AI Engineer,BSc,82,4.6,86,74,1,6,67,64,77,65,100,3,90,69,62,58,96,76,,
AI Engineer,BSc,62,11.8,99,100,0,7,93,97,100,56,61,2,100,40,69,68,100,100,,
AI Engineer,BE,78,0.3,39,74,1,5,45,94,49,34,79,3,83,48,75,54,79,59,,
AI Engineer,BE,93,3.0,100,82,3,5,48,64,54,76,64,2,65,80,77,73,87,70,,
AI Engineer,MCA,69,3.5,81,95,5,3,69,65,78,51,51,0,67,70,89,62,77,45,,
AI Engineer,BCA,82,0.8,68,80,4,1,33,89,31,61,0,0,36,62,84,56,78,48,,
AI Engineer,BSc,31,1.1,61,60,1,3,89,42,38,64,51,2,64,51,56,100,91,57,,
AI Engineer,BCA,98,3.3,66,95,3,4,82,100,46,63,39,1,72,66,34,60,72,80,,
AI Engineer,BTech,69,1.6,83,72,2,3,64,100,53,44,0,2,75,51,42,54,36,57,,
AI Engineer,BE,78,1.3,59,82,1,2,36,65,56,79,41,0,92,31,52,79,48,45,,
AI Engineer,BTech,52,2.2,100,100,0,2,69,78,28,45,27,0,82,72,54,69,65,61,,
AI Engineer,BE,85,5.0,72,89,3,6,64,66,71,52,70,0,78,49,96,69,100,72,,
AI Engineer,BTech,59,4.4,100,58,2,4,73,71,48,36,48,2,61,63,2,62,85,59,,
AI Engineer,MSc,56,1.9,45,58,3,2,48,67,59,61,0,0,48,71,29,80,65,29,,
AI Engineer,MSc,64,4.8,88,100,0,5,48,73,65,51,0,0,84,66,43,54,99,23,,
AI Engineer,MTech,84,3.0,69,96,0,2,76,65,100,38,0,0,42,71,71,74,99,57,,
AI Engineer,BBA,75,3.7,68,84,0,5,39,75,45,49,0,3,72,74,66,45,60,76,,
AI Engineer,MTech,42,1.1,83,85,3,4,79,51,59,79,39,3,94,26,71,78,75,99,,
AI Engineer,BE,68,2.1,78,67,0,4,64,78,21,100,21,3,90,51,54,49,73,58,,
AI Engineer,MSc,36,0.3,54,67,4,4,80,79,45,56,0,0,50,31,47,71,94,34,,
AI Engineer,MSc,66,4.2,77,82,2,4,46,56,41,58,52,3,76,38,71,80,72,43,,
AI Engineer,BCA,64,0.9,37,27,6,5,66,56,54,77,0,3,70,60,50,76,62,31,,
AI Engineer,MCA,96,0.6,70,44,2,4,61,100,31,69,71,3,90,73,46,76,86,63,,
AI Engineer,BCA,70,6.1,96,71,3,6,90,70,81,55,100,3,100,31,73,80,69,71,,
AI Engineer,BTech,94,1.5,88,90,3,5,63,74,36,49,0,4,66,65,90,52,53,60,,
AI Engineer,BTech,85,0.5,43,66,4,5,61,79,18,59,0,2,79,60,55,67,82,59,,
AI Engineer,BTech,93,3.3,48,61,4,5,90,64,88,37,63,1,79,65,88,100,85,84,,
AI Engineer,MSc,95,3.7,93,100,0,7,82,73,82,93,53,1,100,27,57,80,99,47,,
AI Engineer,MBA,81,2.6,73,100,1,5,78,93,39,43,59,0,94,69,68,73,79,74,,
AI Engineer,MSc,93,4.0,71,100,0,6,88,78,92,61,86,6,72,54,58,100,100,62,,
AI Engineer,BE,49,2.3,53,84,2,6,77,68,100,55,62,0,91,41,47,100,96,64,,
AI Engineer,BE,41,1.8,92,93,0,6,77,75,33,82,84,0,97,70,54,59,53,46,,
AI Engineer,BTech,46,1.4,77,85,2,2,60,68,58,52,0,0,58,68,59,73,88,59,,
AI Engineer,BTech,87,3.2,45,100,2,2,54,80,67,24,0,0,39,38,49,61,89,75,,
AI Engineer,BTech,50,1.1,86,82,2,3,34,85,50,56,0,2,84,58,13,55,65,77,,
AI Engineer,BE,74,4.9,76,100,0,2,54,79,65,29,0,0,72,62,69,53,63,59,,
AI Engineer,BTech,94,6.2,66,100,0,1,41,96,48,37,76,1,59,85,49,84,89,63,,
AI Engineer,MTech,73,0.7,66,88,3,1,6,90,35,40,0,0,59,82,38,73,68,65,,
AI Engineer,MCA,11,1.1,41,84,2,1,73,58,56,62,84,0,77,43,47,57,96,41,,
AI Engineer,BBA,73,1.2,67,72,1,4,63,86,74,55,0,4,70,61,33,57,80,47,,
AI Engineer,BE,74,1.7,77,77,4,1,56,90,66,39,0,1,51,53,77,37,45,40,,
AI Engineer,MTech,24,1.9,52,32,6,6,100,80,45,80,35,2,100,73,64,43,62,56,,
AI Engineer,BBA,53,2.4,62,100,0,1,64,100,40,75,0,0,33,21,51,49,50,41,,
AI Engineer,MSc,25,5.0,74,100,2,4,46,95,40,88,100,0,93,86,66,69,73,46,,
AI Engineer,MCA,85,2.3,79,100,0,2,65,80,30,93,69,1,100,44,66,67,79,76,,
AI Engineer,BTech,44,1.2,45,97,2,3,77,82,53,66,0,0,30,51,56,52,93,56,,
AI Engineer,MTech,77,0.6,76,78,1,5,63,94,20,69,60,4,85,78,68,75,95,54,,
AI Engineer,BTech,36,1.7,76,82,2,3,71,60,70,67,16,0,79,61,65,55,90,55,,
AI Engineer,BE,45,6.6,77,100,0,2,47,100,86,55,25,1,68,76,31,58,78,49,,
AI Engineer,BSc,75,5.0,98,72,1,3,85,64,66,58,0,0,54,56,29,60,59,51,,
AI Engineer,BTech,85,0.0,63,95,0,4,76,78,60,59,46,3,82,70,76,72,68,30,,
AI Engineer,BE,98,1.1,67,60,5,3,55,60,82,43,0,2,67,81,47,13,94,76,,
AI Engineer,MBA,80,0.2,62,82,1,0,66,75,30,70,0,0,64,75,64,39,91,76,,
AI Engineer,MTech,94,1.1,84,100,0,1,33,100,42,66,0,0,46,59,48,78,66,60,,
AI Engineer,BTech,74,0.6,34,97,1,2,64,100,76,52,0,2,76,85,32,30,84,41,,
AI Engineer,BE,61,1.8,57,94,1,5,54,64,67,71,65,0,70,50,62,80,80,54,,
AI Engineer,BTech,46,0.8,59,63,2,3,46,63,42,70,88,1,82,50,35,76,85,48,,
AI Engineer,BTech,85,1.5,80,68,2,2,57,100,18,34,0,1,89,99,60,41,57,94,,
AI Engineer,PhD,79,0.6,67,80,2,6,76,91,71,70,89,3,100,93,66,100,93,82,,
AI Engineer,MBA,77,2.3,63,85,0,5,100,90,74,100,64,0,82,44,58,86,81,73,,
AI Engineer,BE,79,3.2,59,92,2,4,67,100,57,54,60,3,74,43,62,70,90,72,,
AI Engineer,MBA,69,0.9,60,88,1,1,55,80,53,41,0,0,52,28,85,47,100,40,,
AI Engineer,MSc,32,4.3,67,98,3,7,90,53,100,29,100,4,75,55,57,86,100,73,,
AI Engineer,BE,46,2.2,54,78,4,4,53,82,46,55,78,0,85,41,45,62,73,60,,
AI Engineer,MBA,50,0.7,67,100,1,0,36,100,74,47,0,0,73,56,44,55,90,53,,
AI Engineer,MBA,40,1.6,75,23,5,2,67,68,25,99,0,0,78,18,46,35,20,64,,
AI Engineer,BTech,70,1.0,44,98,1,1,74,82,42,57,0,1,45,34,67,64,65,72,,
AI Engineer,MBA,74,3.7,56,84,1,2,59,98,39,65,48,1,63,56,39,60,95,63,,
AI Engineer,MTech,87,0.7,51,55,4,5,70,74,76,44,47,0,77,94,61,76,83,84,,
AI Engineer,BSc,80,0.7,67,95,4,2,63,72,52,72,0,0,60,43,35,54,78,66,,
AI Engineer,MCA,62,1.2,69,62,4,3,49,76,68,72,35,3,98,71,37,68,97,18,,
AI Engineer,BE,81,0.6,49,61,3,4,74,90,49,36,47,0,96,88,84,88,63,38,,
AI Engineer,MCA,84,1.7,77,63,3,2,46,78,51,40,0,1,81,71,31,75,38,52,,
AI Engineer,BTech,61,0.9,54,46,5,4,73,100,48,28,49,0,79,54,48,55,75,46,,
AI Engineer,BSc,59,2.3,70,74,4,3,63,85,53,47,0,0,65,54,40,42,82,63,,
AI Engineer,BSc,63,0.9,49,96,3,2,57,68,54,65,32,1,70,37,35,77,87,38,,
AI Engineer,BTech,62,2.0,78,97,2,3,79,86,51,68,28,2,75,40,55,65,90,40,,
AI Engineer,BSc,48,1.1,54,76,1,2,83,60,40,62,31,2,55,44,62,85,80,64,,
AI Engineer,MSc,61,2.1,46,100,0,5,52,73,78,34,62,0,88,34,50,59,81,76,,
AI Engineer,MBA,61,2.7,88,49,3,4,77,85,40,86,0,0,72,25,46,62,39,68,,
AI Engineer,BTech,97,3.6,67,80,3,2,49,78,65,39,37,2,63,84,48,47,92,70,,
AI Engineer,MCA,82,1.3,85,85,2,6,61,85,50,49,47,0,74,56,43,54,100,63,,
AI Engineer,BE,91,3.0,87,80,2,3,51,76,49,62,60,1,63,70,66,77,91,58,,
AI Engineer,BE,64,0.8,58,87,1,5,59,86,54,56,37,2,93,72,54,51,70,61,,
AI Engineer,BTech,52,0.4,44,92,1,4,58,93,64,64,22,1,85,68,54,57,90,51,,
AI Engineer,BE,47,1.2,60,66,3,4,51,62,53,60,27,0,64,37,59,66,45,37,,
AI Engineer,BTech,53,1.4,88,83,2,4,72,96,70,52,39,3,80,52,65,83,78,73,,
AI Engineer,MTech,86,2.0,77,97,0,3,59,96,57,54,0,0,59,66,36,71,85,54,,
AI Engineer,BSc,55,2.3,71,80,2,3,72,90,66,72,0,2,75,66,44,71,79,43,,
AI Engineer,BBA,66,2.0,69,70,4,3,61,80,49,49,59,1,82,60,61,68,93,69,,
AI Engineer,MTech,45,2.0,83,62,3,3,55,79,59,58,72,0,82,48,61,68,63,59,,
AI Engineer,BTech,73,3.0,67,88,2,5,62,63,60,58,43,0,68,64,87,71,86,70,,
AI Engineer,BE,91,1.7,67,80,2,4,54,77,52,39,0,0,59,57,37,62,75,48,,
AI Engineer,BSc,39,2.0,66,100,1,6,97,82,41,51,36,5,88,41,62,73,53,75,,
AI Engineer,BTech,74,0.7,65,83,3,2,42,79,38,63,0,0,43,70,80,61,73,56,,
AI Engineer,BCA,73,3.0,89,66,2,3,84,81,60,71,26,0,61,58,53,56,67,58,,
AI Engineer,BCA,48,1.2,52,62,6,2,48,68,45,43,48,2,84,33,38,74,77,75,,
AI Engineer,MBA,55,1.0,52,93,2,2,67,81,53,55,0,0,40,41,68,49,96,50,,
AI Engineer,BTech,62,3.0,79,100,0,4,86,99,46,57,55,2,90,53,71,73,91,43,,
AI Engineer,BTech,94,1.6,72,75,3,4,57,80,51,42,35,4,71,70,72,66,63,53,,
AI Engineer,BTech,66,1.9,73,99,0,3,59,82,61,75,0,1,54,50,66,69,78,33,,
AI Engineer,BTech,62,2.0,77,97,0,4,86,92,54,62,51,4,88,50,73,74,88,23,,
AI Engineer,BTech,71,0.8,67,64,2,4,46,63,44,53,34,0,68,52,30,56,66,52,,
AI Engineer,MBA,67,1.6,47,99,2,3,66,78,60,58,0,0,53,64,53,51,89,52,,
AI Engineer,BE,83,2.8,68,75,2,4,44,69,60,47,0,3,71,77,60,33,72,77,,
AI Engineer,BE,61,2.2,60,77,3,4,61,85,56,52,46,0,85,50,56,74,69,49,,
AI Engineer,MBA,76,2.2,67,77,2,2,73,78,44,70,0,0,69,61,61,64,85,52,,
AI Engineer,MCA,71,2.8,81,87,2,4,86,83,58,60,0,2,67,71,73,51,81,77,,
AI Engineer,MSc,87,2.4,83,65,2,4,68,67,74,52,35,1,76,67,64,74,79,63,,
AI Engineer,BE,76,3.9,66,96,1,3,62,91,60,44,37,2,72,51,65,62,79,66,,
AI Engineer,BE,52,1.5,68,82,2,3,58,61,64,72,26,0,85,50,60,64,74,51,,
AI Engineer,BE,89,0.8,57,61,4,4,65,75,65,40,0,0,81,85,65,50,78,56,,
AI Engineer,BSc,58,3.9,90,89,0,4,91,86,56,62,35,2,75,45,56,70,85,31,,
AI Engineer,BE,28,2.0,67,88,1,3,67,76,42,54,39,0,78,52,76,75,87,80,,
AI Engineer,BE,74,2.0,59,86,3,3,63,46,61,58,38,0,63,49,79,73,77,57,,
AI Engineer,MTech,43,1.1,82,86,2,2,59,60,64,73,7,0,57,54,61,57,83,48,,
AI Engineer,BE,38,5.3,73,100,2,5,71,75,93,40,65,3,73,65,45,73,90,63,,
AI Engineer,MTech,59,1.2,71,75,1,3,51,78,48,68,55,1,72,57,32,71,80,55,,
AI Engineer,BTech,82,0.7,65,97,0,3,57,74,64,70,0,0,59,63,70,69,67,35,,
AI Engineer,MTech,49,1.7,71,67,2,2,61,69,52,62,46,0,70,63,60,62,77,69,,
AI Engineer,BTech,73,3.3,63,93,1,2,50,72,63,40,25,0,53,49,49,76,89,60,,
AI Engineer,BSc,63,3.5,66,98,2,4,87,90,33,56,37,1,75,57,56,72,56,71,,
AI Engineer,MBA,81,1.5,74,82,3,1,57,79,57,38,0,1,59,40,82,45,60,33,,
AI Engineer,BBA,49,1.6,60,78,1,2,54,79,41,71,52,1,60,37,42,64,70,44,,
AI Engineer,BSc,38,2.0,72,80,3,3,79,75,52,61,0,1,77,29,44,65,58,47,,
AI Engineer,BE,74,3.3,68,100,1,3,71,57,70,32,0,0,89,74,61,68,82,57,,
AI Engineer,MSc,81,1.2,76,56,4,3,60,80,48,52,0,2,84,51,61,76,88,56,,
AI Engineer,BE,51,2.8,82,94,1,4,82,48,66,44,51,0,94,50,70,81,79,80,,
AI Engineer,BE,62,1.5,80,67,4,5,64,66,50,74,0,3,89,60,72,71,80,89,,
AI Engineer,BTech,80,1.6,68,82,2,3,60,89,59,47,0,1,78,63,44,52,56,53,,
AI Engineer,BE,62,1.9,55,77,4,4,51,85,59,46,67,0,89,54,59,64,84,42,,
AI Engineer,MTech,32,2.0,67,82,0,4,78,75,42,42,71,3,79,38,46,75,91,76,,
AI Engineer,MTech,50,1.5,65,79,0,5,75,81,57,50,0,4,76,44,26,65,91,59,,
AI Engineer,BE,58,0.8,38,96,2,3,69,87,66,58,28,2,85,75,40,48,86,51,,
AI Engineer,BTech,55,2.9,68,80,2,3,76,82,81,44,44,0,76,77,69,76,81,65,,
AI Engineer,MCA,81,1.4,81,75,3,3,63,74,41,79,0,2,100,45,68,68,78,74,,
AI Engineer,BE,83,3.2,72,77,4,4,61,81,58,54,54,0,69,44,79,67,91,68,,
AI Engineer,BTech,58,2.7,59,90,1,2,62,77,51,31,0,0,61,43,69,73,82,82,,
AI Engineer,BTech,70,3.2,81,79,4,4,58,86,49,74,69,2,90,75,62,73,67,54,,
AI Engineer,BTech,76,4.1,97,76,1,5,77,72,61,61,49,2,76,49,26,70,91,54,,
AI Engineer,BTech,75,1.3,76,79,3,4,57,70,40,56,0,3,72,59,68,62,66,55,,
AI Engineer,BTech,77,1.9,74,94,3,3,73,71,69,55,50,0,73,70,82,67,73,37,,
AI Engineer,MBA,51,1.5,69,76,2,1,57,69,52,46,19,0,52,40,67,70,90,44,,
AI Engineer,MBA,70,2.2,63,97,1,5,64,75,57,60,64,0,79,59,66,78,80,63,,
AI Engineer,BTech,60,3.0,55,83,2,3,43,75,63,30,0,2,67,36,65,62,91,86,,
AI Engineer,BTech,53,2.7,65,100,1,4,84,91,53,62,28,2,69,51,69,57,85,27,,
AI Engineer,MSc,70,1.1,62,94,1,2,55,59,45,55,6,1,53,72,70,62,78,72,,
AI Engineer,BSc,58,5.9,67,73,2,4,65,79,77,58,25,0,70,59,44,76,80,57,,
AI Engineer,BTech,55,2.8,80,76,0,2,77,73,44,59,0,2,67,70,54,64,72,61,,
AI Engineer,BTech,62,2.4,77,88,1,5,85,93,49,76,71,0,84,50,64,84,100,45,,
AI Engineer,MSc,42,1.8,56,70,2,4,67,73,50,53,48,0,66,49,24,76,84,48,,
AI Engineer,MSc,50,1.3,81,78,4,2,50,70,21,15,60,0,73,53,55,55,88,56,,
AI Engineer,BCA,89,2.6,83,93,2,5,62,79,61,82,33,0,75,41,68,70,91,49,,
AI Engineer,MTech,44,2.1,75,67,3,3,32,76,56,48,52,0,68,65,47,82,64,62,,
AI Engineer,MSc,90,1.5,67,80,1,2,54,72,40,50,0,2,63,61,54,59,88,75,,
AI Engineer,MSc,51,1.8,61,75,2,2,61,69,54,54,0,0,59,74,53,86,73,48,,
AI Engineer,MCA,76,1.8,62,72,2,3,65,70,41,89,0,2,88,52,60,70,73,58,,
AI Engineer,BCA,53,4.5,70,86,3,6,87,68,80,47,97,0,76,51,58,93,89,48,,
AI Engineer,BE,46,1.4,73,84,2,3,67,88,41,47,67,0,74,38,35,74,77,63,,
AI Engineer,MSc,77,2.7,93,95,0,4,46,84,47,49,10,0,92,58,35,63,78,25,,
AI Engineer,MBA,89,0.6,53,75,3,4,59,72,25,49,0,2,76,45,69,63,85,44,,
AI Engineer,MBA,71,4.9,75,77,2,4,74,84,60,60,74,2,80,46,56,68,83,67,,
AI Engineer,BTech,75,1.5,64,67,2,4,63,78,20,83,0,3,86,54,54,56,76,58,,
AI Engineer,BCA,87,1.8,84,81,3,3,41,77,42,69,0,0,50,71,80,65,82,59,,
AI Engineer,MBA,74,2.6,50,89,1,2,64,92,40,62,32,1,55,47,50,62,84,65,,
AI Engineer,BTech,80,2.3,91,80,4,4,62,82,49,66,67,1,84,87,75,61,68,54,,
AI Engineer,BE,58,2.5,73,88,1,4,50,62,63,66,60,0,70,56,55,88,85,47,,
AI Engineer,MSc,86,1.7,77,98,1,3,48,74,38,30,0,1,88,68,53,57,83,65,,
AI Engineer,MSc,72,4.0,64,83,1,3,54,82,41,63,47,2,68,49,52,67,86,55,,
AI Engineer,MCA,83,2.2,76,59,3,4,64,75,63,72,69,1,92,75,32,85,94,35,,
AI Engineer,MBA,69,2.1,78,41,4,3,72,71,41,89,0,0,84,46,37,64,53,53,,
AI Engineer,MTech,41,1.6,61,50,5,5,62,64,53,55,45,0,77,59,62,89,58,53,,
AI Engineer,MCA,82,1.6,71,99,0,2,49,73,51,85,25,0,60,53,62,66,70,55,,
AI Engineer,BTech,47,1.3,94,88,1,4,61,92,58,53,37,0,81,69,47,46,90,62,,
AI Engineer,BTech,45,0.8,58,44,5,3,60,75,45,43,19,2,67,36,54,55,41,34,,
AI Engineer,BSc,46,0.8,67,66,2,3,59,85,27,74,35,2,78,46,61,53,51,71,,
AI Engineer,BSc,57,3.3,73,79,4,3,64,85,45,49,0,1,61,61,66,46,56,61,,
AI Engineer,BTech,55,1.4,86,66,3,3,70,67,31,40,47,0,84,49,45,69,68,55,,
AI Engineer,MSc,94,1.7,94,72,1,5,77,72,79,73,28,1,86,58,48,79,80,51,,
AI Engineer,BE,89,1.8,52,86,2,4,63,85,42,47,29,0,69,64,50,76,91,49,,
AI Engineer,MCA,88,0.7,73,53,6,4,57,63,69,51,0,3,81,67,57,35,88,74,,
AI Engineer,BE,88,2.5,64,64,5,3,50,88,64,41,36,2,63,72,55,53,71,53,,
AI Engineer,BTech,95,2.0,71,64,2,0,51,85,49,55,29,0,77,58,54,76,99,22,,
AI Engineer,BTech,59,1.5,55,93,0,1,60,91,45,50,58,0,62,71,59,70,90,87,,
AI Engineer,BSc,69,0.8,55,99,1,3,51,89,42,54,38,2,79,72,65,59,82,65,,
AI Engineer,BCA,67,1.8,53,66,6,2,68,72,45,55,69,0,70,35,23,88,70,43,,
AI Engineer,BTech,86,0.4,55,81,3,3,45,87,34,48,0,1,73,60,56,46,82,69,,
AI Engineer,BTech,66,1.0,74,87,1,1,45,100,49,42,0,1,80,74,51,48,76,73,,
AI Engineer,MSc,64,2.9,64,90,1,4,72,78,56,54,13,0,82,65,41,59,87,43,,
AI Engineer,MBA,56,1.9,59,99,3,5,78,80,46,57,65,0,95,64,62,75,84,72,,
AI Engineer,BE,70,0.4,61,37,5,4,72,60,51,35,62,3,84,48,44,71,78,57,,
AI Engineer,BE,84,2.8,81,91,2,5,78,61,71,80,58,0,83,37,66,81,89,50,,
AI Engineer,MCA,77,2.4,62,90,1,3,59,85,60,61,78,0,67,79,51,60,100,83,,
AI Engineer,MBA,82,1.0,45,82,5,1,58,71,50,48,25,0,74,58,27,63,76,51,,
AI Engineer,BSc,78,1.9,89,79,0,2,67,84,41,70,15,2,71,69,47,48,68,48,,
AI Engineer,BE,77,2.0,52,97,1,2,59,100,53,58,64,1,62,65,53,64,96,80,,
AI Engineer,BE,67,3.0,73,71,2,3,61,70,53,29,0,0,78,45,55,59,69,53,,
AI Engineer,BCA,66,4.0,83,68,3,5,73,72,76,61,73,3,100,47,58,75,80,49,,
AI Engineer,BTech,82,2.4,45,69,3,4,92,70,71,46,47,1,78,65,66,84,82,77,,
AI Engineer,MSc,76,3.0,83,79,1,4,69,95,54,55,0,3,63,27,62,72,69,80,,
AI Engineer,MSc,93,2.4,79,79,1,5,81,74,87,57,55,4,73,67,50,93,86,58,,
AI Engineer,MTech,70,0.7,59,86,1,4,61,97,39,60,0,0,63,77,54,54,85,60,,
AI Engineer,MTech,54,0.7,69,91,1,2,48,76,59,70,0,0,36,57,48,46,76,50,,
AI Engineer,BSc,76,2.3,65,74,1,4,62,82,56,44,45,0,71,51,56,56,71,55,,
AI Engineer,MBA,33,1.9,91,91,1,3,36,72,52,56,30,0,81,51,49,58,94,64,,
AI Engineer,MBA,79,1.7,67,72,1,4,71,87,61,37,27,0,76,58,58,77,72,73,,
AI Engineer,BE,66,1.3,48,95,1,4,58,79,70,63,0,1,72,64,51,59,82,49,,
AI Engineer,BCA,60,4.2,91,85,2,4,83,71,66,50,100,2,87,52,78,86,77,71,,
AI Engineer,MTech,53,1.6,69,78,1,4,71,88,32,41,0,3,85,58,39,59,81,77,,
AI Engineer,MBA,72,3.8,61,97,0,3,64,92,57,29,22,0,78,47,72,65,70,74,,
AI Engineer,BE,29,1.2,63,68,4,3,56,68,45,65,13,0,64,37,62,59,53,44,,
AI Engineer,MCA,54,4.2,77,90,0,3,61,74,62,62,65,1,81,60,57,97,96,47,,
AI Engineer,MSc,80,2.5,87,84,1,5,71,90,65,64,20,2,85,41,48,64,61,53,,
AI Engineer,MCA,56,1.9,74,68,3,2,31,75,36,64,41,0,53,50,70,63,87,39,,
AI Engineer,MTech,63,0.5,66,55,6,3,70,84,74,56,0,0,77,30,19,46,80,38,,
AI Engineer,MTech,57,3.5,70,94,2,4,30,82,60,56,0,0,76,83,54,76,81,69,,
AI Engineer,MCA,58,0.4,73,61,1,3,52,79,41,49,45,0,88,47,34,51,89,74,,
AI Engineer,MTech,52,1.8,70,90,2,4,76,70,54,59,38,0,89,29,71,77,76,96,,
AI Engineer,MCA,67,2.8,67,81,2,5,77,66,66,73,61,0,76,35,71,69,81,49,,
AI Engineer,MSc,86,2.3,81,100,0,3,63,71,30,61,67,1,100,58,59,71,83,67,,
AI Engineer,MCA,53,6.4,61,98,1,4,72,74,70,57,65,2,85,52,54,94,92,71,,
AI Engineer,BTech,39,1.0,66,83,2,3,55,69,46,58,21,0,75,63,58,72,77,68,,
AI Engineer,BSc,51,1.7,47,87,3,3,55,74,50,57,62,1,79,37,41,75,83,41,,
AI Engineer,BE,58,2.4,79,91,2,4,52,73,50,62,50,0,72,42,76,75,87,59,,
AI Engineer,BTech,55,3.3,64,62,3,3,86,92,74,47,19,0,61,50,61,65,86,68,,
AI Engineer,MCA,67,0.8,76,52,5,4,54,70,61,68,17,4,99,60,53,70,87,46,,
AI Engineer,BSc,42,3.5,71,85,3,2,74,81,35,48,0,1,67,55,74,63,48,61,,
AI Engineer,BTech,81,1.0,54,93,2,1,67,71,42,48,0,1,56,27,77,59,75,51,,
AI Engineer,BSc,49,0.9,58,93,1,5,63,88,55,56,62,0,84,59,65,79,83,72,,
AI Engineer,BTech,66,1.8,54,86,2,4,75,85,49,74,50,0,63,63,63,73,87,54,,
AI Engineer,MBA,80,2.2,53,73,2,3,66,95,47,51,49,0,81,73,62,74,79,49,,
AI Engineer,BE,74,1.9,83,99,0,1,41,99,33,51,0,0,41,76,55,71,67,59,,
AI Engineer,BCA,95,2.3,69,84,2,4,69,87,46,54,24,1,67,61,32,54,64,70,,
AI Engineer,BSc,32,2.4,64,74,2,4,90,46,63,50,67,3,69,53,56,96,95,64,,
AI Engineer,BTech,80,1.6,79,73,3,2,57,96,42,36,0,1,69,76,69,39,50,66,,
AI Engineer,MBA,17,4.1,81,100,1,1,31,80,69,55,24,1,75,59,47,65,87,53,,
AI Engineer,BSc,64,2.3,56,89,2,4,60,63,62,62,67,2,82,46,45,78,94,43,,
AI Engineer,BSc,84,3.0,83,71,2,4,63,85,41,46,0,2,88,87,60,48,73,87,,
AI Engineer,BBA,49,4.7,69,100,0,2,55,100,62,65,15,0,51,51,41,54,64,45,,
AI Engineer,MCA,72,2.1,57,93,1,1,51,83,46,61,60,1,61,68,54,66,90,71,,
AI Engineer,MSc,84,1.5,76,85,3,4,69,61,46,70,0,1,64,67,63,63,81,81,,
AI Engineer,BTech,71,2.0,80,73,2,3,68,71,59,62,41,0,72,72,44,84,89,51,,
AI Engineer,MTech,64,1.2,66,64,1,5,71,89,38,58,81,3,86,51,32,74,93,65,,
AI Engineer,BTech,22,3.0,78,60,2,3,62,65,63,48,78,1,78,51,66,88,68,70,,
AI Engineer,BCA,83,3.3,69,87,1,6,85,75,64,64,62,0,79,49,57,90,89,47,,
AI Engineer,MCA,63,0.3,70,66,0,1,45,84,37,45,40,0,95,46,29,63,73,58,,
AI Engineer,MBA,84,1.8,74,85,1,5,65,81,40,43,0,0,80,61,51,63,69,66,,
AI Engineer,BTech,78,3.3,70,80,3,4,69,89,78,49,43,0,80,75,55,78,92,80,,
AI Engineer,MSc,61,3.0,57,70,2,5,64,80,71,76,0,0,72,45,45,67,76,31,,
AI Engineer,BE,74,1.9,81,77,1,4,69,79,26,86,30,3,86,63,63,45,73,62,,
AI Engineer,BTech,41,1.4,65,80,2,4,58,77,57,61,24,0,89,70,52,43,82,70,,
AI Engineer,BTech,81,1.1,72,64,2,2,53,80,66,63,0,0,82,61,46,65,88,29,,
AI Engineer,BCA,48,1.7,53,75,2,3,43,82,67,43,27,3,90,56,63,50,89,76,,
AI Engineer,BTech,71,1.6,66,94,1,4,69,78,44,54,35,0,76,75,74,71,74,70,,
AI Engineer,BTech,48,1.3,53,93,2,2,61,63,59,64,36,1,76,42,47,76,91,34,,
AI Engineer,BTech,55,1.7,58,52,3,3,31,83,29,47,63,0,81,52,61,65,89,52,,
AI Engineer,BSc,54,2.4,81,68,1,4,87,71,47,70,78,3,66,39,54,92,74,63,,
AI Engineer,BCA,42,1.7,78,59,3,2,68,71,54,65,50,1,58,58,55,81,74,56,,
AI Engineer,BTech,85,0.6,70,84,1,3,67,88,42,47,25,2,85,82,69,60,64,57,,
AI Engineer,BTech,63,1.2,68,89,3,2,65,71,47,60,17,1,67,45,52,64,78,73,,
AI Engineer,BCA,52,0.9,64,58,5,2,44,72,38,56,0,0,52,40,67,55,41,33,,
AI Engineer,BE,85,2.6,56,75,2,3,62,92,48,36,58,0,83,88,70,85,73,49,,
AI Engineer,MSc,93,3.2,64,83,1,5,72,81,83,49,79,5,73,61,56,93,90,54,,
AI Engineer,MSc,47,2.3,78,69,2,2,47,61,52,59,35,2,67,51,53,82,64,36,,
AI Engineer,BSc,29,2.8,71,94,1,3,78,72,35,49,18,1,68,55,74,83,58,60,,
AI Engineer,MTech,52,1.7,73,73,2,4,68,71,69,57,71,2,81,61,68,81,64,44,,
AI Engineer,MSc,80,3.1,84,85,1,3,69,80,50,57,0,3,57,40,56,70,73,76,,
AI Engineer,BE,69,5.7,60,95,0,4,73,60,74,52,46,2,77,53,49,88,88,83,,
AI Engineer,BE,70,0.7,37,47,4,5,57,72,51,58,35,3,75,54,60,66,71,44,,
AI Engineer,BCA,77,3.0,72,81,3,4,75,76,57,68,0,0,69,45,49,79,79,41,,
AI Engineer,MTech,56,1.1,65,90,2,3,73,74,48,60,0,0,70,35,29,63,88,66,,
AI Engineer,MBA,75,4.1,56,67,3,3,61,54,89,88,56,0,85,79,41,74,74,76,,
AI Engineer,MTech,74,0.8,60,58,4,4,58,75,73,59,41,0,89,82,48,71,91,48,,
AI Engineer,MCA,73,2.0,67,85,0,3,73,82,50,80,0,0,78,51,63,43,93,60,,
AI Engineer,BTech,79,3.1,87,95,2,5,56,73,50,49,0,0,73,65,68,53,75,43,,
AI Engineer,BE,44,2.3,67,51,3,4,92,77,47,78,0,2,82,77,51,47,64,50,,
AI Engineer,BTech,77,1.9,85,83,1,4,57,88,57,63,33,0,63,70,39,71,80,72,,
AI Engineer,MBA,67,0.4,64,90,1,0,54,85,49,58,0,0,68,67,54,46,92,65,,
AI Engineer,BE,55,1.3,60,47,5,4,63,65,41,39,73,3,85,30,38,67,74,51,,
AI Engineer,MCA,68,0.7,52,96,1,1,57,82,49,62,42,1,54,83,60,64,86,77,,
AI Engineer,BSc,47,1.0,52,72,1,3,81,62,53,60,33,2,68,63,49,75,89,52,,
AI Engineer,BE,82,1.8,69,91,2,1,54,70,53,38,0,1,50,55,65,44,74,66,,
AI Engineer,BE,86,0.9,71,70,3,4,60,82,44,60,0,3,79,81,60,50,94,62,,
AI Engineer,PhD,46,4.9,84,100,0,7,67,78,88,52,69,5,93,74,72,88,86,60,,
AI Engineer,BTech,86,5.6,80,88,0,2,60,81,56,46,44,0,56,71,39,72,76,56,,
AI Engineer,BE,36,2.0,48,86,2,2,70,73,54,58,75,0,76,43,53,61,94,54,,
AI Engineer,MTech,35,3.2,80,80,2,3,50,84,43,41,39,0,52,81,61,73,65,57,,
AI Engineer,MSc,84,1.2,80,81,3,6,74,73,65,70,0,1,88,62,58,70,74,78,,
AI Engineer,MSc,89,2.7,76,88,0,3,58,77,38,33,60,1,81,66,50,79,93,46,,
AI Engineer,BCA,34,1.3,63,51,4,3,41,64,48,48,17,3,75,31,68,60,48,54,,
AI Engineer,BTech,73,0.8,56,80,1,3,65,74,60,61,28,2,69,69,57,75,67,29,,
AI Engineer,MBA,74,1.6,60,94,2,2,55,72,62,52,0,0,70,75,53,60,87,52,,
AI Engineer,MBA,49,1.3,53,81,1,4,89,81,46,51,54,3,79,46,28,67,88,65,,
AI Engineer,MTech,69,2.5,83,66,4,5,66,69,52,77,55,2,76,78,73,62,78,65,,
AI Engineer,BE,64,2.7,70,86,2,3,79,45,62,43,60,0,74,57,74,82,76,60,,
AI Engineer,BTech,51,1.9,68,87,0,2,59,71,49,53,0,0,64,53,76,77,72,73,,
AI Engineer,BTech,52,0.5,46,41,2,2,54,68,47,58,29,0,82,50,39,66,73,57,,
AI Engineer,BTech,70,1.0,59,85,1,2,47,63,51,73,27,0,75,54,63,75,58,55,,
AI Engineer,MBA,79,0.8,53,89,2,2,62,87,49,47,0,1,72,60,46,43,77,71,,
AI Engineer,MCA,42,1.4,53,80,3,2,72,51,54,59,73,0,67,47,64,70,84,50,,
AI Engineer,BE,72,2.8,46,76,2,3,56,59,76,87,51,0,90,53,42,86,69,66,,
AI Engineer,BTech,76,0.1,54,75,3,5,72,72,48,57,0,0,79,68,70,78,62,39,,
AI Engineer,BTech,62,2.3,84,95,1,3,45,85,65,35,31,2,77,74,57,88,75,56,,
AI Engineer,MSc,73,1.5,62,74,3,2,60,77,46,33,22,1,64,55,54,53,84,67,,
AI Engineer,BTech,80,1.4,67,70,3,4,66,91,46,75,70,0,69,54,59,82,91,69,,
AI Engineer,BE,66,2.2,65,68,4,5,57,71,56,56,88,0,79,59,56,75,88,73,,
AI Engineer,MBA,81,0.7,75,73,3,2,74,83,51,64,69,0,71,44,84,55,82,50,,
BI Analyst,BTech,72,1.2,59,100,1,6,88,58,50,54,42,0,61,36,43,95,100,91,,
BI Analyst,BTech,36,1.1,40,81,2,3,81,77,65,80,0,3,26,24,48,65,100,63,,
BI Analyst,BE,31,1.6,66,54,4,5,75,75,56,65,0,5,100,47,55,58,50,63,,
BI Analyst,MSc,78,1.2,56,90,2,4,58,88,28,98,59,1,86,67,78,56,86,35,,
BI Analyst,MCA,23,3.1,61,98,3,6,92,61,61,30,74,0,86,65,63,53,77,74,,
BI Analyst,MSc,34,5.9,80,85,2,8,100,89,77,46,99,5,100,64,77,100,97,81,,
BI Analyst,BCA,69,0.5,75,72,3,4,52,75,56,59,0,0,72,59,48,43,54,76,,
BI Analyst,BTech,46,4.6,75,64,1,1,45,100,75,68,66,1,89,67,31,83,73,80,,
BI Analyst,BE,45,0.1,64,85,0,3,42,53,38,83,49,0,84,55,46,28,75,41,,
BI Analyst,MSc,84,1.4,38,100,2,2,34,60,67,59,0,1,87,56,44,60,73,62,,
BI Analyst,BE,70,0.5,100,91,4,1,75,63,66,64,44,0,77,34,52,67,96,60,,
BI Analyst,MSc,31,0.3,49,40,2,3,55,87,64,30,0,0,55,89,47,70,100,26,,
BI Analyst,BTech,64,1.6,86,82,0,2,94,77,46,45,0,1,86,60,41,65,90,54,,
BI Analyst,BE,94,1.5,100,100,2,1,76,96,27,52,50,0,57,97,67,77,77,58,,
BI Analyst,MSc,70,1.3,31,64,0,4,72,76,73,41,39,4,100,52,92,77,84,58,,
BI Analyst,MTech,79,1.7,73,100,1,4,49,83,53,53,99,3,50,82,39,85,100,64,,
BI Analyst,BTech,76,0.2,58,100,1,3,66,83,34,67,46,0,86,58,77,74,99,37,,
BI Analyst,BSc,62,0.8,50,62,3,3,55,95,22,90,0,1,61,7,42,66,70,43,,
BI Analyst,MTech,87,1.7,85,76,1,5,76,94,89,50,65,0,72,51,62,100,98,49,,
BI Analyst,MCA,89,0.7,50,72,5,2,71,62,46,35,55,0,100,94,46,55,69,54,,
BI Analyst,BSc,33,0.6,70,31,8,4,83,77,32,51,0,2,67,20,62,54,64,50,,
BI Analyst,BTech,57,2.1,44,73,5,2,45,69,52,44,0,0,26,36,26,61,66,88,,
BI Analyst,Diploma,48,2.8,51,100,3,6,71,68,79,62,0,6,86,78,61,82,49,56,,
BI Analyst,BBA,92,0.6,50,76,2,1,50,82,28,40,0,0,56,50,46,89,69,59,,
BI Analyst,BTech,66,1.9,86,87,1,5,65,72,65,44,0,0,69,27,77,60,62,62,,
BI Analyst,BTech,69,7.1,100,60,1,5,68,81,93,29,84,5,100,58,79,73,100,41,,
BI Analyst,MCA,74,7.9,67,100,2,4,99,100,76,47,62,2,73,51,71,95,87,64,,
BI Analyst,BE,75,1.4,69,78,2,1,59,78,30,48,28,0,81,72,45,58,64,45,,
BI Analyst,BTech,65,3.8,89,100,0,3,40,89,55,81,44,2,98,100,64,83,100,38,,
BI Analyst,BE,90,1.6,46,57,2,4,82,100,63,67,0,0,84,55,47,68,100,70,,
BI Analyst,BTech,71,1.1,52,100,2,3,81,75,43,46,55,0,51,70,72,68,91,61,,
BI Analyst,BTech,56,0.6,74,34,5,1,54,49,72,98,0,1,54,58,42,46,68,39,,
BI Analyst,BSc,82,0.7,77,66,2,1,69,43,31,62,0,0,65,100,39,76,54,67,,
BI Analyst,MTech,76,1.6,90,100,2,6,62,100,63,66,100,0,95,72,88,77,100,48,,
BI Analyst,BE,55,1.0,48,60,4,1,41,54,65,65,0,0,40,49,66,75,67,37,,
BI Analyst,MTech,74,0.9,51,87,3,3,54,64,48,62,0,1,50,30,55,57,83,49,,
BI Analyst,MSc,67,1.8,55,66,6,4,63,58,98,46,0,2,100,53,64,34,52,90,,
BI Analyst,BE,62,2.3,80,60,6,4,67,67,57,60,65,1,99,49,71,82,58,46,,
BI Analyst,MCA,94,1.1,48,37,4,2,52,63,93,63,0,2,72,36,79,48,100,53,,
BI Analyst,BTech,65,3.9,68,100,0,5,72,100,45,84,78,3,100,71,52,99,99,76,,
BI Analyst,MCA,59,1.1,47,100,1,6,53,100,70,93,77,0,86,80,72,72,99,85,,
BI Analyst,BTech,63,1.3,82,76,5,3,40,71,64,69,0,0,62,100,52,55,55,68,,
BI Analyst,MCA,32,2.5,56,84,2,2,69,93,47,46,0,1,44,77,52,64,87,64,,
BI Analyst,BSc,69,3.1,90,80,2,7,100,92,100,35,79,3,94,66,83,85,89,82,,
BI Analyst,MTech,49,2.1,62,93,0,6,86,83,53,21,60,1,83,62,61,60,98,72,,
BI Analyst,BTech,65,1.9,69,100,0,1,68,79,62,53,0,0,53,66,62,54,44,45,,
BI Analyst,BSc,87,1.8,89,81,3,2,45,72,82,7,0,0,63,55,45,57,61,41,,
BI Analyst,BTech,51,2.9,56,90,1,2,67,77,67,71,57,0,90,65,77,54,100,53,,
BI Analyst,MCA,31,2.4,68,88,2,6,50,53,62,46,100,0,100,66,27,70,100,76,,
BI Analyst,MCA,28,2.0,89,64,4,1,79,90,51,47,36,0,100,20,27,59,66,43,,
BI Analyst,BE,92,0.1,50,73,5,2,57,72,56,34,0,2,75,18,66,36,37,19,,
BI Analyst,MBA,50,3.2,94,100,1,1,46,77,79,58,0,0,77,42,35,61,77,54,,
BI Analyst,BBA,59,1.5,89,100,0,3,50,70,38,88,99,0,62,67,67,100,100,47,,
BI Analyst,MTech,74,3.6,80,7,5,3,51,47,38,43,0,0,44,71,58,61,46,68,,
BI Analyst,BTech,87,1.6,38,82,3,2,55,87,55,20,0,2,47,50,81,50,52,55,,
BI Analyst,BBA,81,1.2,40,88,1,4,79,89,38,79,34,4,92,67,46,97,76,60,,
BI Analyst,BTech,77,3.2,67,79,3,6,52,67,34,21,93,1,79,69,46,89,81,80,,
BI Analyst,Diploma,80,2.1,100,84,2,7,85,89,72,64,100,7,100,82,66,72,70,35,,
BI Analyst,BTech,88,2.9,78,89,1,4,54,65,46,61,65,1,100,26,41,73,55,68,,
BI Analyst,MBA,93,2.6,46,73,1,6,65,63,69,30,21,3,100,47,32,52,66,31,,
BI Analyst,PhD,82,0.8,41,53,4,4,60,98,41,65,0,0,43,60,35,72,66,69,,
BI Analyst,BE,79,3.7,63,70,2,6,64,44,86,60,50,1,83,54,67,64,70,64,,
BI Analyst,BTech,91,5.9,62,100,0,6,61,70,71,84,91,2,100,40,40,80,88,93,,
BI Analyst,BTech,42,1.1,100,82,1,3,69,61,43,52,100,0,68,64,21,83,83,43,,
BI Analyst,BBA,88,1.4,70,71,3,4,57,87,52,58,68,1,73,52,45,56,84,86,,
BI Analyst,BCA,26,1.1,44,64,8,3,57,70,43,70,0,0,54,61,76,67,54,68,,
BI Analyst,MCA,15,3.8,94,100,2,7,86,89,55,31,76,0,69,67,57,72,67,15,,
BI Analyst,MCA,90,2.2,89,58,6,6,94,83,84,77,61,3,92,71,56,75,100,93,,
BI Analyst,BE,83,2.5,77,94,3,4,57,84,27,50,79,2,84,67,90,53,96,63,,
BI Analyst,MTech,33,2.9,79,64,2,7,100,61,82,100,26,4,80,58,74,83,97,83,,
BI Analyst,MCA,58,0.7,79,80,3,6,49,90,63,78,0,3,61,58,90,62,92,38,,
BI Analyst,BTech,96,0.8,60,53,5,7,76,75,94,47,0,0,100,7,55,79,59,41,,
BI Analyst,MCA,61,2.9,80,80,2,3,66,81,25,58,79,3,99,82,75,85,42,87,,
BI Analyst,BE,45,1.4,68,99,1,4,100,93,61,66,67,0,70,65,14,98,91,23,,
BI Analyst,BTech,71,1.4,70,91,2,3,71,83,56,28,71,0,54,81,53,72,69,85,,
BI Analyst,BTech,66,3.1,61,82,2,5,74,95,50,81,55,0,79,35,49,85,100,80,,
BI Analyst,BE,68,3.5,48,92,0,3,64,68,22,84,51,1,88,36,68,82,90,25,,
BI Analyst,BE,81,5.3,28,94,2,4,80,89,81,37,88,2,100,58,67,100,92,74,,
BI Analyst,MTech,53,1.4,40,100,0,2,65,89,60,38,63,0,80,39,23,65,86,59,,
BI Analyst,MSc,84,5.2,100,97,0,4,95,83,42,51,83,0,69,40,59,100,72,91,,
BI Analyst,BBA,44,0.1,40,85,1,3,63,83,45,64,0,2,43,36,54,78,89,29,,
BI Analyst,BE,91,3.6,25,68,2,2,61,96,50,49,96,0,51,52,56,76,100,48,,
BI Analyst,BE,11,0.1,81,82,3,6,64,100,45,79,20,3,63,52,82,68,69,85,,
BI Analyst,MCA,36,2.4,49,80,3,2,93,96,91,55,0,1,63,77,66,79,100,74,,
BI Analyst,BE,91,0.7,74,53,3,3,68,70,73,58,0,0,59,75,47,76,69,68,,
BI Analyst,MCA,86,1.4,73,33,3,3,43,90,79,45,15,1,75,42,52,83,51,70,,
BI Analyst,Diploma,34,3.3,91,67,3,6,97,71,47,53,94,0,82,63,76,100,77,63,,
BI Analyst,MSc,83,1.2,40,96,0,5,75,92,61,89,0,4,74,50,39,62,94,62,,
BI Analyst,MCA,89,2.4,63,81,2,4,78,52,54,91,51,2,95,70,39,84,90,19,,
BI Analyst,BTech,85,1.3,100,97,1,2,35,100,45,29,53,2,59,59,28,58,91,8,,
BI Analyst,BTech,39,1.5,67,74,4,0,26,74,46,63,39,0,95,82,14,47,70,38,,
BI Analyst,BSc,68,0.9,82,77,3,5,63,90,81,70,46,4,100,39,44,60,59,58,,
BI Analyst,BTech,41,0.7,70,56,3,5,66,53,57,75,0,3,87,48,53,43,69,53,,
BI Analyst,BSc,95,0.7,82,100,0,6,53,65,47,69,0,5,86,69,73,58,73,36,,
BI Analyst,BE,76,0.3,100,67,2,0,54,66,54,47,33,0,52,51,57,53,70,21,,
BI Analyst,BBA,85,2.0,61,100,0,1,63,75,32,83,0,0,57,71,86,49,68,84,,
BI Analyst,BCA,61,0.4,37,68,5,3,99,63,63,44,90,0,83,64,70,94,79,68,,
BI Analyst,Diploma,62,3.0,82,96,3,4,66,65,79,55,69,3,92,44,51,55,83,87,,
BI Analyst,BTech,70,2.3,56,64,6,4,77,73,29,68,0,3,84,31,34,50,63,70,,
BI Analyst,BTech,22,2.0,41,82,1,6,79,65,75,86,0,2,64,57,47,36,75,86,,
BI Analyst,BSc,50,1.0,65,60,3,1,66,80,74,48,0,1,59,39,58,55,94,37,,
BI Analyst,BTech,90,3.0,80,66,3,7,55,60,54,74,100,4,95,40,49,98,91,58,,
BI Analyst,BTech,55,1.1,80,70,4,7,60,29,46,57,32,0,72,94,73,36,98,47,,
BI Analyst,BSc,22,0.9,81,60,4,3,73,63,64,58,0,1,85,66,80,35,74,35,,
BI Analyst,MTech,57,0.6,50,83,2,4,68,65,72,65,0,0,82,57,42,49,62,70,,
BI Analyst,MSc,22,1.1,100,98,0,4,85,62,89,67,100,0,96,61,50,75,100,61,,
BI Analyst,BTech,49,0.5,87,66,2,4,74,86,38,49,0,1,89,56,72,33,54,69,,
BI Analyst,Diploma,69,4.7,100,93,0,3,64,100,56,38,100,1,65,41,83,80,100,51,,
BI Analyst,BBA,82,0.4,55,100,0,0,66,81,51,67,0,0,57,48,49,51,100,65,,
BI Analyst,MCA,84,0.4,75,70,5,2,63,75,33,54,0,1,55,86,55,81,82,59,,
BI Analyst,BE,44,3.2,89,61,1,3,69,83,71,52,71,0,55,60,66,83,83,64,,
BI Analyst,BTech,36,0.9,62,64,2,3,55,92,17,49,0,3,73,64,37,15,49,32,,
BI Analyst,BTech,75,0.5,81,61,4,4,77,42,52,87,36,4,85,78,58,66,52,59,,
BI Analyst,MBA,23,0.3,72,56,2,5,76,57,49,77,56,5,79,44,55,69,84,61,,
BI Analyst,BE,81,5.9,86,74,2,0,68,69,61,52,70,0,59,51,79,100,90,69,,
BI Analyst,MTech,89,2.1,42,79,2,3,44,73,89,53,68,3,79,75,63,64,80,59,,
BI Analyst,BTech,69,2.1,58,89,1,3,66,79,59,67,53,2,84,66,30,63,100,44,,
BI Analyst,Diploma,92,2.7,44,92,3,2,64,100,58,100,74,2,82,73,68,91,91,77,,
BI Analyst,BTech,60,0.7,59,97,0,4,59,55,40,100,0,0,84,86,39,44,71,34,,
BI Analyst,MBA,91,1.7,57,100,1,3,61,96,81,53,42,0,83,74,66,37,78,33,,
BI Analyst,BBA,57,0.4,55,68,6,2,22,100,50,69,71,0,98,42,48,51,94,56,,
BI Analyst,BCA,78,0.3,60,68,5,6,50,83,57,84,58,0,100,25,54,79,84,34,,
BI Analyst,BTech,71,0.5,38,81,3,2,63,54,69,43,0,1,39,87,63,48,46,64,,
BI Analyst,BSc,47,0.2,66,64,2,1,33,84,51,54,30,0,77,70,28,59,81,57,,
BI Analyst,MTech,68,1.6,84,74,1,2,83,100,22,71,43,0,57,100,21,100,70,65,,
BI Analyst,BE,12,1.6,48,96,1,6,43,98,52,100,55,0,66,6,83,81,90,73,,
BI Analyst,BCA,55,0.8,57,76,3,5,68,81,25,75,0,0,38,24,69,36,60,58,,
BI Analyst,BSc,67,2.2,100,81,1,3,48,87,48,49,5,2,91,73,52,57,77,40,,
BI Analyst,BTech,61,2.1,54,70,4,1,71,54,57,45,51,0,68,52,64,57,73,58,,
BI Analyst,MSc,67,6.0,92,100,0,2,68,74,45,66,80,0,64,74,79,62,100,74,,
BI Analyst,BCA,42,1.8,87,88,2,4,43,78,57,64,96,0,65,49,28,87,94,41,,
BI Analyst,MSc,80,2.0,85,86,2,6,67,100,84,65,70,4,81,74,46,84,88,73,,
BI Analyst,MTech,75,2.2,80,58,6,3,64,63,59,58,0,3,73,100,64,65,100,24,,
BI Analyst,MCA,74,2.4,90,85,0,4,61,57,67,69,63,1,76,55,79,71,91,56,,
BI Analyst,MBA,92,2.5,62,96,3,3,67,73,45,73,0,0,72,34,33,34,89,36,,
BI Analyst,BCA,97,0.5,44,45,7,5,67,38,91,60,0,0,60,76,46,53,79,59,,
BI Analyst,BSc,93,1.1,83,58,2,5,100,62,35,62,0,0,38,33,67,52,64,58,,
BI Analyst,BSc,82,3.4,60,100,3,2,68,87,70,82,48,1,52,99,44,80,61,44,,
BI Analyst,BE,47,1.2,45,100,3,1,71,89,58,47,29,0,58,44,55,100,77,25,,
BI Analyst,MSc,67,3.6,69,96,0,7,87,100,45,47,46,6,91,25,65,48,96,100,,
BI Analyst,MSc,44,2.4,60,100,2,3,49,60,68,49,0,3,78,94,59,37,82,74,,
BI Analyst,BE,96,1.0,82,92,1,0,80,84,42,43,0,0,63,58,75,63,42,70,,
BI Analyst,MTech,11,0.5,74,64,2,2,85,72,38,67,0,0,62,100,52,79,65,62,,
BI Analyst,BE,89,2.4,40,100,2,0,45,100,54,75,35,0,41,61,71,41,75,74,,
BI Analyst,BTech,76,0.4,68,74,4,2,77,58,50,66,0,0,49,57,60,60,79,45,,
BI Analyst,BSc,72,3.9,99,95,0,5,81,82,34,55,92,0,100,70,70,91,100,59,,
BI Analyst,MSc,71,3.5,82,70,0,1,62,99,33,54,27,0,96,79,55,58,87,64,,
BI Analyst,BTech,33,2.2,71,100,0,3,93,67,36,71,52,0,58,81,71,74,81,40,,
BI Analyst,MCA,77,0.9,42,39,4,4,67,57,21,35,76,0,73,64,48,83,68,51,,
BI Analyst,MSc,77,3.6,85,81,3,4,90,76,64,70,79,0,100,76,89,83,68,62,,
BI Analyst,BSc,92,2.3,54,100,0,4,86,100,55,85,0,2,93,66,66,69,80,59,,
BI Analyst,BTech,93,0.4,38,38,5,2,53,68,41,31,0,0,69,65,94,49,68,60,,
BI Analyst,MCA,80,1.6,63,82,0,5,57,69,62,97,100,3,93,68,35,80,85,51,,
BI Analyst,MTech,82,1.9,94,100,2,3,79,87,60,64,43,0,66,66,54,100,67,71,,
BI Analyst,BTech,72,2.3,81,100,0,9,97,77,63,76,24,7,97,81,60,72,69,48,,
BI Analyst,BSc,90,2.8,54,100,1,4,32,65,57,44,37,0,77,47,61,65,92,73,,
BI Analyst,BTech,87,0.1,45,38,7,1,40,29,42,39,0,0,59,44,78,61,59,76,,
BI Analyst,MBA,81,1.3,37,100,0,2,62,100,42,18,0,0,73,70,8,34,85,43,,
BI Analyst,BBA,46,2.9,77,93,0,4,100,86,55,59,75,0,82,96,55,100,100,69,,
BI Analyst,MTech,66,3.1,72,100,1,5,62,77,59,36,68,0,56,25,37,97,96,73,,
BI Analyst,BBA,65,2.9,77,91,0,4,79,76,51,60,69,0,90,65,49,87,79,68,,
BI Analyst,BE,70,1.9,75,93,2,2,70,65,44,74,50,0,82,34,60,74,93,44,,
BI Analyst,MSc,64,3.1,55,91,1,6,85,91,68,72,39,4,84,56,54,77,96,69,,
BI Analyst,MTech,63,1.2,59,93,2,4,73,77,54,64,27,0,58,47,37,75,87,37,,
BI Analyst,BE,49,0.8,58,59,4,3,52,54,62,69,0,0,62,49,59,61,68,45,,
BI Analyst,MCA,73,1.7,69,66,6,3,69,65,53,49,59,1,99,66,60,72,62,50,,
BI Analyst,BE,88,1.5,65,84,4,3,57,80,40,43,45,2,81,47,81,44,70,44,,
BI Analyst,Diploma,68,1.7,66,70,4,3,81,65,46,43,70,0,93,82,57,72,72,58,,
BI Analyst,BBA,63,1.1,64,86,2,5,65,91,64,64,35,3,62,54,50,80,88,51,,
BI Analyst,BE,82,5.2,59,95,1,4,86,85,64,43,87,0,87,51,64,100,84,81,,
BI Analyst,BE,78,1.1,68,95,2,0,78,85,47,44,11,0,61,53,67,76,55,54,,
BI Analyst,BBA,65,0.2,48,91,1,1,65,82,48,65,0,1,49,42,50,63,94,47,,
BI Analyst,BTech,64,1.1,47,100,1,3,75,80,49,44,61,0,62,60,53,66,89,59,,
BI Analyst,BE,45,0.1,54,85,0,3,51,65,42,76,28,1,67,48,48,48,80,36,,
BI Analyst,Diploma,47,2.8,52,99,3,6,70,69,79,63,0,6,86,77,62,82,48,55,,
BI Analyst,MCA,90,0.9,47,43,4,3,56,77,74,63,0,1,62,44,64,58,87,59,,
BI Analyst,BE,75,1.9,88,74,4,3,70,78,45,58,63,0,83,69,68,80,65,51,,
BI Analyst,BE,38,2.8,78,75,2,5,60,69,66,49,86,0,77,63,46,76,91,70,,
BI Analyst,MCA,87,1.2,57,52,3,1,56,70,67,57,0,0,76,50,66,51,86,50,,
BI Analyst,BBA,87,0.6,47,65,3,2,54,90,34,51,0,0,51,55,41,82,67,63,,
BI Analyst,BE,40,1.7,64,87,2,5,64,85,34,81,37,2,75,45,75,75,79,56,,
BI Analyst,BSc,61,2.0,62,86,2,2,51,85,48,73,23,1,94,75,35,56,74,47,,
BI Analyst,MSc,75,1.2,46,62,4,2,52,66,51,38,0,0,71,75,81,45,73,65,,
BI Analyst,BCA,58,5.4,58,85,4,4,83,88,64,56,38,0,66,54,73,84,75,65,,
BI Analyst,BE,56,0.8,66,89,3,1,64,81,58,48,31,0,57,48,55,83,74,24,,
BI Analyst,MTech,81,1.7,78,90,1,4,66,77,62,84,76,0,81,67,43,90,77,60,,
BI Analyst,MBA,88,2.4,61,77,2,6,65,77,74,42,37,3,93,55,37,65,74,46,,
BI Analyst,BTech,85,2.4,61,79,1,6,65,66,68,36,0,0,90,40,49,54,65,42,,
BI Analyst,BTech,64,0.6,87,62,5,1,65,57,70,81,0,1,65,46,48,56,83,51,,
BI Analyst,BE,94,1.6,51,73,4,4,63,86,77,57,15,0,74,31,63,64,65,55,,
BI Analyst,BBA,45,3.1,83,78,0,4,86,85,63,55,72,0,69,79,60,92,92,67,,
BI Analyst,BSc,77,1.5,81,98,0,5,70,73,50,66,28,0,85,79,68,75,84,48,,
BI Analyst,BTech,53,2.3,62,89,1,4,59,67,60,58,77,0,92,65,29,66,100,58,,
BI Analyst,BTech,58,1.8,67,89,0,4,74,68,50,85,79,2,75,74,52,77,83,46,,
BI Analyst,BTech,51,1.9,69,42,3,3,53,75,25,46,0,0,62,66,45,33,49,47,,
BI Analyst,BTech,64,0.8,50,100,1,3,66,86,47,53,56,0,83,49,51,70,93,48,,
BI Analyst,MTech,75,2.0,84,72,2,4,74,86,35,71,63,1,70,79,31,100,77,63,,
BI Analyst,BE,80,0.3,44,77,4,2,60,62,64,38,0,1,55,57,64,43,43,45,,
BI Analyst,Diploma,61,3.0,70,79,3,4,81,84,52,75,85,1,83,68,72,96,83,70,,
BI Analyst,BTech,70,2.8,81,90,0,6,85,86,52,69,25,5,98,81,58,67,75,55,,
BI Analyst,MSc,55,1.6,55,56,5,4,69,78,41,55,0,0,74,53,39,58,77,55,,
BI Analyst,MSc,40,3.7,89,88,1,5,76,93,45,41,53,0,80,72,55,66,75,34,,
BI Analyst,BTech,71,1.3,57,87,3,4,45,46,58,58,12,1,80,72,56,48,85,55,,
BI Analyst,BSc,80,3.8,89,83,1,3,82,68,41,65,0,0,53,56,74,58,84,68,,
BI Analyst,BCA,76,0.9,56,71,4,3,75,77,58,53,74,0,77,57,55,73,82,78,,
BI Analyst,BTech,73,1.2,58,95,1,3,65,81,46,68,50,1,85,63,55,68,98,41,,
BI Analyst,BSc,79,0.5,67,93,1,5,59,65,57,68,0,0,84,65,60,54,67,50,,
BI Analyst,BSc,68,0.6,44,73,3,3,59,73,46,65,0,1,48,51,53,57,58,55,,
BI Analyst,BSc,76,2.2,69,87,1,5,65,84,49,77,0,2,83,47,58,76,90,63,,
BI Analyst,BTech,64,1.4,45,86,2,2,64,64,69,53,0,1,59,79,68,50,66,61,,
BI Analyst,MBA,46,1.2,75,99,0,3,75,78,69,47,61,0,87,65,34,59,94,53,,
BI Analyst,BTech,64,2.4,73,82,1,3,83,87,49,64,0,0,82,48,46,75,95,69,,
BI Analyst,BE,62,0.9,75,95,2,1,71,73,64,54,51,0,78,35,40,66,91,59,,
BI Analyst,MBA,61,2.0,88,84,2,2,59,63,67,71,0,2,80,57,45,64,65,56,,
BI Analyst,BTech,56,1.0,63,85,3,1,44,77,40,65,40,0,91,71,42,60,84,38,,
BI Analyst,BSc,61,1.0,59,34,6,3,69,71,60,56,0,2,69,28,70,52,80,52,,
BI Analyst,MTech,72,2.2,70,71,4,3,67,71,60,62,0,3,77,85,49,63,100,32,,
BI Analyst,MSc,65,1.0,62,79,2,4,61,74,38,89,38,2,86,60,69,51,79,41,,
BI Analyst,BE,39,0.8,55,84,3,2,73,77,55,58,37,2,65,44,54,89,79,38,,
BI Analyst,Diploma,72,2.8,83,81,2,4,57,93,56,58,83,0,80,34,71,80,94,43,,
BI Analyst,BSc,66,1.8,65,85,2,4,80,85,59,75,0,2,90,67,70,56,77,51,,
BI Analyst,BTech,92,2.3,91,84,3,4,65,78,40,61,74,2,76,70,58,87,83,58,,
BI Analyst,BTech,45,2.2,94,70,1,3,70,73,58,52,83,0,63,63,45,82,84,55,,
BI Analyst,MTech,90,1.2,81,95,1,1,69,84,46,45,33,1,59,67,63,71,63,68,,
BI Analyst,MSc,78,0.7,52,99,1,4,69,87,45,76,0,0,81,56,62,67,96,48,,
BI Analyst,BE,44,0.2,78,77,4,4,63,88,39,67,10,2,60,67,70,75,75,74,,
BI Analyst,BTech,72,1.8,75,76,2,4,74,67,50,85,53,4,91,75,55,80,71,67,,
BI Analyst,BSc,71,0.6,78,72,3,3,60,63,46,70,0,0,63,82,62,70,71,55,,
BI Analyst,MCA,20,3.0,92,83,3,4,83,90,54,39,55,0,82,47,43,67,65,27,,
BI Analyst,MSc,48,1.1,75,99,1,3,83,69,64,56,75,0,71,65,61,73,95,60,,
BI Analyst,BSc,78,4.0,83,97,0,3,53,87,57,41,78,0,69,44,75,75,97,59,,
BI Analyst,Diploma,58,2.3,54,81,5,5,67,62,89,52,0,4,95,64,63,55,52,75,,
BI Analyst,BTech,45,0.3,81,71,3,5,72,68,49,84,29,3,75,66,69,67,60,71,,
BI Analyst,MSc,46,1.5,52,92,2,5,52,92,39,97,59,0,76,37,80,68,88,54,,
BI Analyst,MSc,86,2.0,47,96,2,2,50,94,42,84,46,0,61,63,74,47,79,57,,
BI Analyst,MCA,70,1.3,55,90,0,5,54,83,67,96,90,0,89,73,52,75,91,66,,
BI Analyst,BCA,62,3.3,74,89,1,4,69,78,34,70,40,0,52,49,75,49,80,67,,
BI Analyst,MBA,75,1.1,53,93,1,3,62,96,56,38,17,0,83,58,21,43,75,48,,
BI Analyst,BE,32,1.5,69,87,2,5,64,88,35,80,32,2,72,45,78,73,77,61,,
BI Analyst,MTech,58,1.4,79,100,1,5,82,97,62,65,84,0,81,68,49,88,94,36,,
BI Analyst,BTech,65,2.0,69,100,0,1,68,78,62,55,0,0,52,67,63,54,45,45,,
BI Analyst,BTech,54,2.1,78,97,1,2,52,67,62,76,0,0,80,61,36,55,74,46,,
BI Analyst,BE,64,0.9,71,62,5,3,67,76,42,57,0,2,71,72,55,72,71,61,,
BI Analyst,MCA,57,1.7,53,70,4,4,87,89,92,51,0,1,77,52,61,79,86,62,,
BI Analyst,BTech,61,1.5,57,100,0,4,61,92,66,76,0,0,73,74,68,64,77,67,,
BI Analyst,MTech,72,1.4,37,100,1,2,46,71,64,50,0,1,84,50,36,62,78,60,,
BI Analyst,BTech,64,2.7,71,83,4,4,70,69,60,61,0,3,89,39,44,52,75,79,,
BI Analyst,MSc,48,4.0,72,90,1,2,69,85,46,55,30,1,51,73,63,64,92,69,,
BI Analyst,Diploma,79,2.0,75,80,3,4,60,78,62,57,70,2,79,48,47,56,83,86,,
BI Analyst,MTech,39,0.5,64,66,3,2,80,68,41,55,0,0,76,99,50,70,66,59,,
BI Analyst,MCA,67,3.3,82,62,3,4,69,91,81,71,63,2,90,69,44,79,87,87,,
BI Analyst,Diploma,75,2.0,79,75,4,5,74,74,84,58,55,5,99,67,65,55,62,60,,
BI Analyst,MCA,69,3.2,37,98,2,5,67,94,76,64,80,0,95,67,69,88,96,79,,
BI Analyst,MCA,81,1.1,67,76,2,4,60,72,52,80,63,2,79,76,43,79,85,54,,
BI Analyst,BCA,31,1.6,47,70,6,3,72,81,62,64,0,0,57,68,71,72,73,70,,
BI Analyst,BSc,65,1.2,70,86,1,3,43,82,51,54,75,2,61,78,35,74,92,61,,
BI Analyst,BCA,61,1.0,56,83,3,3,56,62,65,52,38,1,48,72,50,62,64,55,,
BI Analyst,BTech,58,2.6,80,92,0,6,79,86,46,48,67,4,82,40,50,60,92,79,,
BI Analyst,MCA,64,1.3,72,81,3,3,56,71,53,50,76,0,80,71,36,72,84,47,,
BI Analyst,BSc,69,0.6,54,67,4,2,86,55,51,50,52,0,76,79,58,88,68,67,,
BI Analyst,BCA,39,0.3,57,60,3,4,86,60,55,64,71,3,81,54,61,79,81,62,,
BI Analyst,BE,72,1.5,95,95,2,2,63,88,40,56,70,0,61,76,50,82,84,50,,
BI Analyst,BSc,77,2.1,61,91,1,4,79,98,68,25,0,1,83,69,41,56,87,61,,
BI Analyst,BTech,79,1.0,52,89,3,3,77,69,44,42,55,0,71,79,62,63,83,59,,
BI Analyst,BTech,75,1.7,75,77,4,4,55,64,60,77,19,0,75,88,47,66,68,49,,
BI Analyst,MCA,83,2.3,77,60,6,5,87,79,65,73,38,3,90,56,49,64,87,84,,
BI Analyst,MTech,55,1.2,54,72,2,1,61,74,64,62,0,0,69,45,31,56,78,52,,
BI Analyst,MCA,85,1.3,87,68,2,3,38,96,60,38,35,2,66,52,40,70,71,37,,
BI Analyst,BTech,69,1.1,62,59,5,3,52,64,43,52,0,0,69,83,51,69,60,61,,
BI Analyst,BSc,76,3.2,79,89,2,5,89,90,88,53,67,2,78,77,67,83,79,67,,
BI Analyst,MBA,39,2.8,73,100,1,5,77,93,52,26,0,0,70,68,40,57,74,24,,
BI Analyst,BTech,77,3.4,80,68,1,3,58,83,42,61,57,0,97,61,52,74,88,61,,
BI Analyst,BE,80,1.6,48,60,4,4,75,83,77,59,2,0,90,54,53,54,82,77,,
BI Analyst,MSc,81,4.1,94,83,2,4,84,74,48,53,51,1,70,63,61,87,82,66,,
BI Analyst,BSc,67,1.9,88,85,3,3,45,74,71,34,0,0,64,52,37,70,77,43,,
BI Analyst,BTech,67,0.9,39,83,2,3,59,86,51,41,0,2,45,43,69,64,68,44,,
BI Analyst,MTech,33,3.0,85,65,3,6,99,67,64,76,61,0,80,60,75,91,86,73,,
BI Analyst,BSc,48,2.9,74,75,2,4,67,65,66,69,0,1,91,54,64,53,79,57,,
BI Analyst,MSc,40,1.0,61,61,2,3,72,68,69,51,0,2,91,62,84,51,79,43,,
BI Analyst,MTech,51,1.4,83,68,2,2,79,86,38,66,27,0,69,88,45,74,72,52,,
BI Analyst,BE,68,0.9,93,76,1,1,75,72,49,46,14,0,71,55,49,59,81,39,,
BI Analyst,BTech,60,1.2,55,61,2,4,70,95,40,58,0,2,79,60,41,41,74,50,,
BI Analyst,BBA,43,2.3,76,68,4,4,69,83,49,59,82,0,88,55,64,81,83,61,,
BI Analyst,MTech,77,1.8,96,91,2,7,73,94,68,65,100,0,97,77,78,76,85,41,,
BI Analyst,BCA,62,1.2,63,83,3,4,69,83,40,51,35,0,46,52,60,53,65,71,,
BI Analyst,MCA,58,1.5,58,87,3,4,53,60,53,57,35,1,68,44,44,62,89,59,,
BI Analyst,BTech,72,1.9,79,75,2,3,65,82,51,66,44,0,66,43,52,71,88,53,,
BI Analyst,BSc,73,0.8,75,88,1,5,53,75,36,61,0,4,81,66,59,43,63,34,,
BI Analyst,BE,83,4.0,90,76,1,2,74,82,66,35,41,2,80,57,76,68,70,57,,
BI Analyst,BE,50,1.0,49,95,0,2,55,77,53,56,55,0,82,45,32,52,82,52,,
BI Analyst,MSc,35,3.7,68,67,2,6,82,87,72,39,0,3,82,74,63,88,99,59,,
BI Analyst,BE,80,1.5,81,83,3,5,59,66,52,65,28,3,91,60,72,69,65,41,,
BI Analyst,BTech,68,2.3,55,80,4,3,48,67,51,50,23,0,54,33,33,66,64,81,,
BI Analyst,MTech,65,1.6,60,89,2,3,70,73,50,61,0,1,60,54,55,73,88,56,,
BI Analyst,BE,69,0.4,89,81,4,2,63,68,60,62,24,0,76,46,50,57,75,68,,
BI Analyst,MTech,67,1.2,42,77,1,2,61,79,72,47,37,1,77,37,43,59,92,56,,
BI Analyst,BBA,78,0.8,53,100,1,2,72,79,46,58,0,0,54,59,60,60,97,62,,
BI Analyst,MTech,52,2.3,71,48,4,1,36,64,42,55,0,0,76,78,30,53,60,50,,
BI Analyst,BSc,73,0.8,59,58,3,3,59,86,41,79,0,1,59,31,43,70,71,53,,
BI Analyst,BCA,57,0.3,70,67,2,2,40,81,52,56,0,0,75,66,36,51,71,65,,
BI Analyst,BBA,70,1.2,55,80,4,3,47,100,53,75,0,1,97,51,56,57,88,56,,
BI Analyst,MBA,81,1.3,47,95,1,3,60,94,34,60,32,1,80,68,45,46,86,37,,
BI Analyst,MSc,43,2.4,60,100,2,3,49,60,68,48,0,3,77,94,59,38,82,73,,
BI Analyst,BTech,61,2.6,70,75,2,3,64,81,56,90,0,2,82,67,48,79,88,62,,
BI Analyst,BTech,84,2.1,60,88,1,4,67,77,41,67,51,2,95,43,43,85,64,64,,
BI Analyst,BSc,74,0.8,50,68,4,3,63,79,34,62,0,0,81,50,44,60,70,49,,
BI Analyst,BTech,76,1.3,61,62,4,3,59,70,64,52,0,0,45,59,38,71,68,76,,
BI Analyst,BE,30,2.1,59,89,1,5,52,92,42,84,63,1,79,36,80,83,72,79,,
BI Analyst,BE,76,3.1,45,95,1,2,58,80,36,79,47,1,69,45,70,65,85,43,,
BI Analyst,BSc,77,0.6,70,98,0,5,56,60,44,86,0,0,86,78,56,51,72,36,,
BI Analyst,BTech,81,1.1,74,91,2,2,74,84,48,34,40,0,59,71,62,68,59,78,,
BI Analyst,BSc,58,1.0,62,62,5,4,78,66,38,66,0,0,47,47,71,60,58,64,,
BI Analyst,BBA,61,1.9,54,79,1,5,87,78,55,88,32,4,86,64,57,93,84,68,,
BI Analyst,BSc,62,3.2,84,93,0,5,84,82,41,41,78,0,92,66,67,78,100,65,,
BI Analyst,BTech,56,1.4,68,84,3,2,48,78,51,46,58,0,75,82,33,60,70,62,,
BI Analyst,BCA,59,1.2,41,70,5,3,77,65,59,45,51,0,58,52,49,78,74,78,,
BI Analyst,MSc,72,2.4,48,100,2,1,45,86,60,65,21,1,55,73,66,39,78,74,,
BI Analyst,BSc,79,0.6,78,72,4,3,64,81,52,60,16,2,71,68,51,73,74,59,,
BI Analyst,BTech,72,1.3,83,75,1,2,84,64,40,52,0,0,77,76,39,69,76,60,,
BI Analyst,BTech,57,0.5,67,54,3,6,76,65,71,63,0,0,88,26,55,74,72,51,,
BI Analyst,MTech,74,2.6,86,85,1,4,63,99,47,59,63,0,96,76,70,67,94,57,,
BI Analyst,BCA,68,0.9,53,68,2,4,62,75,65,52,0,2,86,56,69,59,70,67,,
BI Analyst,BE,80,1.6,82,59,4,5,87,63,43,62,25,0,63,39,69,63,62,52,,
BI Analyst,BTech,42,1.6,55,99,2,2,80,81,50,57,39,0,58,58,62,89,79,31,,
BI Analyst,MTech,36,1.8,67,64,2,5,70,79,43,67,9,3,75,60,51,40,67,52,,
BI Analyst,BTech,52,1.2,61,70,3,3,64,75,58,40,0,1,66,59,80,41,63,46,,
BI Analyst,MCA,48,1.8,67,81,2,3,66,91,60,57,22,2,68,61,48,63,75,61,,
BI Analyst,MBA,59,2.5,85,97,1,2,56,80,70,47,0,0,67,57,42,66,74,67,,
BI Analyst,BE,75,1.0,85,65,4,1,64,70,51,77,22,0,55,76,54,60,74,47,,
BI Analyst,MSc,63,1.9,78,97,2,3,74,69,62,70,41,0,81,45,40,50,93,47,,
BI Analyst,BTech,79,0.8,82,84,3,2,60,75,48,50,19,1,55,57,48,59,84,30,,
BI Analyst,BTech,57,1.5,98,89,1,3,73,71,49,56,78,0,68,65,32,88,77,54,,
BI Analyst,BTech,72,1.9,72,99,0,8,92,70,57,65,29,0,82,63,52,82,83,66,,
BI Analyst,BTech,50,1.4,69,62,4,2,52,53,71,76,0,2,64,75,49,43,74,54,,
BI Analyst,BCA,58,1.9,75,93,1,3,51,77,47,72,59,0,62,57,51,72,84,58,,
BI Analyst,BTech,88,0.8,82,88,3,2,44,90,49,32,0,2,64,45,42,50,71,13,,
BI Analyst,MTech,91,1.5,60,89,1,4,49,69,69,59,38,4,82,71,67,61,77,49,,
BI Analyst,BE,86,2.5,70,88,3,4,68,69,41,70,67,2,89,67,66,67,94,43,,
BI Analyst,BTech,88,2.0,61,60,4,7,71,61,90,53,0,0,91,27,59,72,64,51,,
BI Analyst,MTech,57,1.3,60,80,4,1,39,69,46,63,20,0,73,57,34,52,76,44,,
BI Analyst,BTech,53,3.3,68,98,0,4,80,88,41,79,68,2,84,74,60,89,92,63,,
BI Analyst,MTech,49,2.2,82,93,2,4,50,77,58,55,86,0,61,40,31,90,95,52,,
BI Analyst,BE,79,1.0,99,81,2,1,65,74,57,54,39,0,57,57,56,72,69,41,,
BI Analyst,MCA,91,1.4,53,60,2,2,57,67,70,71,0,1,65,50,81,48,89,66,,
BI Analyst,MSc,56,3.2,77,100,1,3,44,78,60,66,23,2,90,98,62,63,93,53,,
BI Analyst,BCA,81,0.7,45,48,4,2,71,63,81,57,34,0,77,47,76,65,92,59,,
BI Analyst,BTech,60,2.0,92,80,1,4,77,85,36,52,38,0,94,62,71,58,73,64,,
BI Analyst,BBA,89,1.1,52,66,3,6,77,81,72,60,14,0,97,33,52,86,65,49,,
BI Analyst,BE,87,1.0,87,90,3,1,76,81,36,59,0,0,54,81,63,70,79,51,,
BI Analyst,BSc,89,1.5,80,97,1,5,56,73,37,61,36,4,85,68,81,55,83,49,,
BI Analyst,BE,78,1.2,94,86,3,1,61,67,73,38,25,0,71,43,50,62,80,51,,
BI Analyst,BE,42,2.2,77,95,0,4,76,65,61,74,78,0,92,50,58,77,95,46,,
BI Analyst,MTech,59,1.6,79,83,1,3,90,97,36,70,52,0,60,89,18,99,77,51,,
BI Analyst,MSc,53,3.1,90,88,3,4,87,74,71,56,71,2,89,49,64,82,97,71,,
BI Analyst,BSc,55,0.9,77,65,3,5,63,70,69,73,20,3,93,43,49,52,64,54,,
BI Analyst,BTech,60,0.7,58,98,0,4,58,55,41,99,0,0,85,86,40,43,71,34,,
BI Analyst,Diploma,39,1.4,51,69,3,4,62,78,71,46,0,3,70,83,53,76,76,41,,
BI Analyst,BTech,65,1.0,68,74,2,3,67,87,44,38,0,1,72,54,75,39,54,63,,
BI Analyst,BTech,45,1.1,69,57,5,3,78,77,43,52,0,1,61,37,62,53,58,48,,
BI Analyst,Diploma,91,2.2,45,76,2,3,72,100,59,84,40,0,84,65,58,81,95,74,,
BI Analyst,BSc,68,1.6,65,81,1,6,75,87,42,83,0,4,78,45,51,68,70,45,,
BI Analyst,MCA,64,1.1,72,32,5,3,57,84,61,48,9,1,71,34,57,73,57,62,,
BI Analyst,BSc,70,2.0,71,91,2,5,89,83,69,41,64,1,71,69,79,77,90,71,,
BI Analyst,BCA,71,0.8,56,91,1,2,67,81,40,70,0,0,49,38,58,46,83,62,,
BI Analyst,BTech,69,2.7,57,71,4,4,76,82,38,74,0,2,82,32,39,64,76,73,,
BI Analyst,MTech,84,1.6,57,91,3,3,60,68,47,67,0,1,62,32,45,45,85,42,,
BI Analyst,BSc,58,2.4,82,78,1,2,48,91,53,46,62,0,71,57,55,69,90,55,,
BI Analyst,BSc,72,2.0,60,85,2,4,44,61,57,56,24,0,81,47,57,57,83,65,,
BI Analyst,Diploma,72,2.7,66,98,3,2,57,79,69,63,54,2,74,50,61,48,79,82,,
BI Analyst,BE,83,2.9,69,96,3,3,62,85,47,65,64,2,70,82,69,66,80,55,,
BI Analyst,BE,62,1.5,69,76,3,1,45,77,36,54,30,0,87,76,31,54,67,43,,
BI Analyst,BSc,67,2.1,49,100,2,3,52,78,58,44,30,0,67,45,57,83,84,48,,
BI Analyst,BTech,57,3.4,73,100,1,4,52,80,65,74,0,4,94,91,63,82,80,45,,
BI Analyst,MSc,54,1.6,54,66,2,3,61,87,66,53,0,0,53,93,46,75,82,34,,
BI Analyst,BTech,74,1.5,80,80,2,3,69,58,59,69,35,1,64,55,71,66,85,52,,
BI Analyst,BTech,72,1.9,63,77,4,4,74,78,41,48,0,2,69,56,43,60,66,76,,
BI Analyst,BCA,75,0.6,67,70,4,6,55,85,66,78,54,2,100,29,50,71,74,43,,
BI Analyst,MSc,61,1.3,37,87,0,3,67,84,67,40,54,2,88,44,51,70,85,58,,
BI Analyst,BE,87,3.5,42,98,1,4,83,95,67,65,39,2,96,63,66,82,85,67,,
BI Analyst,BTech,60,1.7,64,90,1,4,58,73,66,70,15,0,88,72,47,60,76,60,,
BI Analyst,BCA,39,0.8,74,85,2,4,91,62,78,57,96,0,90,63,58,84,91,64,,
BI Analyst,BTech,66,1.0,65,72,3,4,73,55,59,72,23,0,59,46,43,74,87,69,,
BI Analyst,BTech,69,2.1,75,78,3,5,69,72,51,53,0,1,73,29,60,57,62,64,,
BI Analyst,BTech,69,2.4,75,96,1,2,71,86,50,63,55,0,76,78,74,63,90,55,,
BI Analyst,MCA,77,1.8,63,47,3,2,58,72,84,59,0,0,66,44,74,61,92,58,,
BI Analyst,MCA,65,2.8,81,89,1,5,79,80,39,67,58,4,99,82,68,80,53,71,,
BI Analyst,BE,83,0.8,59,87,2,1,71,68,55,43,0,0,51,72,70,54,44,67,,
BI Analyst,BE,80,2.0,60,89,1,1,63,99,39,73,37,0,49,79,47,68,74,70,,
BI Analyst,MTech,69,1.1,65,77,3,4,58,97,39,81,41,0,74,32,60,72,82,46,,
BI Analyst,MCA,83,1.3,59,78,2,4,62,67,56,74,85,0,96,78,40,70,79,52,,
BI Analyst,BSc,66,2.1,88,87,1,2,56,84,53,51,0,1,78,71,57,55,66,41,,
BI Analyst,BTech,56,1.9,59,60,3,5,54,76,49,25,0,1,68,77,48,79,90,54,,
BI Analyst,MBA,85,1.1,72,79,2,2,66,63,49,58,14,0,71,91,49,60,62,54,,
BI Analyst,MCA,40,2.7,72,91,1,5,77,71,57,54,86,0,89,84,43,87,99,72,,
BI Analyst,BTech,72,1.6,61,63,3,4,54,82,33,85,37,2,73,19,44,78,78,49,,
BI Analyst,MSc,87,1.1,44,73,2,4,66,82,73,79,0,3,73,45,54,58,96,58,,
BI Analyst,BTech,63,2.6,58,76,3,3,71,73,52,61,54,0,73,45,57,71,85,69,,
BI Analyst,BSc,60,1.3,61,58,3,4,79,84,63,62,0,0,84,59,61,54,90,55,,
BI Analyst,BE,94,1.2,55,56,4,6,78,84,81,54,0,0,94,27,51,74,75,54,,
BI Analyst,BTech,80,0.8,59,75,3,6,69,67,71,70,0,0,93,42,48,64,65,39,,
Backend Developer,BE,95,1.0,66,94,0,2,73,90,26,87,44,0,57,57,93,72,80,50,,
Backend Developer,MSc,86,3.4,57,97,2,2,91,79,57,46,62,2,57,29,43,49,83,81,,
Backend Developer,Diploma,81,2.5,66,74,5,5,76,90,61,69,100,2,77,32,63,95,89,50,,
Backend Developer,MSc,5,0.5,41,62,2,4,52,74,76,77,0,4,69,66,26,86,72,11,,
Backend Developer,BSc,39,5.1,100,72,2,2,58,100,93,44,71,1,97,64,58,72,100,64,,
Backend Developer,MTech,79,0.4,78,88,2,3,48,67,42,66,0,0,84,87,60,65,84,72,,
Backend Developer,BTech,59,1.6,48,82,0,3,78,72,69,52,14,0,73,57,66,69,91,64,,
Backend Developer,BTech,91,1.8,78,70,0,1,70,93,72,13,52,1,68,44,72,82,94,82,,
Backend Developer,MTech,51,1.5,32,88,0,5,98,76,18,79,18,1,93,52,63,69,63,100,,
Backend Developer,BBA,71,1.1,73,26,4,1,55,80,43,46,47,0,56,49,37,53,77,78,,
Backend Developer,BTech,78,1.4,66,73,3,3,60,80,100,87,19,0,73,61,70,39,57,51,,
Backend Developer,BTech,52,1.6,73,61,0,2,12,78,35,61,55,2,59,42,57,58,96,55,,
Backend Developer,BE,33,0.8,59,83,0,5,74,100,47,83,92,3,75,100,77,81,100,57,,
Backend Developer,BTech,40,2.4,84,88,0,2,55,74,72,57,49,2,91,59,58,56,100,65,,
Backend Developer,BCA,67,1.7,75,71,4,6,76,69,57,85,71,1,97,12,65,67,80,76,,
Backend Developer,BCA,65,0.9,90,47,2,4,81,65,88,55,32,3,100,49,78,57,100,87,,
Backend Developer,MCA,74,4.9,89,63,3,5,78,87,74,52,0,2,86,70,47,79,83,88,,
Backend Developer,BBA,32,1.0,62,73,2,3,58,64,71,57,68,3,90,65,37,74,93,66,,
Backend Developer,BCA,45,6.2,100,67,1,4,88,82,54,51,55,1,68,57,87,79,57,52,,
Backend Developer,MSc,91,2.5,96,77,2,5,63,94,62,92,72,5,81,36,64,73,81,70,,
Backend Developer,MBA,49,5.2,87,73,1,7,86,100,67,76,50,4,90,59,90,93,77,80,,
Backend Developer,BTech,31,0.7,100,87,2,1,51,63,59,33,41,0,59,55,73,55,96,76,,
Backend Developer,BE,67,1.3,85,60,3,4,70,39,64,72,45,0,68,68,53,83,82,59,,
Backend Developer,MCA,54,5.4,90,49,3,4,32,85,63,55,71,3,100,68,82,59,100,84,,
Backend Developer,BTech,67,2.0,46,93,0,2,41,81,46,70,0,1,41,46,50,32,95,62,,
Backend Developer,MSc,69,1.3,56,100,1,3,62,67,19,51,70,1,71,31,43,100,100,17,,
Backend Developer,BTech,68,3.6,52,78,0,4,89,62,63,41,59,0,77,47,55,79,66,51,,
Backend Developer,BTech,91,2.1,72,96,1,5,63,58,64,48,62,5,84,42,62,79,100,74,,
Backend Developer,BBA,96,0.8,46,100,2,5,64,33,32,62,0,1,57,76,49,59,84,57,,
Backend Developer,BE,74,2.0,100,64,0,3,87,100,55,86,68,0,45,61,41,100,80,88,,
Backend Developer,PhD,76,1.3,47,90,1,2,45,78,55,41,65,2,52,53,43,69,100,76,,
Backend Developer,MSc,85,0.3,79,62,5,4,52,68,80,30,45,2,100,73,83,89,67,31,,
Backend Developer,BCA,83,1.5,51,72,4,4,48,95,67,40,0,0,49,72,48,61,72,49,,
Backend Developer,MCA,66,1.2,98,99,1,4,73,66,62,66,72,0,100,48,38,64,90,49,,
Backend Developer,MBA,57,3.8,95,78,2,5,86,84,51,63,54,4,97,63,63,56,80,39,,
Backend Developer,BE,83,2.7,65,80,5,3,91,69,54,20,18,0,68,36,75,68,61,23,,
Backend Developer,MCA,73,1.7,58,90,0,2,69,85,53,32,37,2,79,54,25,79,63,17,,
Backend Developer,MBA,93,3.5,47,75,4,6,66,100,55,91,0,5,66,89,96,43,57,88,,
Backend Developer,MCA,85,1.7,52,97,2,3,74,79,87,41,59,2,100,44,45,58,77,78,,
Backend Developer,BTech,84,0.7,47,75,2,3,55,73,47,24,13,0,82,61,53,53,69,42,,
Backend Developer,MSc,30,1.5,66,100,0,0,50,91,26,19,81,0,81,11,43,67,64,61,,
Backend Developer,BSc,33,1.1,70,78,2,0,50,100,34,40,0,0,43,36,50,78,53,31,,
Backend Developer,BBA,22,0.7,60,85,1,1,85,79,65,30,41,0,42,34,23,73,78,38,,
Backend Developer,MCA,63,1.6,66,38,2,5,76,44,58,59,41,3,96,99,55,69,71,86,,
Backend Developer,MSc,37,2.8,81,73,5,3,71,62,23,52,56,1,80,100,57,56,58,63,,
Backend Developer,BSc,59,0.8,82,54,3,0,59,72,54,83,0,0,71,67,51,54,62,29,,
Backend Developer,MCA,51,0.6,59,95,2,0,64,77,24,35,57,0,81,37,49,58,76,23,,
Backend Developer,BE,69,0.3,76,73,2,3,40,59,48,80,62,2,100,88,46,55,77,37,,
Backend Developer,BE,80,1.4,67,100,3,2,41,65,38,47,66,0,57,53,52,75,93,73,,
Backend Developer,MSc,39,3.6,26,100,0,4,73,74,57,52,37,3,84,33,47,64,100,87,,
Backend Developer,MSc,61,3.5,74,94,2,4,83,68,83,41,30,0,78,54,71,94,98,57,,
Backend Developer,Diploma,89,0.9,59,64,3,4,80,39,53,52,44,0,74,51,48,69,72,53,,
Backend Developer,BTech,58,0.3,39,73,4,0,50,65,25,74,5,0,48,58,45,33,84,50,,
Backend Developer,BSc,94,3.3,86,82,3,6,63,76,88,62,74,0,69,70,65,68,100,69,,
Backend Developer,MTech,78,4.1,85,70,6,2,52,62,58,50,67,1,68,88,20,76,81,53,,
Backend Developer,MSc,25,2.8,85,100,1,5,97,75,48,51,0,3,94,55,71,45,98,76,,
Backend Developer,MSc,92,1.3,100,75,0,3,61,81,68,49,89,2,94,19,45,100,97,46,,
Backend Developer,MCA,82,3.7,60,55,3,5,95,78,38,66,52,5,87,100,59,86,80,56,,
Backend Developer,BE,68,7.1,78,60,2,4,93,84,44,26,77,0,68,70,57,89,100,56,,
Backend Developer,BTech,36,0.3,55,70,4,4,79,63,45,60,80,3,70,28,59,94,90,55,,
Backend Developer,BSc,59,1.5,62,100,1,1,50,88,72,1,38,1,71,48,52,39,81,80,,
Backend Developer,BBA,79,5.5,44,97,0,5,91,89,51,21,100,4,99,100,41,95,100,58,,
Backend Developer,MSc,82,4.2,61,79,2,7,71,57,46,41,70,5,100,36,56,56,75,55,,
Backend Developer,BE,65,1.1,54,80,0,3,53,91,41,49,0,0,37,85,67,45,63,72,,
Backend Developer,BCA,81,3.7,82,89,2,4,81,54,80,73,89,2,69,58,52,92,92,49,,
Backend Developer,BCA,66,0.7,61,100,0,4,59,57,77,47,41,2,79,57,33,65,100,48,,
Backend Developer,MTech,68,3.0,100,84,0,0,20,82,69,85,48,0,67,39,34,55,83,77,,
Backend Developer,MSc,20,2.0,68,91,3,2,55,64,49,59,0,0,46,87,64,47,100,53,,
Backend Developer,BE,66,0.1,42,95,1,1,44,65,62,62,0,0,53,71,75,32,85,53,,
Backend Developer,BCA,81,5.3,74,67,5,4,79,95,57,43,100,2,77,21,61,100,100,31,,
Backend Developer,BE,66,1.3,33,100,1,0,41,89,74,26,55,0,42,87,60,50,99,50,,
Backend Developer,BE,85,0.6,69,77,2,4,63,74,72,51,85,0,80,72,52,73,89,57,,
Backend Developer,BTech,72,0.1,33,83,5,6,65,81,56,63,58,4,78,35,54,96,76,94,,
Backend Developer,MCA,48,2.2,63,91,0,4,35,58,49,100,94,2,88,59,23,75,100,41,,
Backend Developer,MBA,95,3.0,34,81,2,5,70,97,33,57,0,5,85,72,80,51,68,76,,
Backend Developer,MBA,89,3.1,100,100,1,4,100,88,74,51,62,3,92,53,91,58,100,71,,
Backend Developer,BSc,15,1.0,45,85,5,1,59,93,55,85,32,0,58,39,44,61,79,33,,
Backend Developer,BTech,60,1.8,71,82,1,2,82,85,30,80,0,1,42,53,80,43,88,34,,
Backend Developer,BTech,90,1.5,56,40,8,1,62,40,54,52,0,1,73,69,32,64,31,66,,
Backend Developer,Diploma,87,3.3,46,92,4,1,43,63,28,31,43,1,73,50,78,59,88,66,,
Backend Developer,BE,84,7.9,83,87,0,7,93,82,64,78,93,5,91,33,49,78,89,79,,
Backend Developer,BTech,72,7.3,77,84,0,4,85,72,65,53,100,4,53,37,17,90,88,70,,
Backend Developer,BTech,67,1.0,77,100,2,2,59,74,46,96,10,0,77,33,63,61,89,58,,
Backend Developer,MCA,92,0.7,51,87,2,3,60,74,44,51,93,0,67,75,3,100,91,40,,
Backend Developer,BTech,39,2.9,61,78,1,4,68,94,94,50,66,0,100,59,64,80,87,66,,
Backend Developer,BE,67,0.6,68,88,1,2,57,100,76,49,0,1,67,63,45,48,73,75,,
Backend Developer,BBA,18,0.8,96,99,1,5,84,67,77,45,21,1,79,26,81,74,58,41,,
Backend Developer,MTech,54,0.9,100,79,4,6,71,90,93,77,63,1,100,36,75,62,91,50,,
Backend Developer,BE,34,6.2,100,47,6,4,92,54,100,37,49,4,95,50,65,54,75,62,,
Backend Developer,BE,38,2.8,74,74,2,2,66,97,27,47,0,2,73,61,43,67,78,52,,
Backend Developer,BE,94,0.5,83,83,1,1,32,80,58,50,0,0,52,49,52,81,79,59,,
Backend Developer,BCA,99,1.8,99,100,1,5,85,93,48,72,49,0,82,64,85,98,80,82,,
Backend Developer,BE,92,1.2,69,75,0,5,75,65,58,35,66,4,87,66,69,97,75,47,,
Backend Developer,BTech,89,3.8,78,74,2,5,65,83,65,50,69,2,100,54,34,53,100,40,,
Backend Developer,BSc,55,2.2,63,84,4,1,28,51,47,77,0,0,44,60,62,74,57,44,,
Backend Developer,BCA,40,1.2,81,100,1,3,61,88,43,26,12,3,100,74,46,68,48,28,,
Backend Developer,MTech,54,2.8,52,80,3,2,68,48,74,51,54,0,65,58,53,71,95,49,,
Backend Developer,BTech,84,2.5,62,100,1,1,82,99,53,61,0,1,66,40,53,36,76,60,,
Backend Developer,BTech,82,3.1,94,93,3,3,76,95,36,64,53,1,83,78,49,78,70,54,,
Backend Developer,BTech,29,6.6,89,100,1,5,90,59,48,48,0,0,93,70,46,37,100,95,,
Backend Developer,MBA,70,5.3,75,100,0,2,70,85,42,23,38,0,72,54,29,54,70,68,,
Backend Developer,BTech,38,2.3,47,86,2,4,66,66,64,69,43,1,85,48,64,57,85,53,,
Backend Developer,MTech,85,3.5,62,83,0,2,54,78,42,28,0,1,75,32,55,49,53,77,,
Backend Developer,BSc,92,0.2,44,65,3,4,55,100,67,79,0,0,66,63,37,45,97,88,,
Backend Developer,MCA,37,1.3,68,96,0,2,48,95,79,30,0,0,44,47,63,19,85,55,,
Backend Developer,BTech,78,3.3,100,93,3,4,42,71,48,64,0,3,69,55,60,16,80,85,,
Backend Developer,MBA,88,0.3,62,71,4,0,45,77,77,55,54,0,100,42,51,75,48,40,,
Backend Developer,BTech,89,1.5,57,60,4,3,57,42,54,69,0,0,53,85,76,76,82,75,,
Backend Developer,MCA,28,1.3,73,81,1,2,62,62,90,58,30,2,89,52,27,53,98,69,,
Backend Developer,MSc,62,4.8,58,86,3,3,35,100,62,64,78,0,78,42,43,87,83,69,,
Backend Developer,BTech,64,3.1,66,54,6,3,66,63,74,47,29,2,49,72,62,62,78,66,,
Backend Developer,BE,81,1.7,56,60,2,2,65,63,51,57,82,0,94,45,73,55,100,77,,
Backend Developer,MCA,70,0.9,89,96,2,4,76,68,81,73,0,2,36,92,61,58,89,78,,
Backend Developer,BBA,78,6.0,100,100,1,5,75,68,65,76,82,3,100,67,40,57,100,61,,
Backend Developer,MSc,87,1.1,72,100,1,3,85,90,54,62,15,0,72,39,56,97,78,46,,
Backend Developer,MSc,44,6.9,61,63,3,5,100,91,89,79,100,3,67,47,66,92,100,75,,
Backend Developer,BE,85,1.2,67,88,1,5,63,91,79,33,41,3,98,61,73,63,33,56,,
Backend Developer,BTech,83,3.1,53,85,2,0,57,69,85,48,56,0,47,100,34,85,94,59,,
Backend Developer,BTech,50,3.7,57,55,6,5,64,61,98,100,61,4,91,62,73,89,96,40,,
Backend Developer,BTech,78,2.5,85,35,4,4,74,36,46,58,68,0,100,63,28,96,90,55,,
Backend Developer,MTech,13,2.0,38,90,2,7,61,100,61,51,89,1,100,43,46,89,100,59,,
Backend Developer,BE,93,4.6,81,100,0,4,100,72,59,47,61,3,83,51,45,83,80,75,,
Backend Developer,BBA,80,0.7,69,74,4,1,56,100,76,34,63,0,66,75,51,99,70,49,,
Backend Developer,BBA,66,1.2,82,100,1,0,60,77,36,63,17,0,72,54,53,57,92,45,,
Backend Developer,MCA,50,1.4,66,60,0,2,67,85,24,35,34,0,66,39,76,39,70,79,,
Backend Developer,BTech,95,2.1,78,100,0,3,83,63,56,63,0,2,60,88,50,32,88,40,,
Backend Developer,BSc,78,6.9,93,90,3,3,78,92,56,48,25,1,51,74,41,48,90,54,,
Backend Developer,MCA,71,2.9,67,100,2,3,76,100,59,71,100,1,67,79,56,88,100,55,,
Backend Developer,Diploma,72,3.6,74,90,3,4,75,82,100,36,100,1,100,46,75,92,100,49,,
Backend Developer,BTech,88,0.9,60,100,1,3,50,83,71,76,34,0,70,43,33,62,88,55,,
Backend Developer,MSc,81,1.2,65,91,2,4,71,89,27,53,0,4,80,67,47,64,53,99,,
Backend Developer,BE,74,3.6,58,75,1,6,91,91,45,72,81,6,100,44,94,56,71,64,,
Backend Developer,BTech,46,1.0,56,28,4,3,55,75,75,90,0,3,46,56,23,52,93,35,,
Backend Developer,BE,68,0.7,52,47,4,7,79,63,76,63,0,6,54,47,88,71,76,83,,
Backend Developer,MCA,94,0.5,60,61,3,5,90,69,31,86,0,4,67,51,45,73,59,72,,
Backend Developer,Diploma,19,5.7,64,84,3,8,100,65,36,58,79,4,80,42,74,87,85,74,,
Backend Developer,BE,34,0.9,67,68,2,0,57,85,50,52,0,0,53,59,44,43,74,88,,
Backend Developer,MCA,62,3.6,82,92,1,5,90,79,90,48,0,1,63,71,69,46,68,63,,
Backend Developer,BTech,93,1.6,59,82,4,2,69,91,74,59,62,0,58,35,66,100,91,48,,
Backend Developer,MTech,75,0.9,75,60,3,2,66,95,51,58,32,1,68,39,53,68,89,35,,
Backend Developer,BTech,57,0.7,58,74,3,3,63,58,54,54,12,0,67,63,54,50,34,67,,
Backend Developer,BE,76,0.9,67,89,6,0,31,75,27,54,0,0,63,67,62,41,67,20,,
Backend Developer,BTech,55,0.8,90,51,1,3,56,59,67,57,52,1,85,58,87,56,96,74,,
Backend Developer,MTech,84,0.1,71,75,3,5,52,55,32,58,36,0,73,55,87,100,65,66,,
Backend Developer,BTech,57,1.7,71,87,4,5,56,83,49,75,0,0,95,64,52,82,80,54,,
Backend Developer,MCA,60,1.2,44,81,1,2,25,88,27,64,58,0,63,48,61,75,87,66,,
Backend Developer,MSc,61,0.2,60,51,5,4,67,72,49,99,52,4,88,63,42,65,84,60,,
Backend Developer,BTech,86,0.8,94,65,3,4,58,81,64,58,0,1,74,75,85,68,76,75,,
Backend Developer,MSc,96,2.0,80,100,1,0,58,78,48,86,48,0,79,47,39,93,95,69,,
Backend Developer,BCA,24,1.2,88,67,2,4,100,77,82,50,70,0,94,74,79,44,100,84,,
Backend Developer,BE,72,0.8,42,84,2,6,65,83,43,70,0,0,91,65,50,69,66,34,,
Backend Developer,BTech,80,7.0,82,97,3,5,65,83,97,63,30,4,91,64,41,69,95,96,,
Backend Developer,BE,88,1.3,62,58,4,1,66,64,58,46,0,0,87,73,47,37,71,75,,
Backend Developer,MCA,88,0.8,33,90,7,4,58,68,55,70,52,1,78,69,54,96,81,56,,
Backend Developer,MTech,34,0.3,53,51,5,3,81,72,57,67,27,0,66,43,56,29,71,60,,
Backend Developer,BTech,70,2.1,84,67,1,5,56,77,72,94,76,3,83,41,67,76,100,60,,
Backend Developer,MTech,20,2.2,63,76,2,3,77,100,56,42,34,2,80,8,64,54,72,46,,
Backend Developer,BSc,84,5.6,78,100,0,7,59,99,100,65,34,1,91,45,54,85,97,83,,
Backend Developer,BTech,68,0.4,33,100,1,1,90,94,63,40,0,1,76,53,42,52,64,64,,
Backend Developer,MSc,53,2.4,56,75,3,4,61,52,56,65,47,0,66,21,53,96,53,86,,
Backend Developer,MBA,80,3.2,99,100,1,5,72,86,77,52,64,2,100,77,56,76,97,66,,
Backend Developer,MTech,55,0.8,90,90,0,2,70,94,52,32,36,1,92,45,55,77,90,31,,
Backend Developer,BTech,72,2.3,95,95,1,2,68,71,60,69,0,2,50,39,48,68,81,42,,
Backend Developer,BE,77,3.0,70,61,1,3,53,86,51,47,62,1,77,34,58,69,90,79,,
Backend Developer,BTech,69,2.5,74,99,0,0,52,86,52,42,0,0,30,74,75,29,100,45,,
Backend Developer,BTech,46,3.4,77,100,0,4,66,60,64,71,100,0,64,18,32,74,100,43,,
Backend Developer,BTech,79,1.9,57,82,1,4,99,71,35,84,60,1,100,70,48,60,78,40,,
Backend Developer,BTech,93,5.4,63,70,2,5,100,77,92,100,34,2,67,65,25,100,89,65,,
Backend Developer,BSc,92,1.3,85,59,3,2,35,62,46,17,46,1,87,33,25,72,97,52,,
Backend Developer,BTech,82,0.9,40,85,3,0,35,89,49,23,0,0,44,26,40,38,67,26,,
Backend Developer,BTech,63,0.9,36,99,1,5,50,93,47,42,56,0,66,56,93,58,98,56,,
Backend Developer,BSc,52,1.3,73,80,2,3,72,82,43,90,58,0,96,46,38,95,94,39,,
Backend Developer,BE,93,5.7,77,100,0,5,46,83,85,44,66,0,68,77,44,66,96,100,,
Backend Developer,BTech,87,7.5,66,86,3,5,65,82,100,56,0,1,91,73,37,21,88,79,,
Backend Developer,BE,66,1.5,52,100,3,2,69,87,60,63,29,1,70,63,82,66,67,29,,
Backend Developer,BE,44,2.6,74,62,3,4,49,79,52,47,0,0,82,56,42,61,72,84,,
Backend Developer,BE,42,0.5,54,91,1,5,85,74,49,70,0,2,71,58,75,68,80,60,,
Backend Developer,BE,43,3.1,77,94,4,2,82,77,40,83,36,2,70,62,31,63,70,59,,
Backend Developer,BSc,56,2.6,91,52,5,4,53,66,60,68,65,0,72,67,66,72,51,68,,
Backend Developer,MTech,96,2.3,85,73,5,4,79,89,39,70,51,1,79,48,67,55,59,88,,
Backend Developer,BTech,56,1.2,68,100,1,6,66,84,70,76,37,4,94,60,80,55,79,57,,
Backend Developer,BE,89,2.5,87,88,0,5,77,100,55,42,51,1,100,48,61,73,76,44,,
Backend Developer,BTech,88,1.8,90,96,2,1,64,77,30,45,0,0,39,61,27,34,50,32,,
Backend Developer,BE,87,1.2,78,100,0,4,58,83,29,66,0,0,60,76,53,51,99,68,,
Backend Developer,BBA,58,6.0,74,69,2,2,55,49,62,45,52,0,71,41,53,91,100,47,,
Backend Developer,BTech,79,1.4,39,100,1,3,58,76,52,21,11,3,82,70,63,61,95,29,,
Backend Developer,BTech,35,3.2,69,79,5,2,57,94,78,49,40,0,64,73,88,71,100,70,,
Backend Developer,BE,79,1.0,70,69,4,2,35,66,79,47,0,1,32,60,79,67,75,71,,
Backend Developer,MCA,82,2.3,74,53,4,3,67,62,51,49,82,0,76,62,78,90,57,60,,
Backend Developer,Diploma,50,0.3,57,100,2,3,63,97,34,59,26,0,62,77,59,67,99,59,,
Backend Developer,BE,66,1.8,58,96,0,3,46,87,64,44,0,3,73,41,52,47,65,60,,
Backend Developer,BSc,86,1.1,55,100,2,3,33,91,58,53,0,1,87,34,58,37,81,89,,
Backend Developer,BTech,78,3.8,84,100,0,4,69,100,47,33,47,0,84,40,77,100,66,68,,
Backend Developer,MSc,71,0.9,69,63,3,3,100,61,62,37,25,3,62,53,63,84,77,59,,
Backend Developer,MSc,90,4.5,61,85,0,0,56,76,22,38,69,0,96,81,57,73,68,74,,
Backend Developer,MSc,61,1.5,100,50,5,4,45,82,50,75,52,0,59,42,52,69,64,65,,
Backend Developer,MSc,72,0.6,63,70,6,4,57,96,22,19,100,0,79,100,84,98,69,41,,
Backend Developer,MSc,75,1.4,78,100,1,3,50,68,48,59,0,0,79,50,40,58,80,75,,
Backend Developer,BE,95,4.1,69,100,1,6,87,65,82,50,23,2,92,51,65,59,100,47,,
Backend Developer,BE,65,5.2,73,43,4,4,69,72,73,81,30,0,95,74,75,75,84,41,,
Backend Developer,MBA,62,0.8,17,95,3,3,90,84,75,42,28,0,58,45,100,60,74,51,,
Backend Developer,MCA,45,1.7,44,83,2,1,42,68,22,42,0,1,69,65,36,33,84,44,,
Backend Developer,BTech,69,1.0,56,63,4,1,37,89,54,45,0,0,60,57,92,48,41,40,,
Backend Developer,BCA,35,5.9,51,87,1,5,59,70,52,71,88,5,74,68,34,83,100,90,,
Backend Developer,MSc,81,1.2,82,100,1,4,64,84,41,41,47,0,73,87,36,94,95,41,,
Backend Developer,BTech,44,4.2,100,92,0,7,80,99,63,73,54,4,91,84,53,87,70,49,,
Backend Developer,BTech,88,4.2,68,100,1,5,72,91,55,70,61,0,87,99,97,77,100,83,,
Backend Developer,BSc,55,1.6,95,100,0,4,88,68,67,50,45,2,84,42,57,71,100,37,,
Backend Developer,BSc,49,1.9,42,82,4,6,82,36,78,35,0,4,53,19,46,29,52,70,,
Backend Developer,BE,87,1.9,100,81,3,2,44,76,65,41,0,0,68,79,54,87,49,64,,
Backend Developer,MCA,68,2.6,68,79,0,5,66,66,68,78,88,3,83,93,60,100,59,70,,
Backend Developer,BE,93,2.9,32,100,2,2,59,70,28,64,0,1,73,76,83,48,72,59,,
Backend Developer,MSc,20,3.4,51,62,2,4,93,87,91,72,0,2,72,36,89,28,99,57,,
Backend Developer,MBA,72,2.7,70,71,2,2,73,93,40,51,0,0,57,53,57,75,92,56,,
Backend Developer,MCA,81,0.8,83,72,4,2,48,82,77,17,55,2,75,77,34,66,91,59,,
Backend Developer,BCA,95,0.4,61,86,1,7,78,89,55,77,56,0,100,39,89,74,92,77,,
Backend Developer,BE,72,1.3,80,62,4,5,79,67,0,43,49,4,93,55,45,100,38,78,,
Backend Developer,MTech,97,6.4,62,98,2,6,61,72,86,76,84,2,73,15,69,92,87,100,,
Backend Developer,BTech,47,4.0,33,100,1,2,53,100,89,56,81,0,73,67,26,65,100,68,,
Backend Developer,BTech,85,3.0,71,92,2,2,59,91,76,79,78,0,73,95,58,69,90,36,,
Backend Developer,BBA,72,6.9,85,87,0,5,57,90,62,67,64,5,68,63,74,73,83,48,,
Backend Developer,BTech,37,1.3,56,100,4,1,61,76,57,51,43,1,56,83,61,51,100,96,,
Backend Developer,BE,59,0.1,89,68,4,1,4,74,57,57,0,1,65,64,61,50,68,98,,
Backend Developer,BE,70,1.2,54,90,4,3,75,92,65,78,50,0,80,60,76,69,60,61,,
Backend Developer,MSc,44,0.5,48,22,5,4,55,60,52,68,47,1,86,83,75,69,72,83,,
Backend Developer,BE,77,1.5,82,59,5,4,52,55,69,84,0,1,70,72,53,30,69,79,,
Backend Developer,BSc,87,6.0,78,98,0,7,73,100,47,59,100,2,100,74,56,74,85,98,,
Backend Developer,BSc,77,6.0,63,100,0,6,75,87,82,68,100,0,71,77,62,85,100,85,,
Backend Developer,MSc,83,1.4,88,100,1,3,54,78,39,84,40,0,77,55,69,95,96,64,,
Backend Developer,BBA,28,2.0,74,94,2,0,44,75,64,78,78,0,66,57,74,74,83,57,,
Backend Developer,BTech,48,0.1,79,91,0,2,38,79,72,45,58,1,57,40,38,36,100,60,,
Backend Developer,BSc,58,0.6,49,42,5,2,64,92,100,28,0,1,64,62,36,49,97,75,,
Backend Developer,BTech,74,3.4,72,100,0,2,70,93,51,61,29,2,96,68,55,93,63,51,,
Backend Developer,MSc,68,0.6,79,75,3,3,71,60,51,53,0,2,71,72,55,71,54,57,,
Backend Developer,MSc,73,1.4,63,63,5,1,65,57,25,19,39,0,78,79,43,55,88,68,,
Backend Developer,MTech,91,2.2,52,58,2,1,33,98,43,58,43,0,54,32,52,61,77,34,,
Backend Developer,BBA,69,2.4,38,100,0,6,51,90,76,75,41,1,100,52,81,46,94,31,,
Backend Developer,BE,93,1.7,76,73,5,5,69,76,38,77,50,0,71,35,57,80,56,44,,
Backend Developer,BBA,83,0.2,49,84,4,4,41,52,73,74,16,1,100,50,45,45,94,66,,
Backend Developer,BE,74,1.7,70,81,0,1,79,77,77,82,54,1,49,52,22,85,85,17,,
Backend Developer,MTech,89,0.7,59,56,2,0,60,72,52,51,40,0,47,60,25,39,70,35,,
Backend Developer,MCA,74,3.4,95,64,2,1,79,60,72,86,64,0,61,58,17,21,88,72,,
Backend Developer,BE,55,1.1,73,97,4,1,72,82,55,29,0,1,73,80,49,49,89,58,,
Backend Developer,BTech,36,5.6,100,100,0,6,76,85,93,77,84,6,100,56,57,100,83,79,,
Backend Developer,BSc,80,4.8,96,98,0,4,56,88,36,49,0,0,82,45,67,61,81,42,,
Backend Developer,PhD,50,2.1,67,82,0,5,82,84,83,64,54,0,84,58,52,73,80,34,,
Backend Developer,BTech,83,0.4,54,94,2,6,62,81,67,48,100,5,67,74,94,84,98,50,,
Backend Developer,BSc,95,0.9,54,54,6,3,56,46,39,18,57,0,98,62,64,71,44,52,,
Backend Developer,BSc,90,6.9,65,100,0,5,94,92,100,51,85,1,94,20,71,100,100,41,,
Backend Developer,BTech,82,0.6,66,100,4,1,46,72,41,74,46,0,52,73,33,51,79,19,,
Backend Developer,BSc,47,2.8,100,96,0,4,74,69,70,48,0,1,68,67,52,75,67,47,,
Backend Developer,MTech,85,2.1,42,100,2,3,75,100,29,77,58,3,54,71,70,75,100,70,,
Backend Developer,BCA,85,4.0,75,100,0,4,67,67,71,70,66,0,94,79,59,64,85,41,,
Backend Developer,BTech,62,3.9,62,86,0,5,63,66,94,100,72,5,84,49,63,74,94,67,,
Backend Developer,MTech,83,1.4,41,82,2,2,83,58,44,10,62,2,79,26,55,96,61,53,,
Backend Developer,MSc,96,5.4,93,100,0,3,72,83,84,65,49,0,81,31,61,68,97,52,,
Backend Developer,BE,35,1.6,63,100,1,4,50,97,33,72,72,4,100,81,61,75,77,87,,
Backend Developer,BTech,80,0.1,70,84,3,6,70,56,67,80,82,2,94,0,30,66,100,17,,
Backend Developer,MBA,16,1.2,85,100,2,9,52,95,66,60,0,7,94,50,48,64,89,58,,
Backend Developer,MCA,99,2.2,89,79,1,5,78,82,67,63,94,0,60,34,64,98,80,56,,
Backend Developer,BTech,74,1.7,78,99,1,3,43,65,42,55,0,0,50,45,63,57,64,68,,
Backend Developer,BE,83,8.7,98,100,2,5,86,83,94,47,100,3,76,94,44,100,100,91,,
Backend Developer,BE,49,0.7,92,88,1,4,70,70,27,68,46,0,100,82,76,46,97,21,,
Backend Developer,MCA,19,5.1,77,95,0,5,98,88,66,36,34,3,87,31,69,62,44,52,,
Backend Developer,BE,66,1.3,49,55,4,3,63,41,44,71,45,3,94,64,79,66,100,34,,
Backend Developer,BSc,77,3.2,52,98,2,3,51,90,62,69,55,0,79,60,47,71,95,48,,
Backend Developer,MSc,90,1.8,73,45,8,0,26,58,88,58,47,0,84,69,50,47,61,58,,
Backend Developer,MBA,40,5.0,33,94,0,5,87,100,41,58,62,3,97,77,59,67,100,71,,
Backend Developer,MBA,43,1.9,61,77,1,3,73,61,74,43,55,1,78,56,45,72,70,28,,
Backend Developer,MCA,53,0.9,44,91,0,4,63,81,69,49,50,1,92,60,55,34,99,66,,
Backend Developer,BE,58,0.0,76,57,6,3,73,77,31,99,64,3,71,89,78,71,61,38,,
Backend Developer,BE,77,2.7,50,70,2,4,48,83,40,94,34,3,78,40,35,73,72,65,,
Backend Developer,BE,37,1.1,88,94,1,2,54,73,53,54,0,2,40,33,84,51,74,63,,
Backend Developer,BE,62,0.3,82,74,2,4,73,63,60,71,0,0,57,79,53,44,92,22,,
Backend Developer,BBA,88,3.0,68,98,4,3,67,62,38,58,32,3,65,33,30,85,93,89,,
Backend Developer,BCA,72,0.2,53,50,8,5,74,61,87,76,0,0,100,45,56,44,89,49,,
Backend Developer,BE,38,0.5,72,59,5,0,58,55,42,50,66,0,42,76,74,83,92,47,,
Backend Developer,MSc,81,2.8,57,56,2,4,81,65,47,52,69,2,100,69,56,89,79,44,,
Backend Developer,BTech,89,0.1,37,85,0,1,37,97,33,34,0,0,83,63,65,38,93,35,,
Backend Developer,BE,97,2.1,46,72,3,2,61,72,59,51,37,1,68,54,65,65,100,56,,
Backend Developer,MCA,65,0.7,85,50,4,3,73,87,45,34,45,0,64,87,68,81,53,82,,
Backend Developer,MBA,61,5.3,86,100,0,4,39,84,58,45,75,3,92,64,76,86,92,40,,
Backend Developer,BBA,74,2.3,41,98,1,4,46,93,29,58,38,0,66,61,75,46,64,89,,
Backend Developer,MSc,67,0.2,55,74,2,7,83,91,35,34,59,0,94,49,86,85,86,34,,
Backend Developer,MTech,46,2.7,83,86,1,3,64,81,43,57,0,0,45,69,49,46,94,48,,
Backend Developer,BTech,78,3.3,68,87,0,3,70,80,71,35,100,0,69,81,34,42,84,45,,
Backend Developer,BE,67,2.5,53,90,2,1,90,75,39,27,0,0,66,36,34,47,78,85,,
Backend Developer,BTech,67,0.3,41,91,1,0,53,91,36,50,0,0,52,58,62,44,56,18,,
Backend Developer,MBA,67,0.9,57,83,1,2,53,50,21,66,63,0,32,52,59,73,79,24,,
Backend Developer,BTech,77,1.6,64,85,1,5,75,100,76,61,0,1,65,46,56,50,95,97,,
Backend Developer,MTech,57,3.0,69,50,4,2,69,63,69,51,46,0,100,64,22,65,61,63,,
Backend Developer,MBA,81,1.3,55,100,0,4,42,59,35,39,99,0,77,65,54,77,91,76,,
Backend Developer,BSc,86,1.3,66,83,4,2,43,92,49,58,0,0,69,50,76,52,46,81,,
Backend Developer,BTech,75,1.7,42,93,1,1,76,84,74,42,0,1,62,75,37,67,78,62,,
Backend Developer,BTech,42,2.6,55,48,3,4,57,73,67,83,0,4,55,60,28,63,96,55,,
Backend Developer,BTech,71,0.9,46,84,3,3,78,83,72,48,0,0,63,57,94,63,75,62,,
Backend Developer,MSc,86,4.1,98,100,1,4,72,86,79,58,57,0,93,59,59,72,96,61,,
Backend Developer,MBA,66,5.3,50,70,3,5,87,93,67,70,59,4,74,58,72,75,88,76,,
Backend Developer,BBA,41,0.8,63,87,1,1,73,89,71,39,0,0,53,47,33,62,75,56,,
Backend Developer,BE,83,2.1,60,88,0,3,80,78,41,68,51,0,64,53,77,75,74,52,,
Backend Developer,BTech,78,1.8,67,89,1,5,57,92,53,67,63,2,74,45,77,67,89,65,,
Backend Developer,MSc,79,0.7,55,73,4,3,54,82,37,22,48,0,81,77,65,71,70,41,,
Backend Developer,MCA,68,1.2,85,99,2,3,64,71,52,84,35,0,86,38,53,62,88,54,,
Backend Developer,BE,58,3.6,100,58,2,3,90,83,73,67,61,2,65,58,50,80,79,78,,
Backend Developer,MCA,52,1.9,73,64,3,4,71,91,71,41,57,0,83,73,66,80,70,75,,
Backend Developer,BE,79,3.4,78,62,4,4,71,75,65,28,59,0,86,71,70,89,82,43,,
Backend Developer,BE,65,2.8,81,65,3,4,76,67,81,46,71,2,86,63,56,65,83,58,,
Backend Developer,MCA,73,1.1,78,80,1,4,89,68,48,68,0,3,76,46,51,72,80,54,,
Backend Developer,BBA,63,1.0,53,99,1,3,53,87,42,49,41,0,68,56,79,57,96,51,,
Backend Developer,BE,80,3.7,67,70,2,5,62,71,49,44,64,3,88,35,56,62,84,68,,
Backend Developer,Diploma,92,1.7,55,74,3,3,70,67,31,63,18,3,70,51,58,67,71,69,,
Backend Developer,BE,52,1.4,53,88,1,2,63,85,77,35,60,0,61,82,68,47,99,63,,
Backend Developer,MBA,52,1.9,66,73,2,4,75,63,67,59,64,1,86,38,53,71,74,47,,
Backend Developer,BSc,84,3.9,75,73,2,1,69,82,52,50,30,0,48,68,33,43,80,45,,
Backend Developer,BTech,52,1.1,62,78,1,4,69,93,71,85,59,2,73,83,73,63,81,53,,
Backend Developer,BE,62,1.0,62,80,2,4,69,77,78,81,0,0,71,59,72,51,68,55,,
Backend Developer,MCA,65,3.5,51,92,2,4,68,76,73,54,69,3,89,55,40,69,86,82,,
Backend Developer,BTech,90,2.9,76,61,5,3,48,72,75,54,61,1,92,60,42,51,83,49,,
Backend Developer,BTech,74,1.7,83,61,3,4,53,63,70,87,0,2,75,61,58,47,80,72,,
Backend Developer,BTech,72,0.9,70,68,3,3,50,59,50,38,28,0,76,50,42,60,62,60,,
Backend Developer,BSc,70,0.8,85,93,1,3,63,67,52,58,18,0,84,70,60,68,90,59,,
Backend Developer,BTech,74,2.2,69,91,2,2,53,56,52,71,0,0,51,73,56,55,71,43,,
Backend Developer,MCA,57,4.1,81,43,3,4,50,69,61,57,62,3,98,78,71,64,89,85,,
Backend Developer,BE,51,2.4,62,90,2,3,51,91,70,47,0,0,69,56,68,57,80,64,,
Backend Developer,BE,81,1.2,72,62,4,4,63,48,62,70,0,0,71,64,50,46,71,69,,
Backend Developer,MCA,85,5.0,63,90,1,6,64,69,79,76,85,2,78,46,64,95,77,87,,
Backend Developer,BCA,83,2.7,77,81,3,3,63,59,80,63,0,2,52,58,64,83,84,58,,
Backend Developer,MSc,77,3.0,65,60,1,3,66,77,49,48,64,1,87,49,57,78,86,62,,
Backend Developer,MBA,55,3.4,50,88,0,3,83,90,58,69,57,2,74,66,42,74,95,46,,
Backend Developer,MBA,66,4.5,75,97,1,3,76,78,62,30,33,0,74,55,47,71,83,64,,
Backend Developer,BTech,64,3.0,63,62,3,3,66,62,64,58,74,0,88,64,28,83,95,60,,
Backend Developer,BTech,59,1.1,57,91,1,4,48,86,52,72,46,0,81,55,71,63,82,61,,
Backend Developer,BSc,67,2.7,70,93,2,3,63,84,89,22,76,1,89,46,66,72,93,60,,
Backend Developer,BBA,59,1.5,82,97,1,5,73,63,69,47,44,3,81,34,71,78,81,60,,
Backend Developer,BE,90,3.6,56,96,3,3,61,64,53,40,32,1,82,48,73,58,94,58,,
Backend Developer,MTech,74,3.6,76,84,4,3,62,82,58,60,80,1,69,85,38,82,91,55,,
Backend Developer,BTech,60,3.3,86,96,1,3,55,79,82,45,74,2,64,59,42,59,100,71,,
Backend Developer,BCA,66,5.8,88,85,0,6,71,92,81,58,44,1,83,51,69,81,80,69,,
Backend Developer,MSc,83,3.3,82,94,0,3,66,91,79,57,27,0,75,47,54,58,85,62,,
Backend Developer,MCA,74,1.7,75,76,3,3,63,69,48,72,47,0,76,48,70,76,74,58,,
Backend Developer,BTech,65,2.2,81,93,3,2,61,63,46,48,35,0,62,43,46,72,94,83,,
Backend Developer,BE,53,2.6,63,70,4,2,60,80,67,52,56,0,76,61,81,64,99,72,,
Backend Developer,MTech,51,1.8,82,73,2,2,62,77,48,68,0,0,57,68,49,49,81,40,,
Backend Developer,BSc,88,1.3,67,73,2,2,44,67,49,17,34,2,85,46,40,68,97,42,,
Backend Developer,MSc,68,2.6,65,88,1,4,91,70,57,63,45,0,88,63,60,75,89,47,,
Backend Developer,BE,50,2.8,88,62,4,4,81,59,76,57,0,0,74,66,58,48,85,38,,
Backend Developer,BSc,57,2.4,78,71,2,3,78,65,68,50,42,0,92,55,37,69,77,52,,
Backend Developer,MCA,75,2.1,91,90,1,4,70,72,63,60,71,0,99,50,37,59,94,46,,
Backend Developer,MBA,50,5.3,98,71,1,4,88,84,53,56,56,2,79,59,80,69,65,48,,
Backend Developer,BTech,82,2.2,77,100,0,1,67,74,54,54,0,1,46,81,62,31,93,42,,
Backend Developer,BE,67,1.5,53,93,2,2,62,71,42,63,41,1,54,59,72,68,72,28,,
Backend Developer,BTech,67,1.9,64,79,3,2,45,65,72,81,0,0,57,62,66,56,58,47,,
Backend Developer,BSc,59,4.1,95,73,3,3,66,96,73,54,65,1,90,59,61,65,85,73,,
Backend Developer,BTech,62,4.3,79,88,0,4,78,96,58,67,38,3,93,64,72,94,70,63,,
Backend Developer,BCA,85,3.5,75,81,3,4,70,91,45,54,57,0,69,44,58,81,99,47,,
Backend Developer,BSc,72,1.0,42,82,3,3,71,77,64,33,35,0,68,41,74,65,82,52,,
Backend Developer,BE,55,1.1,79,90,2,2,49,80,52,55,0,0,51,39,80,51,63,70,,
Backend Developer,BSc,87,3.9,91,90,2,5,61,81,66,55,42,0,75,59,65,66,92,55,,
Backend Developer,MTech,42,1.3,55,63,4,3,71,62,57,66,36,0,67,31,53,64,62,74,,
Backend Developer,MSc,86,3.6,59,69,1,2,70,69,35,46,69,1,98,74,55,82,74,59,,
Backend Developer,MTech,76,1.9,49,71,3,2,77,61,54,22,50,2,69,42,57,84,68,58,,
Backend Developer,BE,46,2.6,44,98,2,3,73,78,57,42,0,2,79,53,48,58,95,76,,
Backend Developer,BTech,71,1.0,66,74,2,4,74,79,45,68,0,1,82,65,75,68,70,85,,
Backend Developer,BE,68,4.2,56,80,2,2,65,86,59,27,64,0,55,79,59,69,100,52,,
Backend Developer,BCA,47,2.6,86,66,1,4,88,73,80,47,32,3,95,41,75,59,78,72,,
Backend Developer,BE,85,2.4,77,82,3,1,51,73,77,43,0,0,57,88,43,87,70,61,,
Backend Developer,BCA,59,3.8,77,78,1,3,78,83,53,41,47,2,74,55,55,79,60,33,,
Backend Developer,MCA,86,2.0,80,65,1,5,77,68,62,62,73,1,74,57,60,89,76,67,,
Backend Developer,MCA,86,2.0,84,76,2,5,78,76,63,73,83,0,76,24,64,85,79,65,,
Backend Developer,MCA,33,3.7,82,93,0,4,89,90,61,35,36,2,87,37,64,67,60,44,,
Backend Developer,MTech,82,1.4,58,85,3,2,64,100,55,51,60,1,60,73,58,89,82,59,,
Backend Developer,MSc,63,4.3,89,59,4,2,62,73,67,54,51,1,74,61,72,65,59,55,,
Backend Developer,BTech,60,3.5,83,86,1,5,63,81,53,66,0,2,70,52,76,74,70,74,,
Backend Developer,BE,73,2.1,59,73,3,5,74,94,35,48,88,3,90,71,90,77,70,52,,
Backend Developer,MSc,80,1.1,72,96,2,4,66,87,34,46,20,0,76,77,42,78,72,70,,
Backend Developer,MCA,52,0.6,51,93,1,2,64,78,46,42,53,0,85,47,52,48,88,45,,
Backend Developer,BTech,64,3.0,78,72,1,4,63,71,73,62,71,0,79,66,78,69,97,79,,
Backend Developer,BTech,80,0.9,57,77,3,1,35,77,67,36,0,0,37,46,61,53,72,51,,
Backend Developer,MBA,33,3.9,67,80,2,7,75,100,65,65,65,3,94,53,72,91,87,72,,
Backend Developer,BE,50,2.4,67,74,4,2,37,64,50,65,0,0,61,58,53,68,63,63,,
Backend Developer,MCA,60,4.8,79,81,2,3,73,63,76,47,29,0,68,55,59,71,85,53,,
Backend Developer,BTech,63,2.7,80,89,1,5,71,90,56,63,70,2,83,81,32,92,79,47,,
Backend Developer,BBA,62,4.3,77,74,0,4,62,87,46,52,48,3,67,51,75,57,78,62,,
Backend Developer,MCA,66,3.8,77,55,3,4,50,67,59,54,62,2,91,62,71,63,89,73,,
Backend Developer,MTech,38,2.3,60,81,2,2,83,89,49,36,0,1,74,19,54,51,74,61,,
Backend Developer,BSc,73,4.4,60,96,0,4,72,86,71,53,75,1,74,67,48,82,84,56,,
Backend Developer,BSc,61,2.7,71,92,1,2,83,73,49,35,0,0,66,47,41,57,74,71,,
Backend Developer,MCA,42,4.2,80,94,1,5,93,83,79,42,13,2,75,53,68,54,58,57,,
Backend Developer,BTech,75,2.4,70,89,0,4,71,70,50,62,48,0,76,52,61,89,81,59,,
Backend Developer,BE,35,1.8,71,70,2,1,62,92,37,49,0,1,63,60,44,57,76,69,,
Backend Developer,BTech,49,6.8,81,94,2,5,81,67,66,50,0,0,92,72,43,32,95,89,,
Backend Developer,BTech,74,1.8,72,80,1,3,54,69,60,58,81,0,85,85,39,48,80,41,,
Backend Developer,BTech,84,7.3,75,92,3,5,65,82,100,59,16,2,90,68,40,45,91,87,,
Backend Developer,BE,59,2.4,60,78,1,5,69,84,66,76,47,1,81,52,45,73,77,45,,
Backend Developer,BTech,49,1.6,78,95,0,2,55,85,71,44,0,0,47,44,57,39,83,51,,
Backend Developer,MTech,35,5.2,86,96,1,4,80,67,47,51,0,0,76,69,46,40,98,79,,
Backend Developer,BTech,82,2.9,59,82,2,3,53,87,56,87,56,0,77,66,45,72,80,51,,
Backend Developer,BCA,77,0.6,61,62,6,3,64,79,81,55,0,0,83,59,52,69,80,49,,
Backend Developer,MCA,66,2.9,53,67,3,3,72,74,31,56,0,3,78,85,50,63,81,50,,
Backend Developer,MTech,69,2.2,71,66,5,3,59,64,62,53,19,0,61,77,61,63,81,68,,
Business Analyst,BTech,85,1.3,61,99,2,4,54,65,72,50,27,1,62,42,71,55,79,38,,
Business Analyst,MBA,77,2.9,62,63,4,4,45,64,74,58,92,4,71,34,68,90,100,82,,
Business Analyst,BE,89,0.9,73,71,5,1,40,59,44,43,52,0,88,66,58,55,78,89,,
Business Analyst,Diploma,88,0.6,64,71,2,5,62,78,84,58,91,3,100,88,49,77,77,78,,
Business Analyst,BE,85,0.8,49,100,0,3,63,80,54,59,73,0,70,68,48,71,62,33,,
Business Analyst,MSc,57,4.0,48,75,3,7,81,70,60,63,100,3,89,45,66,100,85,82,,
Business Analyst,BE,48,1.1,48,100,1,3,66,100,41,65,36,0,91,39,65,78,90,69,,
Business Analyst,BTech,97,2.1,59,96,0,2,48,78,63,78,44,2,100,42,48,68,80,57,,
Business Analyst,BTech,79,1.9,87,49,4,5,58,76,38,94,0,4,68,30,54,37,83,61,,
Business Analyst,PhD,80,2.5,53,100,1,6,79,94,86,52,99,5,100,42,66,100,100,60,,
Business Analyst,BTech,86,2.3,83,100,0,0,53,100,8,67,48,0,72,45,67,80,100,43,,
Business Analyst,MTech,74,0.2,94,76,2,7,38,68,13,82,65,4,80,48,55,69,60,63,,
Business Analyst,BBA,76,1.9,70,100,0,2,48,60,71,66,0,0,82,66,10,49,94,66,,
Business Analyst,BSc,83,1.4,92,94,2,4,78,100,57,60,67,2,90,32,55,94,88,49,,
Business Analyst,BTech,54,0.9,94,28,7,5,56,59,54,61,0,0,59,55,94,62,57,52,,
Business Analyst,BTech,24,0.4,51,100,2,2,42,57,42,64,0,0,50,81,49,59,69,51,,
Business Analyst,BTech,68,1.4,55,89,1,4,15,88,82,67,28,3,100,67,60,45,95,55,,
Business Analyst,MSc,75,0.6,73,64,3,3,63,72,32,52,66,3,57,73,70,100,84,51,,
Business Analyst,BE,67,1.2,47,85,3,3,49,61,31,51,10,0,100,57,42,80,50,75,,
Business Analyst,BBA,85,1.7,72,85,0,3,58,100,30,65,70,2,97,83,29,100,62,35,,
Business Analyst,MCA,70,2.3,90,80,1,3,78,100,42,65,58,1,78,71,66,74,93,90,,
Business Analyst,BTech,76,1.5,34,89,2,3,69,68,38,58,0,0,46,34,43,57,54,49,,
Business Analyst,BE,51,1.8,69,92,0,3,78,100,51,29,48,3,96,41,37,73,100,72,,
Business Analyst,BTech,90,2.7,90,68,2,1,66,75,34,3,0,0,45,32,90,64,78,62,,
Business Analyst,PhD,74,1.3,82,78,3,5,56,71,72,64,47,1,82,63,75,58,58,72,,
Business Analyst,BTech,42,1.4,71,69,6,3,61,63,65,75,0,0,43,52,49,42,78,46,,
Business Analyst,BE,92,2.3,45,83,3,2,56,77,33,75,63,1,87,70,30,67,93,44,,
Business Analyst,BTech,90,0.5,95,100,2,4,58,83,55,74,64,0,91,0,21,68,62,82,,
Business Analyst,BSc,91,0.7,79,43,4,4,66,76,72,27,0,4,61,87,6,75,77,61,,
Business Analyst,BE,67,0.2,45,85,1,0,74,77,51,37,0,0,48,29,90,41,48,46,,
Business Analyst,BBA,80,1.0,48,99,2,5,83,98,61,43,0,1,61,88,47,95,75,83,,
Business Analyst,BE,38,0.1,78,83,5,3,66,57,57,67,0,1,60,63,70,43,72,44,,
Business Analyst,Diploma,80,7.6,100,100,0,5,85,100,46,48,80,4,100,39,77,83,100,36,,
Business Analyst,MSc,57,1.3,51,100,2,1,96,79,75,75,0,0,56,62,26,68,85,28,,
Business Analyst,BSc,47,4.6,86,82,2,2,68,55,57,60,0,0,43,49,32,43,84,76,,
Business Analyst,MCA,43,1.2,17,93,0,2,80,83,67,45,0,0,39,56,37,62,83,58,,
Business Analyst,MCA,85,3.6,89,73,1,5,74,78,64,44,100,3,100,34,62,98,100,38,,
Business Analyst,BE,24,1.7,36,92,2,3,55,72,48,74,0,0,55,56,88,43,79,3,,
Business Analyst,BE,90,1.2,47,88,2,2,60,85,50,67,0,2,70,71,48,50,100,35,,
Business Analyst,BTech,66,4.3,81,74,0,3,46,71,58,85,100,3,79,85,74,83,87,73,,
Business Analyst,BE,90,2.1,100,76,2,7,80,75,67,70,0,2,77,55,64,53,97,50,,
Business Analyst,BE,71,2.6,80,85,0,0,49,83,51,64,54,0,67,93,36,59,100,79,,
Business Analyst,BE,60,2.0,37,76,2,2,52,100,59,38,0,0,57,25,73,28,65,52,,
Business Analyst,MSc,27,1.9,45,97,0,3,65,100,34,56,0,2,63,67,36,64,73,61,,
Business Analyst,MBA,14,0.0,36,100,3,6,48,90,54,30,64,2,97,65,33,81,93,62,,
Business Analyst,BSc,84,4.9,83,100,0,0,65,74,8,72,47,0,69,75,54,100,100,39,,
Business Analyst,BBA,24,0.8,69,100,2,4,71,95,41,55,0,0,79,43,46,36,67,66,,
Business Analyst,BBA,17,1.3,87,72,2,2,46,67,53,99,37,2,58,48,73,60,100,30,,
Business Analyst,BCA,75,6.5,100,100,0,3,100,89,43,68,85,0,58,51,37,98,100,48,,
Business Analyst,BSc,84,0.5,66,50,5,4,66,65,54,60,0,0,75,79,33,35,88,11,,
Business Analyst,MBA,60,8.2,100,100,1,6,81,78,81,74,88,4,100,66,67,75,87,20,,
Business Analyst,BE,21,4.8,63,100,0,4,65,55,72,74,77,2,83,70,41,69,97,92,,
Business Analyst,BTech,27,1.0,58,36,6,3,76,64,48,74,79,0,69,39,62,72,88,42,,
Business Analyst,BTech,39,0.9,77,80,3,1,58,48,66,52,0,1,32,56,57,53,94,28,,
Business Analyst,MCA,67,1.2,100,91,0,5,86,85,79,63,48,0,74,26,37,81,77,73,,
Business Analyst,BE,79,0.2,55,91,1,6,77,87,57,51,0,0,55,87,64,46,86,42,,
Business Analyst,BE,85,1.1,74,89,1,0,57,100,48,27,0,0,58,53,70,50,53,56,,
Business Analyst,BE,40,5.3,72,87,0,3,58,91,46,67,0,0,82,89,68,40,82,47,,
Business Analyst,MTech,96,1.1,77,84,2,3,71,68,60,58,80,0,94,64,63,100,97,18,,
Business Analyst,BE,41,0.8,45,99,0,2,66,100,69,58,0,0,68,61,80,58,80,39,,
Business Analyst,BTech,22,0.6,86,100,0,4,62,81,54,54,78,4,68,72,31,74,100,66,,
Business Analyst,MBA,27,6.2,50,77,0,6,70,90,71,88,51,2,85,91,48,51,73,55,,
Business Analyst,MSc,74,1.4,50,69,3,6,72,65,83,56,78,4,100,13,100,55,85,50,,
Business Analyst,MTech,63,1.0,59,69,1,5,73,82,47,84,42,0,100,27,73,44,77,66,,
Business Analyst,BCA,75,0.9,50,98,0,3,89,87,44,43,0,2,85,57,71,41,69,54,,
Business Analyst,BTech,40,2.8,60,66,0,5,73,78,49,36,94,5,57,59,60,82,85,37,,
Business Analyst,MTech,65,4.4,60,100,1,6,100,91,84,69,79,4,69,76,34,91,94,31,,
Business Analyst,BTech,49,4.2,83,72,2,2,79,52,39,46,17,2,77,51,49,99,85,45,,
Business Analyst,BTech,78,3.8,87,85,2,7,79,56,67,48,62,4,100,66,74,100,68,57,,
Business Analyst,MTech,89,2.0,73,100,2,1,30,100,35,53,0,1,68,80,50,77,83,36,,
Business Analyst,MSc,20,10.7,99,98,1,5,86,93,100,49,100,4,89,55,72,76,100,65,,
Business Analyst,MCA,38,1.4,75,71,4,1,69,67,54,13,0,0,60,68,16,43,90,25,,
Business Analyst,BTech,45,1.3,70,92,0,1,63,64,78,40,42,0,82,35,61,81,96,44,,
Business Analyst,BTech,95,1.1,60,82,3,2,77,95,7,36,0,0,50,58,51,69,70,59,,
Business Analyst,BE,55,0.5,54,82,2,6,81,68,54,47,17,4,71,74,66,65,80,74,,
Business Analyst,BSc,56,1.7,60,93,2,3,75,86,40,75,0,2,69,57,45,75,100,74,,
Business Analyst,MTech,77,3.3,91,95,1,4,58,76,88,95,45,3,100,99,41,60,99,58,,
Business Analyst,MCA,72,1.0,60,65,3,4,78,84,52,92,74,0,74,52,78,100,80,39,,
Business Analyst,MCA,86,0.7,47,48,7,4,67,66,49,66,100,0,76,28,90,100,92,66,,
Business Analyst,MTech,93,0.7,64,75,4,2,88,43,61,33,35,0,86,64,61,81,98,76,,
Business Analyst,Diploma,90,2.9,67,100,0,5,100,74,61,38,90,0,90,69,69,63,67,20,,
Business Analyst,BE,64,9.7,89,98,0,4,91,90,93,64,86,3,100,55,60,93,97,84,,
Business Analyst,BE,58,1.6,84,58,8,2,82,75,41,58,53,2,59,51,67,64,73,42,,
Business Analyst,BE,37,2.5,87,74,1,1,36,35,54,86,0,0,43,100,58,65,82,44,,
Business Analyst,MCA,59,3.6,93,92,2,3,44,48,94,57,79,1,100,53,46,67,89,63,,
Business Analyst,BE,62,3.7,78,100,1,5,69,88,36,67,31,3,100,46,47,93,98,95,,
Business Analyst,BE,80,0.3,62,77,2,2,55,71,71,47,0,0,69,53,56,58,76,55,,
Business Analyst,BCA,35,0.1,28,75,3,2,63,68,37,59,0,0,60,62,81,74,79,33,,
Business Analyst,MSc,94,3.0,68,91,0,4,87,42,55,9,46,2,95,24,32,100,93,66,,
Business Analyst,BE,82,0.4,39,63,3,0,65,79,48,78,44,0,58,56,45,60,71,22,,
Business Analyst,BSc,72,2.5,87,93,0,1,51,56,60,31,62,0,39,65,48,59,100,52,,
Business Analyst,MCA,61,0.3,65,84,0,3,61,81,39,53,83,0,58,66,73,75,96,39,,
Business Analyst,BTech,36,0.8,68,77,2,7,72,79,100,100,36,1,92,47,94,95,51,66,,
Business Analyst,BE,18,1.3,53,89,0,2,44,100,61,56,0,2,52,21,71,55,69,63,,
Business Analyst,BTech,46,1.8,59,100,1,2,54,83,51,45,34,1,70,63,44,72,82,44,,
Business Analyst,BE,83,3.5,55,100,3,5,48,98,77,52,38,4,74,67,99,46,69,61,,
Business Analyst,MCA,85,2.8,56,100,0,4,60,94,62,54,41,0,100,21,30,77,63,82,,
Business Analyst,PhD,43,5.8,55,99,1,3,55,64,64,91,59,0,82,68,41,50,100,19,,
Business Analyst,MSc,51,5.0,58,99,3,2,66,96,77,54,97,0,46,72,54,66,100,49,,
Business Analyst,BE,65,3.3,77,89,3,7,93,65,87,52,48,1,100,54,66,83,87,47,,
Business Analyst,BBA,16,0.6,64,100,0,1,47,96,96,57,72,0,63,14,40,100,98,30,,
Business Analyst,BE,31,1.7,50,81,5,7,69,67,47,94,90,0,100,51,50,67,74,47,,
Business Analyst,BSc,25,1.2,72,54,7,0,29,80,32,49,0,0,67,50,28,83,70,17,,
Business Analyst,BCA,47,3.8,94,75,4,5,84,89,72,60,0,0,59,57,94,80,87,54,,
Business Analyst,BTech,90,5.5,75,100,1,4,80,79,59,59,65,2,78,39,65,91,100,84,,
Business Analyst,BTech,84,3.3,58,61,5,3,54,42,47,47,61,0,61,39,25,40,70,61,,
Business Analyst,BTech,67,0.5,100,87,2,1,43,83,11,12,0,0,46,58,69,46,57,26,,
Business Analyst,BTech,77,1.8,65,56,0,1,49,74,50,63,100,0,41,33,38,90,96,71,,
Business Analyst,BTech,24,3.2,76,55,2,5,75,77,60,91,62,4,87,25,51,64,76,68,,
Business Analyst,BE,43,5.0,53,48,6,4,87,66,65,74,48,2,65,58,29,71,100,46,,
Business Analyst,BSc,80,2.6,79,100,1,3,61,100,23,30,43,0,93,78,40,87,53,46,,
Business Analyst,PhD,48,1.1,63,100,3,3,74,66,36,72,0,3,53,62,58,62,66,67,,
Business Analyst,MSc,91,3.8,66,88,0,6,79,84,84,96,61,3,80,70,49,85,100,68,,
Business Analyst,MTech,90,4.1,84,76,0,3,71,78,50,58,91,3,83,63,63,100,99,33,,
Business Analyst,BE,71,0.3,72,44,3,5,66,63,51,74,53,1,77,75,65,79,98,64,,
Business Analyst,MBA,91,4.5,65,86,1,4,75,95,57,93,59,4,100,48,28,68,95,73,,
Business Analyst,BTech,66,1.0,60,40,7,1,76,69,35,27,0,0,62,76,53,46,63,66,,
Business Analyst,BTech,25,1.8,83,71,3,6,63,92,77,84,85,0,67,79,73,53,100,42,,
Business Analyst,Diploma,93,0.8,40,81,2,3,71,67,64,40,36,1,92,46,0,58,100,70,,
Business Analyst,BTech,37,1.9,46,79,0,4,70,87,84,57,0,0,77,55,45,56,92,53,,
Business Analyst,BBA,72,4.4,100,100,0,4,81,96,70,82,69,3,100,64,80,38,85,25,,
Business Analyst,BTech,65,0.3,71,71,2,1,47,67,35,48,0,0,70,71,22,47,60,37,,
Business Analyst,BSc,64,0.1,87,68,7,7,47,65,46,51,58,6,100,39,58,29,64,66,,
Business Analyst,BSc,82,1.9,63,88,0,2,45,89,57,64,61,0,49,50,50,83,100,74,,
Business Analyst,BTech,54,0.4,57,100,2,2,50,100,44,60,55,0,85,28,69,100,80,58,,
Business Analyst,MSc,23,1.3,44,43,4,1,31,58,71,54,60,0,63,47,48,86,73,59,,
Business Analyst,Diploma,34,0.7,63,86,2,1,65,81,65,70,0,1,30,79,63,65,100,28,,
Business Analyst,BTech,62,1.3,74,59,4,1,44,85,51,43,0,0,58,89,49,53,87,48,,
Business Analyst,MSc,43,2.0,51,100,0,3,62,100,34,78,0,2,61,70,25,71,81,36,,
Business Analyst,BE,80,1.4,82,73,1,4,54,57,45,48,28,2,90,22,83,68,54,60,,
Business Analyst,BTech,47,7.9,100,66,1,7,100,76,74,64,89,1,100,40,83,100,100,81,,
Business Analyst,BE,54,4.2,69,65,2,3,100,82,17,58,68,2,50,57,68,100,68,44,,
Business Analyst,MTech,80,1.7,53,53,3,5,77,100,59,90,47,4,97,80,45,76,81,66,,
Business Analyst,MCA,94,0.7,67,44,4,2,51,63,39,47,22,2,100,82,76,65,46,83,,
Business Analyst,MCA,72,1.8,65,100,1,1,49,72,77,60,33,0,59,55,31,90,79,64,,
Business Analyst,MBA,76,1.9,82,62,2,6,63,58,94,70,0,0,81,54,29,61,46,58,,
Business Analyst,MBA,58,0.3,53,100,2,3,57,96,52,52,0,0,73,56,48,58,87,48,,
Business Analyst,BTech,37,0.3,42,90,1,1,58,89,75,53,37,1,80,77,51,76,89,49,,
Business Analyst,MCA,88,1.0,77,80,0,1,43,33,22,61,0,0,31,32,29,59,55,60,,
Business Analyst,BBA,87,1.2,97,100,0,6,75,81,57,60,47,1,91,62,71,62,87,51,,
Business Analyst,BE,79,2.8,92,82,3,3,68,62,41,69,82,1,84,59,82,96,85,45,,
Business Analyst,MCA,83,1.3,79,70,4,6,92,68,50,56,72,0,77,88,48,63,91,45,,
Business Analyst,BE,91,2.4,74,41,6,6,79,64,50,48,100,3,79,62,72,100,67,64,,
Business Analyst,BE,73,1.4,58,78,3,3,72,96,46,72,28,2,80,77,30,71,87,6,,
Business Analyst,PhD,80,2.0,44,87,1,1,31,68,36,48,37,0,78,100,67,76,77,77,,
Business Analyst,MCA,75,0.8,51,92,0,5,67,70,76,49,0,0,66,47,68,70,82,61,,
Business Analyst,BTech,66,2.6,75,98,1,5,42,100,54,61,0,2,84,55,47,41,74,48,,
Business Analyst,Diploma,22,2.6,91,75,3,1,26,65,79,52,24,1,76,61,41,70,79,36,,
Business Analyst,BTech,64,2.6,86,71,0,1,36,100,23,62,65,0,49,87,90,66,90,56,,
Business Analyst,MTech,66,0.1,82,97,3,2,13,89,34,77,0,2,45,56,63,45,68,46,,
Business Analyst,MSc,76,1.1,43,93,1,2,58,82,51,53,89,0,65,65,69,99,74,59,,
Business Analyst,BTech,44,2.5,62,76,1,3,62,94,54,76,59,3,99,79,61,50,86,67,,
Business Analyst,MTech,85,3.9,57,100,2,2,31,100,76,60,71,0,57,53,43,86,79,60,,
Business Analyst,BE,84,3.2,64,76,1,5,81,70,82,53,92,0,100,48,63,83,72,69,,
Business Analyst,BTech,86,1.0,79,60,3,1,68,71,7,39,0,0,82,28,60,45,58,60,,
Business Analyst,BCA,85,1.0,96,89,0,1,64,70,44,49,0,0,67,64,42,78,68,36,,
Business Analyst,BSc,11,3.6,70,84,6,0,55,94,47,57,60,0,45,35,39,73,67,29,,
Business Analyst,MBA,70,2.6,78,51,4,4,60,80,44,56,83,1,100,18,92,100,80,65,,
Business Analyst,BCA,27,1.9,99,81,4,4,66,50,74,69,67,0,72,33,67,75,83,52,,
Business Analyst,BTech,30,1.2,98,100,0,5,93,56,34,100,68,2,100,22,62,76,48,53,,
Business Analyst,BE,89,2.6,70,71,3,3,25,60,53,70,49,0,68,61,57,68,86,53,,
Business Analyst,BE,58,3.1,92,81,3,5,67,92,72,93,0,3,71,66,64,34,92,36,,
Business Analyst,BE,18,2.2,60,84,2,3,39,89,39,61,100,1,100,42,30,100,71,51,,
Business Analyst,BE,74,2.7,67,81,3,0,76,70,55,55,0,0,28,61,54,42,58,43,,
Business Analyst,BSc,88,0.8,49,96,3,4,78,87,67,70,28,2,96,23,68,75,75,81,,
Business Analyst,BCA,80,3.0,64,75,3,1,66,88,33,40,80,0,82,53,44,65,90,37,,
Business Analyst,MBA,70,2.5,65,92,0,2,50,92,60,52,45,2,95,63,35,84,78,43,,
Business Analyst,BE,78,2.8,100,75,5,1,50,64,39,59,57,1,59,78,27,44,95,70,,
Business Analyst,MCA,44,4.9,100,62,3,5,56,63,79,30,78,4,100,46,72,66,88,99,,
Business Analyst,BTech,32,2.6,84,64,1,4,71,71,47,46,73,4,78,53,59,53,86,50,,
Business Analyst,BTech,82,1.2,65,73,3,7,85,57,77,79,55,1,86,59,47,89,100,77,,
Business Analyst,BE,44,1.0,97,87,1,2,61,80,41,70,23,0,60,60,24,54,50,41,,
Business Analyst,BE,37,0.2,61,100,0,3,62,71,28,69,83,0,93,51,30,67,81,44,,
Business Analyst,BCA,96,1.4,45,100,1,3,88,90,45,59,0,3,71,69,47,53,75,25,,
Business Analyst,BTech,94,0.8,100,100,0,3,24,99,33,44,0,2,51,54,36,61,87,83,,
Business Analyst,BE,96,2.8,76,69,5,0,40,64,50,75,40,0,57,42,66,68,51,39,,
Business Analyst,BTech,97,1.6,92,99,2,5,61,72,95,37,97,4,100,72,47,98,100,36,,
Business Analyst,BE,94,0.4,76,59,3,5,41,74,22,28,73,2,96,100,48,61,55,70,,
Business Analyst,MCA,79,1.7,84,52,4,4,67,100,81,43,56,1,100,43,41,63,67,55,,
Business Analyst,BTech,87,3.2,56,100,0,5,67,74,67,67,12,4,100,46,56,70,61,63,,
Business Analyst,BTech,83,1.1,57,100,2,5,53,83,61,60,0,1,84,58,58,49,84,91,,
Business Analyst,BCA,22,2.0,81,72,0,2,80,86,48,31,53,0,63,77,37,55,55,30,,
Business Analyst,PhD,58,0.0,64,59,4,3,61,71,66,41,20,0,63,54,37,67,72,15,,
Business Analyst,BCA,60,0.9,58,72,3,5,84,79,75,43,41,0,87,64,66,83,81,38,,
Business Analyst,MSc,77,4.5,89,100,0,7,75,93,59,51,100,7,76,74,2,99,98,32,,
Business Analyst,BE,28,1.4,62,78,3,4,69,90,96,59,49,4,79,68,59,54,100,40,,
Business Analyst,MCA,67,1.1,73,63,4,5,38,44,74,93,0,2,54,57,89,40,39,63,,
Business Analyst,MBA,73,1.5,76,94,0,0,53,100,74,41,0,0,32,77,86,56,68,66,,
Business Analyst,BSc,61,4.3,71,98,4,6,66,60,57,60,70,5,89,34,45,62,94,98,,
Business Analyst,BTech,42,4.3,97,100,1,3,72,100,35,27,55,0,89,53,54,75,90,69,,
Business Analyst,MCA,44,0.8,51,100,0,1,50,72,26,29,0,0,39,74,60,31,58,63,,
Business Analyst,MSc,20,5.4,61,100,0,2,53,57,47,86,100,0,85,34,60,90,83,79,,
Business Analyst,BTech,48,1.5,52,92,2,3,69,85,56,59,43,0,98,37,49,77,60,80,,
Business Analyst,BTech,87,0.9,63,62,4,4,69,83,80,54,93,0,90,47,62,100,100,23,,
Business Analyst,MSc,20,1.4,67,73,1,2,53,55,58,17,62,1,85,57,55,60,82,52,,
Business Analyst,BE,87,0.6,66,100,2,3,77,84,47,100,22,1,84,60,72,44,86,38,,
Business Analyst,MBA,56,4.9,58,97,2,4,100,100,50,73,0,4,51,64,43,80,90,84,,
Business Analyst,BCA,96,6.4,89,98,0,4,65,100,63,87,0,0,64,65,69,52,71,58,,
Business Analyst,BE,66,0.8,52,83,0,2,53,67,47,65,0,0,63,54,37,51,63,55,,
Business Analyst,BTech,89,8.9,77,100,2,3,73,88,60,68,100,1,95,48,69,80,93,83,,
Business Analyst,BTech,90,3.4,78,87,1,2,65,65,60,23,64,2,96,91,21,53,80,66,,
Business Analyst,MSc,88,0.7,73,100,0,3,57,81,42,77,0,1,75,42,60,80,67,60,,
Business Analyst,BE,65,1.6,52,48,5,5,83,61,48,100,77,4,100,44,62,84,76,52,,
Business Analyst,BTech,64,0.9,62,94,1,4,87,66,49,47,0,0,53,55,43,80,65,54,,
Business Analyst,MBA,69,1.7,73,80,5,4,79,84,59,41,58,1,76,72,53,78,56,64,,
Business Analyst,BTech,91,1.6,68,43,6,3,81,82,27,36,0,2,64,43,43,60,62,73,,
Business Analyst,MCA,61,0.1,81,100,1,3,87,84,40,31,86,3,100,63,73,91,83,56,,
Business Analyst,MSc,33,0.0,59,64,4,1,43,89,57,64,53,1,87,60,46,88,58,49,,
Business Analyst,MSc,90,1.7,44,75,0,1,89,100,54,35,35,0,85,34,10,71,78,60,,
Business Analyst,BSc,94,1.7,83,72,2,4,55,68,46,64,53,0,67,46,60,66,52,64,,
Business Analyst,BBA,41,2.0,29,100,0,0,84,100,51,41,38,0,52,79,64,62,88,67,,
Business Analyst,BTech,60,1.3,61,78,2,4,53,73,0,80,100,3,84,52,59,98,77,84,,
Business Analyst,BE,60,2.4,79,100,0,3,39,97,46,47,100,0,100,58,35,88,100,70,,
Business Analyst,BE,75,0.7,64,80,4,1,27,64,64,61,70,0,53,65,59,54,59,64,,
Business Analyst,BCA,40,1.4,64,63,3,4,64,100,43,69,0,3,48,65,73,54,76,43,,
Business Analyst,MCA,63,1.6,54,83,0,6,92,71,78,100,0,3,62,86,84,72,66,57,,
Business Analyst,BE,83,2.8,69,89,2,3,42,81,62,53,52,1,72,39,61,77,68,60,,
Business Analyst,BE,84,2.1,51,86,1,3,66,76,59,70,25,2,83,49,51,65,64,47,,
Business Analyst,BE,68,1.0,69,88,4,2,57,63,40,59,25,0,69,63,57,59,72,78,,
Business Analyst,BE,48,1.4,59,100,0,2,55,98,59,53,40,0,81,59,61,71,89,52,,
Business Analyst,BE,74,2.5,70,59,6,3,65,54,45,51,56,1,60,44,41,48,71,53,,
Business Analyst,BTech,51,2.1,71,94,2,3,59,86,58,63,23,2,70,64,51,58,85,40,,
Business Analyst,PhD,66,5.6,64,100,1,3,68,71,62,76,62,0,79,54,53,71,100,51,,
Business Analyst,BE,77,3.1,76,82,4,5,73,66,74,61,46,1,85,49,66,79,74,44,,
Business Analyst,BSc,86,0.9,54,88,3,5,81,77,71,72,40,2,95,37,61,81,85,79,,
Business Analyst,BSc,70,2.0,66,70,4,4,76,76,44,63,0,2,73,60,57,86,85,70,,
Business Analyst,BE,74,2.0,66,100,1,3,59,93,45,51,58,1,87,63,39,74,91,51,,
Business Analyst,BSc,86,2.0,81,82,3,3,50,78,55,64,58,1,78,50,56,80,87,50,,
Business Analyst,BTech,62,0.9,83,91,2,2,56,84,24,37,0,1,56,57,59,60,75,45,,
Business Analyst,BE,53,2.4,90,82,1,2,56,77,49,77,53,1,68,69,43,65,64,54,,
Business Analyst,BBA,83,1.4,70,95,1,5,73,75,49,59,27,1,70,51,58,60,73,50,,
Business Analyst,BCA,72,5.6,72,98,2,3,65,98,71,69,52,0,53,69,61,60,87,54,,
Business Analyst,BTech,77,2.3,68,78,1,3,68,73,53,54,52,0,98,59,48,49,79,66,,
Business Analyst,MSc,67,4.9,75,100,1,5,71,94,66,52,98,4,63,73,24,86,100,37,,
Business Analyst,BTech,70,2.4,74,91,2,5,71,71,62,49,0,2,89,63,64,84,76,53,,
Business Analyst,MTech,62,4.9,55,98,1,3,43,80,70,78,66,0,72,62,43,67,90,36,,
Business Analyst,MCA,58,1.1,49,89,2,1,56,71,61,60,21,0,59,57,51,83,78,51,,
Business Analyst,MSc,59,2.4,73,100,2,5,73,77,45,63,0,5,63,68,35,77,81,53,,
Business Analyst,BTech,94,1.0,84,94,1,3,46,97,22,41,0,1,50,56,43,65,81,73,,
Business Analyst,BTech,72,1.8,66,87,2,4,59,98,48,67,14,2,81,68,37,58,81,23,,
Business Analyst,BSc,58,0.8,83,75,5,2,44,81,44,60,0,0,79,25,24,77,67,50,,
Business Analyst,BE,58,1.2,50,97,2,3,67,78,46,88,0,0,70,58,79,43,82,22,,
Business Analyst,BTech,82,3.1,59,64,5,3,50,52,60,53,75,0,66,37,44,62,84,72,,
Business Analyst,BE,81,0.2,51,77,3,5,72,80,54,57,0,0,63,67,73,67,89,50,,
Business Analyst,MCA,61,0.4,68,73,2,1,43,61,40,62,27,1,60,46,38,75,56,55,,
Business Analyst,BE,57,1.1,76,73,1,5,63,67,72,73,32,1,91,34,88,80,53,63,,
Business Analyst,BSc,61,3.3,75,87,2,3,62,65,58,59,0,0,57,52,41,46,85,80,,
Business Analyst,BE,27,2.0,77,65,3,4,72,70,58,82,41,3,77,39,58,58,75,61,,
Business Analyst,BTech,69,2.5,88,84,0,1,44,76,46,43,62,0,43,73,66,62,96,54,,
Business Analyst,MBA,77,1.6,67,74,2,5,62,67,77,65,0,0,76,59,43,74,56,58,,
Business Analyst,BCA,90,2.1,49,87,2,3,75,73,45,55,0,0,67,58,38,48,72,39,,
Business Analyst,BE,48,0.2,54,94,0,2,67,72,36,57,0,0,77,44,52,57,68,44,,
Business Analyst,BTech,57,1.1,87,88,2,3,70,58,38,76,60,1,97,43,58,67,62,69,,
Business Analyst,BTech,82,2.4,82,78,2,4,71,80,30,45,0,3,79,48,36,70,75,48,,
Business Analyst,MCA,71,2.6,86,66,5,3,78,75,51,52,73,2,78,43,65,81,86,41,,
Business Analyst,BBA,82,1.8,74,88,0,2,56,100,48,56,0,1,73,82,51,84,64,46,,
Business Analyst,BE,75,2.3,65,80,2,4,60,69,44,48,47,0,100,47,51,89,70,60,,
Business Analyst,BTech,74,2.8,68,98,1,5,52,89,59,63,5,3,91,51,51,53,69,56,,
Business Analyst,MCA,49,1.1,36,84,1,3,83,81,71,44,20,0,59,60,50,73,83,48,,
Business Analyst,MBA,78,2.8,70,89,0,2,56,82,59,41,53,2,96,73,30,72,80,52,,
Business Analyst,MSc,22,1.7,64,58,3,3,48,76,75,70,71,0,64,63,62,68,87,52,,
Business Analyst,PhD,70,0.4,57,54,5,3,64,68,59,51,55,0,68,43,60,82,80,35,,
Business Analyst,BTech,65,0.9,82,83,2,2,48,80,6,45,0,0,63,55,64,70,65,53,,
Business Analyst,BTech,69,2.7,88,76,1,2,51,83,32,66,75,0,64,75,86,81,88,52,,
Business Analyst,BTech,48,1.5,82,74,3,6,59,82,74,74,66,0,74,72,73,55,81,56,,
Business Analyst,BCA,54,2.5,84,67,4,3,64,87,60,52,0,0,58,73,70,66,86,52,,
Business Analyst,BE,73,1.9,59,80,1,1,59,76,40,53,36,0,74,53,40,57,75,48,,
Business Analyst,MSc,77,0.9,66,87,0,4,63,81,44,80,0,0,85,36,66,64,71,63,,
Business Analyst,MCA,84,1.3,84,59,3,4,70,84,61,43,0,3,67,81,30,75,84,71,,
Business Analyst,BE,89,5.0,93,91,2,3,59,86,54,76,0,0,64,70,51,48,80,63,,
Business Analyst,BTech,51,4.1,71,73,2,4,79,59,48,52,48,2,81,49,55,100,85,59,,
Business Analyst,PhD,77,2.0,62,77,2,3,46,63,64,57,18,0,79,79,50,68,63,68,,
Business Analyst,MCA,87,1.6,56,70,4,4,79,69,53,54,95,0,81,46,80,85,82,48,,
Business Analyst,MSc,68,6.5,80,100,1,4,77,99,62,50,87,0,75,54,65,75,100,43,,
Business Analyst,BTech,68,1.0,88,91,1,1,47,91,41,25,0,0,39,67,76,51,62,45,,
Business Analyst,MBA,58,4.8,96,87,2,5,71,87,76,86,33,3,81,65,65,50,89,30,,
Business Analyst,MCA,41,0.9,68,82,2,3,43,72,86,73,0,0,59,32,62,72,71,45,,
Business Analyst,BCA,76,2.0,96,90,1,2,57,63,63,52,0,0,80,60,42,75,76,46,,
Business Analyst,BSc,67,1.3,61,88,1,3,61,88,44,64,44,0,82,42,63,73,75,66,,
Business Analyst,BTech,30,2.2,47,80,1,4,63,75,48,56,45,2,56,57,76,61,83,19,,
Business Analyst,BTech,84,5.4,63,100,1,5,77,91,75,57,100,3,95,43,67,91,97,71,,
Business Analyst,BTech,65,1.2,56,63,2,2,66,76,47,67,56,1,65,56,50,57,76,32,,
Business Analyst,BE,32,4.6,71,89,1,3,71,54,60,63,54,2,80,64,45,79,92,75,,
Business Analyst,BE,74,1.1,78,49,4,4,67,82,68,58,51,1,90,58,54,71,82,59,,
Business Analyst,BTech,53,2.2,67,76,2,4,81,61,47,48,21,3,74,63,58,80,83,59,,
Business Analyst,BTech,77,1.6,67,75,2,1,45,81,56,57,20,0,76,69,48,59,84,51,,
Business Analyst,BE,81,2.9,66,86,2,5,53,83,82,58,22,0,76,62,72,52,60,58,,
Business Analyst,MBA,41,4.5,49,79,1,5,61,80,57,75,34,1,92,80,48,62,65,62,,
Business Analyst,BTech,53,3.2,100,73,3,3,51,72,50,23,0,2,77,50,70,56,76,69,,
Business Analyst,BE,63,1.7,68,73,2,5,49,69,77,86,40,0,80,54,77,80,67,61,,
Business Analyst,BBA,70,1.0,74,89,2,3,72,78,53,57,50,0,90,57,57,77,86,36,,
Business Analyst,MBA,51,1.9,62,77,2,3,48,77,82,57,83,0,68,27,57,95,99,61,,
Business Analyst,BTech,50,0.1,88,85,4,2,57,68,38,44,0,1,54,63,70,46,66,33,,
Business Analyst,BTech,59,1.8,62,100,1,1,52,77,65,52,31,0,63,58,38,82,80,54,,
Business Analyst,BTech,39,3.9,81,65,2,3,77,61,45,64,35,3,81,41,50,87,82,55,,
Business Analyst,BTech,70,1.0,55,70,3,2,82,79,41,35,0,1,74,67,62,43,67,61,,
Business Analyst,BTech,93,1.8,84,65,2,2,56,74,29,13,29,1,65,58,75,63,69,65,,
Business Analyst,MTech,88,3.5,80,95,1,1,67,71,26,66,57,0,78,71,58,99,99,32,,
Business Analyst,MTech,68,2.1,78,98,1,3,55,85,71,82,48,2,93,71,52,76,91,59,,
Business Analyst,MBA,75,5.6,72,97,1,4,83,100,56,80,0,2,56,64,56,68,80,71,,
Business Analyst,BTech,45,1.7,56,96,1,2,61,84,52,50,39,0,82,53,46,75,74,59,,
Business Analyst,MSc,83,2.8,74,89,0,2,70,59,51,33,51,1,83,54,34,83,96,72,,
Business Analyst,BTech,62,0.7,68,64,2,4,61,70,52,64,44,1,74,72,58,76,92,57,,
Business Analyst,MCA,54,2.7,76,67,2,5,66,75,61,60,58,2,100,34,74,53,81,79,,
Business Analyst,BE,90,1.7,68,58,3,2,38,62,46,58,35,0,84,71,67,67,66,66,,
Business Analyst,BTech,22,0.6,86,100,0,4,63,81,55,54,77,4,68,72,32,73,100,65,,
Business Analyst,BTech,75,0.7,78,100,1,3,37,99,39,52,26,0,67,40,53,79,83,70,,
Business Analyst,BTech,45,1.1,66,67,4,2,42,76,14,67,56,2,75,51,44,90,74,54,,
Business Analyst,MBA,71,2.7,66,88,1,1,60,83,58,53,30,1,69,62,43,68,71,44,,
Business Analyst,MSc,73,2.4,65,93,0,5,73,78,65,87,68,2,84,64,42,78,94,60,,
Business Analyst,BE,65,1.3,45,91,1,2,75,100,47,54,37,0,88,37,44,75,86,64,,
Business Analyst,BTech,80,1.7,87,99,1,4,33,100,44,53,0,2,68,55,42,52,81,65,,
Business Analyst,Diploma,42,2.2,77,76,3,2,46,78,65,61,27,1,77,68,36,70,83,23,,
Business Analyst,BTech,29,3.9,61,87,0,4,68,63,65,61,84,3,73,65,49,75,92,71,,
Business Analyst,BSc,69,1.4,56,67,2,2,74,87,64,33,18,0,56,84,32,68,82,63,,
Business Analyst,BCA,34,1.6,72,65,2,3,70,94,45,53,0,2,53,70,59,55,68,37,,
Business Analyst,MSc,91,2.8,64,86,1,5,78,87,57,75,37,0,68,66,49,79,89,64,,
Business Analyst,BE,54,3.0,72,88,1,2,67,84,55,65,49,2,75,71,56,75,100,40,,
Business Analyst,BE,37,1.4,97,85,2,3,63,68,54,70,40,0,64,49,40,63,63,45,,
Business Analyst,BBA,32,1.7,52,89,1,1,69,89,52,62,39,1,55,67,68,62,93,55,,
Business Analyst,BTech,53,3.0,72,77,0,5,67,78,63,58,76,4,73,75,53,73,90,45,,
Business Analyst,MTech,88,1.4,80,70,3,4,67,70,51,72,0,1,84,51,60,77,92,35,,
Business Analyst,MSc,42,2.1,40,100,0,1,74,100,42,60,0,0,57,75,44,66,84,52,,
Business Analyst,BE,96,2.0,68,75,4,1,59,80,30,55,0,0,53,50,59,68,60,50,,
Business Analyst,MSc,46,1.5,58,74,0,2,66,73,58,23,53,0,85,47,38,63,81,56,,
Business Analyst,MBA,57,3.4,83,71,4,5,70,80,73,58,0,0,63,48,85,83,91,65,,
Business Analyst,BTech,62,1.3,46,78,2,3,67,82,40,62,0,1,48,46,56,56,64,47,,
Business Analyst,BTech,68,0.9,82,45,5,5,59,66,66,58,0,0,75,69,77,68,65,63,,
Business Analyst,MCA,66,2.2,78,88,3,2,36,57,79,59,74,0,76,60,51,60,74,63,,
Business Analyst,BSc,76,2.1,49,87,3,5,79,80,64,67,55,2,95,31,67,83,79,82,,
Business Analyst,BE,63,1.3,54,75,2,2,50,84,48,43,0,0,62,46,49,37,64,46,,
Business Analyst,BTech,60,2.6,88,66,1,3,69,73,41,24,37,2,62,44,74,59,82,55,,
Business Analyst,MCA,74,0.6,82,72,2,6,54,75,28,85,68,3,79,49,63,80,67,54,,
Business Analyst,BE,42,1.4,73,75,2,2,59,80,49,87,31,2,69,61,53,64,93,18,,
Business Analyst,BTech,61,3.7,81,82,2,2,73,70,32,40,28,0,83,62,46,95,73,45,,
Business Analyst,BTech,84,2.0,69,76,2,3,68,72,31,50,0,0,89,35,59,55,60,60,,
Business Analyst,BE,58,1.1,45,95,1,2,65,95,61,61,0,1,68,66,68,55,87,38,,
Business Analyst,MSc,47,5.0,55,74,4,3,78,82,70,64,72,1,57,63,42,69,99,48,,
Business Analyst,BTech,57,3.9,79,89,1,4,72,73,37,58,25,3,92,49,49,96,92,77,,
Business Analyst,BCA,60,2.9,71,69,2,2,68,80,38,43,77,0,79,52,51,62,90,42,,
Business Analyst,MSc,51,2.2,59,99,0,4,55,100,41,73,0,2,68,65,34,61,78,40,,
Business Analyst,BTech,32,0.4,47,94,1,1,51,73,59,60,20,0,67,78,50,68,80,51,,
Business Analyst,PhD,84,1.4,75,61,5,4,69,77,50,50,0,2,72,52,59,59,60,72,,
Business Analyst,BSc,41,3.6,78,83,4,3,66,78,56,52,60,2,70,48,55,85,68,41,,
Business Analyst,BTech,37,2.3,57,72,2,6,72,73,50,59,92,0,75,57,57,76,81,40,,
Business Analyst,BTech,41,0.4,73,48,5,3,47,76,56,62,0,0,76,58,67,77,57,51,,
Business Analyst,Diploma,65,1.4,56,78,1,3,75,74,57,38,43,0,81,58,15,59,81,55,,
Business Analyst,BTech,68,0.9,85,92,4,4,63,65,76,51,0,2,82,68,57,72,87,40,,
Business Analyst,BCA,68,2.7,76,82,2,3,61,89,64,63,35,0,54,53,68,82,96,64,,
Business Analyst,MCA,80,3.1,90,75,1,4,75,86,55,52,83,2,91,49,64,90,98,58,,
Business Analyst,MBA,36,0.6,52,97,2,4,50,93,62,33,42,0,73,71,55,71,83,64,,
Business Analyst,BTech,88,1.1,66,82,4,3,44,67,51,49,0,0,87,62,57,53,81,89,,
Business Analyst,MCA,68,3.2,97,83,4,2,47,56,66,59,70,1,78,65,37,55,92,67,,
Business Analyst,BE,73,0.8,63,75,4,2,44,73,59,72,72,0,61,59,67,72,66,55,,
Business Analyst,BTech,60,0.7,57,88,2,5,84,67,53,47,11,0,62,65,54,72,74,64,,
Business Analyst,BCA,57,2.8,76,84,1,6,69,87,87,95,0,0,82,54,85,80,58,64,,
Business Analyst,MBA,66,5.5,83,92,2,5,77,85,67,73,65,3,92,71,52,73,87,14,,
Business Analyst,PhD,73,1.5,54,91,0,4,64,78,64,60,43,0,79,49,50,71,79,56,,
Business Analyst,BTech,71,2.8,69,86,4,7,74,59,66,69,64,3,89,45,45,74,97,88,,
Business Analyst,BTech,48,1.0,58,100,2,2,52,92,47,52,49,0,78,44,59,87,80,52,,
Business Analyst,BTech,77,3.7,59,100,0,5,82,81,75,69,42,4,86,60,46,80,76,49,,
Business Analyst,BE,42,4.5,71,89,0,4,57,63,64,80,89,2,81,77,56,74,93,84,,
Business Analyst,MSc,47,0.7,80,82,2,3,63,76,43,53,71,3,62,72,51,87,92,60,,
Business Analyst,BTech,85,2.6,92,97,1,4,59,74,92,69,67,3,100,87,44,76,100,48,,
Business Analyst,BTech,61,1.4,58,81,1,3,71,79,75,57,0,0,84,59,52,72,94,39,,
Business Analyst,BTech,71,1.3,78,99,0,3,40,100,34,59,0,2,55,60,31,64,84,61,,
Business Analyst,BBA,68,1.7,65,87,1,3,52,67,31,73,0,0,83,57,38,76,85,77,,
Business Analyst,MTech,69,3.4,72,96,0,4,76,74,74,51,71,2,55,71,42,76,97,42,,
Business Analyst,MBA,73,6.4,91,100,1,3,73,76,41,73,67,2,84,70,59,88,95,30,,
Business Analyst,BTech,74,0.7,62,77,3,3,62,89,67,56,80,0,88,41,65,99,92,36,,
Business Analyst,MCA,59,2.7,70,78,3,2,72,77,54,44,0,2,74,60,21,52,93,42,,
Business Analyst,MSc,32,1.9,66,86,0,3,70,92,42,54,27,0,62,73,31,64,67,34,,
Business Analyst,MTech,78,2.3,79,78,2,3,74,62,52,53,58,0,88,59,59,99,92,29,,
Business Analyst,BTech,72,0.8,55,100,2,4,55,89,58,57,0,1,79,57,54,54,86,69,,
Business Analyst,MBA,40,2.8,80,97,1,5,95,76,41,87,0,3,77,41,55,77,68,67,,
Business Analyst,BE,76,2.7,90,85,1,4,66,75,57,63,46,2,94,40,81,57,67,46,,
Business Analyst,BTech,73,1.4,79,57,4,4,52,68,59,68,18,1,76,50,75,64,67,55,,
Business Analyst,BTech,57,1.7,50,81,1,3,72,90,57,49,0,0,67,57,48,59,83,55,,
Business Analyst,BE,83,0.9,49,84,2,3,58,81,56,68,0,1,74,58,52,54,79,61,,
Business Analyst,MCA,64,1.5,74,75,4,4,69,84,60,57,28,2,78,52,50,62,66,61,,
Business Analyst,BTech,90,1.3,49,79,1,1,56,79,55,80,45,0,79,49,47,64,76,39,,
Business Analyst,BBA,53,5.6,83,99,0,3,65,74,83,58,44,2,84,61,37,59,96,66,,
Business Analyst,PhD,71,1.0,44,85,1,0,54,74,45,43,0,0,62,62,81,57,61,60,,
Business Analyst,MSc,84,0.9,68,96,1,3,58,83,52,63,75,0,77,36,46,85,69,70,,
Business Analyst,BTech,58,1.7,61,86,3,3,74,84,57,50,50,0,88,53,51,77,58,73,,
Business Analyst,BTech,74,1.0,71,66,3,3,73,74,35,42,16,0,83,43,64,60,68,50,,
Business Analyst,BBA,53,1.1,61,100,2,4,78,93,43,57,0,0,75,53,46,43,70,50,,
Business Analyst,BTech,61,2.1,70,87,1,2,59,80,45,29,0,1,61,51,60,70,81,51,,
Business Analyst,MCA,68,3.7,74,71,3,4,55,69,58,51,68,3,94,58,52,66,90,74,,
Business Analyst,BCA,80,1.2,54,97,1,4,88,78,47,54,0,1,62,62,45,68,70,41,,
Business Analyst,Diploma,79,1.8,62,78,2,4,86,81,55,72,79,0,79,58,74,85,74,31,,
Business Analyst,BTech,70,1.3,76,99,3,4,68,68,62,56,42,3,72,66,52,78,81,54,,
Business Analyst,MSc,41,1.8,62,54,2,1,32,76,50,57,62,0,58,62,65,76,81,57,,
Business Analyst,MTech,89,4.4,84,86,0,2,69,76,35,63,76,2,78,68,59,100,98,33,,
Business Analyst,BTech,42,2.6,73,75,1,2,50,68,54,80,0,0,73,88,61,56,83,57,,
Business Analyst,BSc,69,2.6,80,96,1,3,46,80,58,48,24,0,65,59,49,48,85,49,,
Business Analyst,BSc,86,1.6,69,63,4,3,43,62,54,65,26,0,71,69,46,53,86,33,,
Business Analyst,BE,68,3.3,81,90,2,6,78,70,88,70,46,2,99,72,56,75,93,53,,
Business Analyst,BE,55,4.0,69,84,1,2,67,81,50,61,0,0,57,76,62,41,70,43,,
Business Analyst,BBA,45,0.8,76,75,2,2,50,68,61,75,21,0,62,49,65,60,89,41,,
Cloud Engineer,BE,82,2.0,91,70,1,4,49,76,32,57,91,0,76,88,29,61,56,60,,
Cloud Engineer,MTech,48,4.3,55,69,2,3,64,78,35,50,88,0,66,54,35,77,68,77,,
Cloud Engineer,MCA,82,1.0,63,88,0,4,91,90,64,32,0,3,72,56,62,49,72,53,,
Cloud Engineer,BE,18,2.3,66,90,0,2,40,97,39,54,0,0,85,51,63,63,63,35,,
Cloud Engineer,BCA,75,0.4,60,85,5,2,40,98,16,33,44,2,67,89,54,64,75,62,,
Cloud Engineer,BTech,88,2.5,73,87,2,4,71,96,42,32,0,1,53,71,55,49,95,48,,
Cloud Engineer,BTech,60,0.8,71,100,0,3,59,66,44,36,28,3,93,65,67,88,86,73,,
Cloud Engineer,BE,82,0.5,33,37,6,3,93,64,12,46,22,2,97,21,42,74,52,71,,
Cloud Engineer,BTech,62,5.5,54,97,0,6,94,68,55,82,82,6,100,78,43,83,100,58,,
Cloud Engineer,BSc,34,1.2,100,62,3,3,100,56,43,77,62,2,64,81,64,85,80,55,,
Cloud Engineer,BE,49,1.5,44,100,0,3,70,59,64,56,0,0,60,58,72,46,68,65,,
Cloud Engineer,MSc,35,0.7,39,64,2,4,84,54,47,68,11,2,100,49,47,52,96,30,,
Cloud Engineer,BTech,77,0.8,69,90,0,4,57,78,70,64,84,0,77,69,81,79,91,44,,
Cloud Engineer,BE,62,1.6,52,83,5,3,76,56,51,22,0,1,74,43,77,63,73,31,,
Cloud Engineer,MSc,82,3.6,71,82,3,4,77,85,74,68,0,1,75,54,60,68,87,45,,
Cloud Engineer,MBA,72,3.8,64,67,1,4,72,70,75,62,100,3,84,72,55,77,100,61,,
Cloud Engineer,BTech,77,4.8,65,100,1,6,100,87,54,98,75,2,88,9,38,87,69,52,,
Cloud Engineer,MTech,78,0.7,79,100,3,1,56,77,48,43,0,0,33,66,42,71,59,34,,
Cloud Engineer,MBA,66,1.1,100,100,1,5,45,69,79,60,0,3,62,56,56,45,73,94,,
Cloud Engineer,MTech,46,1.0,35,100,0,4,66,100,42,76,0,0,57,80,31,55,64,57,,
Cloud Engineer,BCA,53,0.4,65,74,1,1,51,88,57,57,42,1,70,51,65,71,93,59,,
Cloud Engineer,MCA,36,0.1,60,59,5,1,56,75,43,35,35,0,48,64,79,57,70,72,,
Cloud Engineer,BSc,53,0.1,65,79,0,2,68,77,46,18,0,0,26,82,79,66,48,61,,
Cloud Engineer,BE,85,0.7,47,78,4,5,64,63,87,55,43,1,92,53,38,44,100,73,,
Cloud Engineer,MTech,47,2.2,86,95,0,2,29,67,68,66,35,0,82,88,27,55,90,48,,
Cloud Engineer,MCA,59,0.6,46,96,0,4,94,90,43,57,39,0,62,74,80,64,82,13,,
Cloud Engineer,BTech,12,0.5,90,90,3,3,49,53,16,45,0,0,50,55,53,38,59,73,,
Cloud Engineer,BE,79,0.4,70,84,0,0,46,73,43,74,56,0,30,84,10,74,99,54,,
Cloud Engineer,MSc,37,3.0,47,100,0,4,87,100,87,86,43,2,78,36,54,79,91,34,,
Cloud Engineer,BTech,57,0.5,72,87,1,6,94,76,52,65,0,4,60,62,45,48,39,52,,
Cloud Engineer,MCA,75,0.4,78,90,0,0,39,70,51,16,0,0,49,43,50,47,72,32,,
Cloud Engineer,BTech,83,2.5,38,100,0,3,86,78,93,63,0,0,61,56,78,79,78,54,,
Cloud Engineer,BTech,42,1.2,42,85,0,6,72,89,63,71,50,6,85,71,82,64,84,46,,
Cloud Engineer,MCA,85,1.2,84,39,5,4,65,57,37,57,64,0,82,98,57,76,93,51,,
Cloud Engineer,BCA,84,7.0,94,100,1,4,42,100,63,85,69,1,82,29,66,69,86,85,,
Cloud Engineer,MSc,36,4.1,94,66,2,4,75,65,40,69,0,0,62,71,33,64,76,67,,
Cloud Engineer,BTech,51,4.3,55,47,3,5,92,74,47,49,48,0,94,50,75,60,67,63,,
Cloud Engineer,BSc,90,0.6,59,100,1,0,75,85,58,70,0,0,55,68,57,55,44,31,,
Cloud Engineer,BE,64,1.5,73,18,8,0,66,4,66,31,59,0,88,64,17,73,60,45,,
Cloud Engineer,BTech,89,4.7,71,99,0,3,62,99,50,74,60,3,76,19,44,69,100,66,,
Cloud Engineer,BTech,96,0.9,64,98,0,2,43,100,41,76,0,1,51,60,47,80,60,79,,
Cloud Engineer,BTech,92,0.1,76,70,4,2,46,81,48,63,67,0,88,52,49,80,91,44,,
Cloud Engineer,BE,66,1.4,53,83,2,4,57,78,39,8,25,4,81,32,57,46,76,84,,
Cloud Engineer,BTech,25,1.8,51,77,2,3,67,69,61,49,39,1,100,38,85,39,83,59,,
Cloud Engineer,BE,65,0.9,90,82,2,0,51,83,55,61,0,0,61,24,63,39,66,40,,
Cloud Engineer,MSc,87,0.5,81,66,0,0,75,81,16,55,34,0,71,42,45,60,67,13,,
Cloud Engineer,MTech,29,1.5,55,100,3,5,69,87,80,100,0,0,59,49,72,68,89,90,,
Cloud Engineer,MSc,82,6.6,85,74,2,6,78,95,78,42,100,5,100,55,100,80,94,65,,
Cloud Engineer,BTech,49,1.3,79,100,0,3,74,73,38,66,0,0,60,53,45,86,59,56,,
Cloud Engineer,BCA,69,1.0,70,60,6,4,63,95,42,60,84,4,92,45,40,72,80,49,,
Cloud Engineer,BSc,53,1.5,90,66,2,0,62,96,67,31,100,0,88,73,33,87,84,22,,
Cloud Engineer,MSc,14,1.9,85,83,2,4,72,81,87,54,0,2,70,80,61,57,84,9,,
Cloud Engineer,BBA,83,0.8,59,53,3,2,63,100,40,63,61,2,68,68,66,89,81,56,,
Cloud Engineer,BTech,66,2.7,73,90,2,2,58,56,86,100,32,1,52,59,28,64,71,57,,
Cloud Engineer,BTech,44,1.4,58,82,4,3,52,76,53,61,0,0,75,57,58,28,57,80,,
Cloud Engineer,MBA,70,0.6,55,100,2,4,62,100,64,44,90,0,82,82,47,71,95,53,,
Cloud Engineer,MSc,64,2.6,76,94,1,6,68,82,47,61,100,0,79,60,64,100,100,59,,
Cloud Engineer,BTech,96,0.7,55,85,0,3,68,87,34,62,9,0,73,51,78,74,84,61,,
Cloud Engineer,BTech,78,0.2,70,31,7,3,52,61,7,34,44,0,65,91,67,60,97,43,,
Cloud Engineer,Diploma,81,6.5,88,100,1,3,54,83,71,74,81,2,60,52,38,54,90,62,,
Cloud Engineer,MCA,75,0.1,79,66,3,0,51,57,56,30,0,0,77,53,60,62,55,70,,
Cloud Engineer,MCA,99,1.2,57,71,2,7,76,51,53,71,73,7,100,99,67,69,57,37,,
Cloud Engineer,BTech,28,1.5,51,77,2,4,53,73,77,86,65,4,95,47,34,82,88,65,,
Cloud Engineer,BTech,83,0.3,62,96,0,0,84,70,62,60,0,0,32,86,52,53,46,36,,
Cloud Engineer,MSc,53,1.0,60,100,0,4,52,80,58,65,0,3,76,76,72,54,70,24,,
Cloud Engineer,BE,87,2.7,58,83,0,3,96,78,97,73,50,0,80,76,43,66,96,39,,
Cloud Engineer,MCA,87,4.3,79,100,2,3,100,80,80,76,0,1,73,66,46,57,79,55,,
Cloud Engineer,BE,52,0.3,65,32,4,3,54,50,40,25,47,0,69,71,51,80,98,66,,
Cloud Engineer,MCA,83,1.3,75,36,4,2,56,82,49,44,32,0,78,46,38,77,79,26,,
Cloud Engineer,BTech,38,0.9,52,78,1,6,85,94,55,29,80,0,59,40,75,84,83,45,,
Cloud Engineer,MCA,84,2.5,53,100,0,4,77,72,72,61,71,4,78,37,83,77,100,82,,
Cloud Engineer,BE,80,8.4,93,94,1,7,58,70,85,95,100,6,80,59,48,71,100,46,,
Cloud Engineer,BE,84,3.0,100,91,1,4,75,66,80,72,40,4,86,30,79,58,91,71,,
Cloud Engineer,MTech,55,1.0,60,91,0,2,88,82,32,41,29,0,50,77,52,58,100,37,,
Cloud Engineer,BSc,92,4.9,100,96,1,5,83,62,65,35,61,1,100,87,48,93,90,37,,
Cloud Engineer,BTech,38,2.7,43,100,0,5,75,96,76,40,93,0,77,74,51,51,81,78,,
Cloud Engineer,Diploma,49,2.1,71,91,1,5,48,94,64,60,54,4,100,67,69,64,75,81,,
Cloud Engineer,BTech,90,0.3,100,89,1,2,66,68,44,78,0,0,50,62,69,60,85,14,,
Cloud Engineer,MBA,48,1.3,44,54,2,1,53,51,62,14,65,0,71,76,47,44,80,81,,
Cloud Engineer,MTech,74,2.8,66,72,1,6,45,96,80,50,50,2,100,68,50,65,100,34,,
Cloud Engineer,BBA,9,4.4,81,64,2,2,79,100,31,34,27,1,66,70,73,87,68,40,,
Cloud Engineer,MTech,88,1.1,39,82,1,1,59,88,42,41,70,1,83,39,92,55,76,65,,
Cloud Engineer,BE,64,5.2,74,100,1,7,94,89,70,70,87,6,75,71,92,70,100,55,,
Cloud Engineer,BE,40,2.2,54,100,1,3,82,69,72,69,34,0,56,50,75,71,77,67,,
Cloud Engineer,BTech,41,4.7,96,58,4,1,39,70,32,70,54,0,86,68,22,67,100,72,,
Cloud Engineer,BTech,62,4.2,63,100,0,6,68,100,63,71,50,6,74,45,68,78,75,34,,
Cloud Engineer,BE,88,0.3,63,100,2,0,38,73,54,62,0,0,52,76,26,50,57,66,,
Cloud Engineer,MSc,81,1.8,46,100,0,0,49,39,41,55,0,0,33,50,71,53,100,48,,
Cloud Engineer,BCA,92,0.8,51,100,2,5,57,97,32,16,55,4,100,78,46,64,100,73,,
Cloud Engineer,BTech,61,1.3,56,68,3,1,47,97,32,37,0,0,59,51,61,42,64,83,,
Cloud Engineer,MBA,57,7.3,96,93,0,9,89,74,79,81,100,9,100,68,92,88,99,88,,
Cloud Engineer,BTech,88,0.6,88,72,3,5,67,62,21,89,0,0,52,33,43,56,78,45,,
Cloud Engineer,BTech,90,3.5,100,72,2,4,54,56,63,29,100,1,93,51,59,72,63,66,,
Cloud Engineer,BSc,67,1.1,46,75,4,0,46,82,61,62,28,0,46,52,26,46,100,56,,
Cloud Engineer,BTech,69,0.0,97,84,3,5,62,75,71,55,0,5,64,51,88,31,84,43,,
Cloud Engineer,MBA,52,3.0,62,75,2,4,84,64,67,70,0,0,100,55,49,47,58,80,,
Cloud Engineer,MSc,86,1.5,73,96,2,5,74,79,36,74,45,2,76,42,48,95,80,77,,
Cloud Engineer,BE,55,0.5,74,72,3,3,79,100,74,59,0,0,50,43,86,84,76,17,,
Cloud Engineer,BTech,88,3.0,63,62,3,2,50,82,44,74,0,2,83,64,73,53,85,48,,
Cloud Engineer,MTech,64,1.8,46,77,0,0,37,100,60,62,53,0,51,62,17,75,86,64,,
Cloud Engineer,BE,56,6.0,100,100,3,6,82,100,88,56,0,5,91,79,67,92,72,74,,
Cloud Engineer,BSc,68,6.7,100,72,0,7,85,66,61,42,64,3,74,33,54,81,93,57,,
Cloud Engineer,BTech,76,2.3,88,65,2,5,84,92,43,75,28,2,77,41,70,72,71,78,,
Cloud Engineer,MSc,77,1.0,73,100,0,7,69,71,67,33,23,0,100,45,58,38,70,52,,
Cloud Engineer,BTech,53,0.2,95,91,5,2,65,62,46,39,52,0,91,100,42,83,93,16,,
Cloud Engineer,BCA,91,1.2,55,77,3,4,83,72,63,71,0,2,63,85,61,81,83,40,,
Cloud Engineer,BTech,21,1.8,71,89,1,3,62,93,44,43,21,2,100,59,81,79,79,80,,
Cloud Engineer,MSc,80,0.9,96,100,1,2,59,100,61,81,0,0,27,58,23,37,63,33,,
Cloud Engineer,BE,41,0.1,79,98,3,4,81,89,43,75,0,2,70,56,46,36,69,65,,
Cloud Engineer,BCA,49,1.6,75,63,4,4,92,73,55,51,0,0,68,57,52,60,66,51,,
Cloud Engineer,MCA,53,1.0,68,76,2,1,80,60,82,55,43,0,54,83,8,77,74,66,,
Cloud Engineer,BTech,37,1.0,73,78,4,2,68,75,50,73,77,1,83,59,69,78,72,48,,
Cloud Engineer,BBA,24,1.2,83,100,2,2,46,48,53,38,0,0,51,57,23,59,84,31,,
Cloud Engineer,BSc,82,0.8,89,100,0,0,63,80,5,0,0,0,46,81,74,52,70,44,,
Cloud Engineer,MTech,82,2.6,62,86,3,2,26,59,72,81,0,1,65,36,48,61,79,41,,
Cloud Engineer,MBA,65,1.0,62,99,1,3,65,97,48,70,0,0,52,79,44,67,71,72,,
Cloud Engineer,BE,48,1.4,68,100,0,6,65,93,37,100,56,1,94,37,88,72,74,76,,
Cloud Engineer,BE,62,1.1,25,69,3,1,52,87,48,56,35,0,76,35,35,48,79,53,,
Cloud Engineer,MSc,80,2.1,89,100,0,4,55,94,34,72,0,1,55,66,51,40,100,38,,
Cloud Engineer,MCA,41,1.7,62,98,0,2,39,67,75,57,52,1,73,60,49,67,100,45,,
Cloud Engineer,BE,77,4.2,96,99,3,3,47,94,86,36,4,0,73,38,78,38,82,58,,
Cloud Engineer,MTech,84,0.2,81,80,1,2,66,100,22,26,0,2,44,78,57,60,85,42,,
Cloud Engineer,BTech,24,1.4,33,71,3,1,62,39,66,64,79,0,59,55,49,93,72,44,,
Cloud Engineer,BTech,83,1.4,100,80,4,0,76,85,62,49,44,0,85,66,59,97,59,32,,
Cloud Engineer,BCA,27,1.5,74,85,3,4,66,74,74,81,0,0,82,37,41,42,63,99,,
Cloud Engineer,MCA,86,4.1,99,87,3,3,52,78,81,66,32,0,70,98,36,60,61,48,,
Cloud Engineer,BE,91,0.6,94,47,7,3,84,52,60,50,76,0,90,41,73,78,73,30,,
Cloud Engineer,BE,72,0.6,77,91,2,2,45,95,43,38,0,1,68,44,75,72,86,77,,
Cloud Engineer,MSc,43,0.8,61,65,1,2,66,56,65,64,0,0,96,43,19,60,71,62,,
Cloud Engineer,MSc,89,0.8,70,59,3,0,57,64,6,34,0,0,57,53,46,44,56,29,,
Cloud Engineer,BCA,34,1.0,77,100,0,3,76,95,31,63,47,0,72,61,70,71,87,60,,
Cloud Engineer,MSc,49,1.8,86,83,1,1,54,87,70,100,46,0,63,68,47,70,95,45,,
Cloud Engineer,BE,86,0.3,60,100,2,3,52,82,51,58,0,0,72,46,53,42,65,68,,
Cloud Engineer,MBA,75,3.2,41,96,0,5,76,85,93,46,100,0,54,76,33,58,85,46,,
Cloud Engineer,BE,81,0.6,60,51,5,4,52,71,52,29,0,1,65,72,53,52,70,49,,
Cloud Engineer,BCA,51,3.3,75,70,2,2,69,70,75,27,63,0,77,68,61,94,92,73,,
Cloud Engineer,MBA,79,1.8,66,91,1,3,50,59,44,62,36,2,100,27,44,81,95,94,,
Cloud Engineer,BTech,56,1.0,51,77,3,2,40,65,41,63,0,0,40,64,81,50,78,76,,
Cloud Engineer,BE,77,0.2,64,87,0,5,95,96,38,58,0,4,100,73,79,70,80,35,,
Cloud Engineer,MSc,73,2.0,97,100,2,1,71,84,34,62,0,0,45,72,69,54,79,50,,
Cloud Engineer,MSc,35,2.0,90,100,2,3,52,91,40,47,25,2,74,49,49,69,94,67,,
Cloud Engineer,BTech,63,1.1,69,92,3,3,74,66,41,72,0,1,65,62,64,40,58,57,,
Cloud Engineer,BSc,89,3.3,95,100,1,3,54,95,76,40,51,1,100,76,44,83,90,81,,
Cloud Engineer,BTech,64,0.6,54,88,3,2,52,12,59,55,8,0,75,57,32,35,82,22,,
Cloud Engineer,MSc,75,0.9,80,45,5,4,83,69,77,56,0,0,47,44,60,44,72,80,,
Cloud Engineer,BTech,41,3.3,42,39,5,1,67,88,50,31,66,0,51,42,80,68,78,71,,
Cloud Engineer,MTech,83,1.3,74,82,3,4,57,57,27,45,70,0,100,87,45,95,100,75,,
Cloud Engineer,BE,86,1.3,75,74,4,2,32,64,47,41,41,0,89,54,42,42,89,57,,
Cloud Engineer,BTech,75,2.0,92,99,2,2,78,80,85,58,61,1,79,65,50,29,100,24,,
Cloud Engineer,BE,96,4.4,87,88,1,3,64,100,32,35,79,3,95,55,89,84,61,49,,
Cloud Engineer,BTech,71,1.0,67,53,5,4,57,81,45,62,44,0,71,58,62,64,78,65,,
Cloud Engineer,BTech,86,2.1,60,82,1,2,67,48,60,39,66,0,66,77,60,86,100,72,,
Cloud Engineer,MSc,37,1.3,61,67,3,3,60,75,100,69,41,1,100,91,71,69,86,36,,
Cloud Engineer,BTech,57,4.1,66,100,0,2,57,100,49,47,48,0,79,33,78,43,70,32,,
Cloud Engineer,BTech,77,1.9,50,100,2,7,46,93,48,61,0,0,76,0,70,55,97,84,,
Cloud Engineer,BSc,86,1.1,71,53,6,3,72,69,34,35,14,3,79,100,76,47,69,45,,
Cloud Engineer,BBA,37,0.2,63,100,2,5,54,58,47,75,56,0,100,91,47,74,84,38,,
Cloud Engineer,MCA,46,4.1,67,100,0,4,68,100,96,50,85,3,71,89,66,72,97,42,,
Cloud Engineer,Diploma,87,4.2,52,100,0,4,73,70,46,53,83,3,87,61,44,87,90,55,,
Cloud Engineer,BE,86,2.6,73,55,6,1,80,92,34,58,24,1,80,81,53,20,64,72,,
Cloud Engineer,MSc,19,3.7,61,81,0,5,87,47,57,37,80,2,73,67,53,86,91,53,,
Cloud Engineer,BE,97,0.1,55,65,4,5,60,88,26,56,71,0,96,22,72,53,64,61,,
Cloud Engineer,BE,86,0.2,43,21,4,4,74,29,52,34,13,2,66,56,39,51,59,43,,
Cloud Engineer,BCA,90,1.6,59,100,0,1,75,73,72,56,84,0,69,74,56,92,83,53,,
Cloud Engineer,MSc,88,2.0,100,92,0,6,73,96,50,63,100,4,80,44,69,97,100,56,,
Cloud Engineer,BTech,28,2.5,48,83,0,5,55,100,84,87,0,1,73,40,61,43,68,67,,
Cloud Engineer,MBA,60,2.3,74,77,4,6,85,80,25,60,88,2,100,68,34,89,75,61,,
Cloud Engineer,BSc,79,3.6,97,59,4,5,85,58,61,47,71,0,83,37,63,79,83,44,,
Cloud Engineer,MSc,47,2.4,64,71,1,3,75,53,35,35,49,0,68,62,50,69,77,43,,
Cloud Engineer,BE,84,5.7,97,92,1,6,67,67,83,84,72,5,84,45,64,66,96,57,,
Cloud Engineer,BTech,64,0.9,69,79,2,4,58,72,43,47,34,0,83,62,66,79,83,70,,
Cloud Engineer,BCA,56,1.5,66,99,1,5,62,94,38,61,0,0,75,33,69,64,91,72,,
Cloud Engineer,BBA,80,0.4,67,71,1,1,54,84,42,70,60,1,45,77,32,80,92,54,,
Cloud Engineer,BE,90,2.9,91,93,1,3,63,100,44,52,0,2,68,56,64,66,61,43,,
Cloud Engineer,BTech,84,1.3,67,79,3,1,82,79,49,58,0,1,53,83,52,38,53,52,,
Cloud Engineer,BTech,31,1.3,89,86,3,3,70,74,72,48,0,0,79,88,55,67,88,11,,
Cloud Engineer,MSc,21,1.5,83,93,2,3,57,60,67,44,0,0,59,65,38,59,84,23,,
Cloud Engineer,BE,55,2.0,53,80,2,4,71,88,73,63,29,2,73,50,53,69,83,39,,
Cloud Engineer,BE,74,0.5,78,90,1,1,41,81,47,25,0,1,57,43,64,59,79,55,,
Cloud Engineer,MSc,88,2.4,74,76,2,1,76,71,40,53,0,0,65,59,46,51,67,41,,
Cloud Engineer,BTech,82,1.0,55,100,2,5,48,87,50,60,0,0,73,26,61,47,79,75,,
Cloud Engineer,BTech,64,1.1,65,93,0,3,51,74,71,62,74,0,76,65,70,74,94,43,,
Cloud Engineer,MSc,72,4.1,89,80,3,5,74,83,67,40,82,0,97,72,78,80,94,47,,
Cloud Engineer,MBA,49,1.5,77,100,2,3,56,94,49,46,49,1,77,62,49,69,94,62,,
Cloud Engineer,BE,91,2.2,88,79,2,4,65,79,26,65,34,1,72,43,63,67,71,47,,
Cloud Engineer,BTech,66,0.6,79,92,1,4,82,78,34,41,0,3,56,70,56,48,49,49,,
Cloud Engineer,BTech,41,1.8,73,71,2,1,64,85,65,39,73,0,93,58,54,67,83,37,,
Cloud Engineer,MTech,77,0.4,74,63,5,2,54,69,27,38,0,0,52,80,55,65,80,40,,
Cloud Engineer,BE,77,0.7,57,95,2,3,54,79,47,39,0,0,75,41,55,45,70,75,,
Cloud Engineer,BTech,67,1.0,83,93,2,2,56,91,58,73,0,0,44,58,34,35,61,49,,
Cloud Engineer,BCA,49,1.2,71,74,4,4,65,84,57,71,45,0,87,41,42,57,71,75,,
Cloud Engineer,BTech,45,1.5,55,64,2,4,64,72,56,32,69,0,72,72,51,66,91,71,,
Cloud Engineer,BTech,52,3.0,64,90,3,5,71,82,62,66,40,0,76,62,73,48,76,69,,
Cloud Engineer,BTech,69,1.5,86,89,1,5,86,72,65,68,0,4,71,48,60,55,63,60,,
Cloud Engineer,MTech,67,1.3,93,91,0,2,46,67,58,72,0,0,68,76,46,56,88,33,,
Cloud Engineer,BTech,74,3.1,82,95,0,6,71,98,56,67,75,5,77,44,69,88,88,45,,
Cloud Engineer,MSc,29,1.7,57,83,3,2,57,61,54,57,58,1,65,52,48,83,81,54,,
Cloud Engineer,BSc,69,1.9,77,87,0,3,74,73,53,27,0,0,54,84,67,76,64,52,,
Cloud Engineer,BE,78,1.4,58,52,3,3,66,42,68,64,22,2,60,57,35,56,65,50,,
Cloud Engineer,BTech,35,1.0,89,87,4,3,68,71,65,45,28,0,82,92,51,71,88,13,,
Cloud Engineer,BE,55,0.8,57,58,3,2,47,58,41,46,0,0,53,68,69,61,86,72,,
Cloud Engineer,BTech,60,1.0,93,88,2,4,48,72,70,59,0,3,71,67,62,42,87,45,,
Cloud Engineer,BCA,61,4.3,85,87,2,3,55,88,56,80,72,1,82,43,67,74,80,67,,
Cloud Engineer,BCA,81,4.0,77,91,3,3,42,98,40,61,57,1,75,56,60,67,81,74,,
Cloud Engineer,MSc,62,1.3,74,73,3,5,74,81,58,78,0,0,70,41,75,58,74,78,,
Cloud Engineer,BE,68,1.8,72,83,2,3,55,65,57,66,18,2,58,50,79,53,83,75,,
Cloud Engineer,BTech,26,2.2,57,94,0,3,52,97,54,48,37,0,82,59,59,58,70,52,,
Cloud Engineer,BCA,89,3.1,65,100,2,4,56,91,48,39,64,3,86,67,43,61,96,68,,
Cloud Engineer,MSc,74,2.3,69,70,4,4,70,90,59,63,36,2,84,50,51,70,83,48,,
Cloud Engineer,MCA,33,1.4,69,83,1,2,69,79,59,48,30,1,80,71,49,77,76,73,,
Cloud Engineer,BBA,24,1.2,63,90,2,2,51,45,58,47,33,0,54,56,33,73,79,36,,
Cloud Engineer,Diploma,63,3.8,81,82,3,4,75,78,61,63,0,0,64,56,46,58,77,56,,
Cloud Engineer,BE,56,2.2,74,97,0,3,52,67,76,64,47,2,78,49,59,64,97,55,,
Cloud Engineer,BTech,68,1.1,84,74,3,1,72,73,63,54,28,0,88,56,44,83,64,44,,
Cloud Engineer,BSc,70,2.2,58,89,0,3,71,73,47,36,0,1,58,72,62,78,69,57,,
Cloud Engineer,MCA,78,0.6,61,86,3,3,60,95,34,32,27,2,69,77,57,58,74,59,,
Cloud Engineer,BTech,67,2.0,84,63,3,5,87,85,47,66,17,1,74,47,63,67,70,69,,
Cloud Engineer,BTech,35,1.1,51,78,1,5,72,84,67,54,73,2,75,43,56,84,85,53,,
Cloud Engineer,BTech,64,0.8,82,74,4,4,68,69,35,82,0,0,67,46,54,67,75,45,,
Cloud Engineer,BTech,65,2.4,66,71,3,3,57,78,56,76,0,0,82,53,58,49,77,69,,
Cloud Engineer,BCA,57,3.0,74,76,3,2,50,86,51,55,48,0,61,50,72,61,77,78,,
Cloud Engineer,BTech,69,2.8,64,99,0,4,74,71,43,57,0,0,75,57,44,86,76,56,,
Cloud Engineer,BCA,79,0.5,61,90,3,1,59,85,38,46,26,1,52,87,53,60,62,51,,
Cloud Engineer,BTech,60,1.1,77,71,2,1,70,67,64,58,16,0,91,52,35,75,66,49,,
Cloud Engineer,BE,87,1.8,58,79,3,3,38,70,53,72,23,0,77,30,57,59,73,49,,
Cloud Engineer,BSc,77,3.7,95,85,1,3,76,75,66,34,77,1,96,81,42,93,87,33,,
Cloud Engineer,BTech,86,2.2,71,85,3,4,73,83,50,79,70,0,88,31,44,84,80,48,,
Cloud Engineer,MSc,70,1.1,94,86,1,2,61,77,57,89,23,0,56,65,59,66,90,28,,
Cloud Engineer,BTech,33,1.3,61,85,2,5,69,81,70,78,0,2,83,52,59,51,72,78,,
Cloud Engineer,BE,40,1.1,73,100,0,4,72,94,34,77,52,0,81,52,77,72,82,66,,
Cloud Engineer,MCA,37,1.4,52,81,2,3,67,87,61,37,67,0,63,69,65,55,76,74,,
Cloud Engineer,BCA,86,5.1,97,85,2,4,48,75,63,53,87,1,89,41,61,71,73,74,,
Cloud Engineer,BSc,38,4.9,76,78,0,6,87,55,59,39,76,2,74,52,55,84,92,55,,
Cloud Engineer,MCA,74,0.6,62,72,3,3,71,73,58,57,54,0,73,56,36,67,69,64,,
Cloud Engineer,BE,81,1.4,80,75,2,3,47,84,26,48,75,0,73,88,36,61,63,60,,
Cloud Engineer,BTech,82,1.5,78,61,3,2,69,76,22,54,14,1,66,47,57,58,63,52,,
Cloud Engineer,BSc,90,1.6,73,100,1,1,67,89,66,58,0,0,72,72,52,65,62,50,,
Cloud Engineer,MSc,69,1.5,70,75,2,3,53,79,35,48,0,0,80,60,58,54,66,55,,
Cloud Engineer,BCA,57,1.7,69,89,2,4,57,65,57,70,0,1,93,32,44,65,82,96,,
Cloud Engineer,BCA,64,1.3,59,75,5,3,71,71,48,38,33,2,82,43,62,66,76,37,,
Cloud Engineer,MCA,71,2.3,75,81,2,2,73,76,62,47,57,0,71,71,40,80,68,58,,
Cloud Engineer,BCA,26,3.9,78,67,2,2,75,87,49,31,41,1,70,69,70,90,78,54,,
Cloud Engineer,MBA,78,1.6,67,78,0,1,54,71,55,69,72,0,50,81,26,75,98,57,,
Cloud Engineer,MSc,62,0.6,64,56,4,4,83,53,54,60,42,1,95,47,59,63,86,31,,
Cloud Engineer,MBA,63,2.2,61,66,3,4,73,66,63,56,0,0,87,62,51,50,62,69,,
Cloud Engineer,BTech,43,1.7,52,85,1,3,54,57,72,71,4,0,74,48,48,39,75,44,,
Cloud Engineer,BE,35,2.9,67,57,3,3,79,30,61,33,71,1,79,66,40,81,79,49,,
Cloud Engineer,BTech,56,3.9,78,89,3,4,63,85,66,58,0,3,69,73,74,71,75,74,,
Cloud Engineer,BTech,22,2.4,57,87,0,3,46,99,59,69,0,0,78,45,62,54,66,51,,
Cloud Engineer,MSc,52,2.0,69,83,2,5,65,79,70,64,75,0,88,74,66,87,93,50,,
Cloud Engineer,MBA,54,3.7,80,84,1,5,71,81,69,68,70,5,84,60,78,78,97,73,,
Cloud Engineer,BE,85,1.5,51,90,2,4,70,67,81,58,57,2,84,45,60,61,100,78,,
Cloud Engineer,MCA,74,0.0,79,65,3,0,52,58,56,29,0,0,76,52,61,61,56,71,,
Cloud Engineer,MSc,42,1.8,53,81,1,3,70,73,70,53,44,0,88,56,33,56,75,69,,
Cloud Engineer,BE,87,0.5,63,42,6,3,89,59,34,48,49,0,94,30,56,76,63,52,,
Cloud Engineer,BE,74,4.0,88,91,1,2,52,83,63,69,43,1,60,40,49,48,79,53,,
Cloud Engineer,BE,82,1.2,40,76,2,1,66,49,30,52,7,1,57,38,61,60,82,56,,
Cloud Engineer,BTech,66,2.2,81,86,1,5,79,77,71,55,58,3,76,32,76,68,88,61,,
Cloud Engineer,BE,62,1.1,83,66,4,3,75,71,54,46,52,0,93,48,78,78,76,52,,
Cloud Engineer,MSc,51,1.9,70,86,0,2,59,61,52,25,35,1,60,53,52,64,80,41,,
Cloud Engineer,BE,43,0.6,72,68,2,3,66,73,35,45,47,0,71,66,63,76,93,63,,
Cloud Engineer,MSc,84,3.3,95,78,3,2,76,89,67,46,65,2,92,62,75,90,72,45,,
Cloud Engineer,MSc,53,0.5,54,51,4,4,71,56,30,55,25,1,86,68,56,56,96,36,,
Cloud Engineer,Diploma,67,1.7,73,83,3,3,40,80,56,51,48,2,95,60,56,53,82,69,,
Cloud Engineer,BE,72,2.2,76,58,3,3,58,73,36,29,62,0,81,63,68,82,82,58,,
Cloud Engineer,MBA,75,2.1,49,93,0,5,83,90,74,50,0,0,70,74,49,63,83,42,,
Cloud Engineer,BTech,88,0.6,89,76,3,2,67,68,41,63,4,0,60,74,71,56,79,25,,
Cloud Engineer,MTech,83,1.6,82,77,2,4,52,68,29,51,80,0,88,88,36,78,78,67,,
Cloud Engineer,BTech,80,1.0,69,91,1,4,64,78,57,68,67,0,76,58,68,85,88,56,,
Cloud Engineer,BE,62,1.3,43,66,4,3,88,66,38,56,29,0,78,34,56,71,63,69,,
Cloud Engineer,MSc,93,1.0,73,83,2,5,69,72,57,75,45,4,71,83,50,56,60,36,,
Cloud Engineer,MBA,69,1.2,76,83,2,3,59,74,39,36,42,1,71,54,43,66,73,46,,
Cloud Engineer,BE,55,4.7,83,87,1,6,87,80,57,69,0,4,69,71,69,67,91,59,,
Cloud Engineer,BTech,49,0.8,79,88,5,2,59,68,48,49,29,0,84,82,48,59,77,43,,
Cloud Engineer,MBA,75,4.5,92,99,1,4,50,79,74,68,0,2,60,53,46,51,84,74,,
Cloud Engineer,BBA,86,0.5,62,80,2,1,48,85,48,62,0,1,58,74,42,65,66,61,,
Cloud Engineer,MBA,62,0.5,65,86,2,3,70,99,68,52,0,0,66,63,67,78,85,34,,
Cloud Engineer,MSc,36,1.5,68,81,2,3,56,73,63,58,0,1,55,73,71,53,81,43,,
Cloud Engineer,BE,84,0.4,76,74,0,0,61,78,29,64,43,0,51,62,28,66,82,34,,
Cloud Engineer,BCA,41,1.0,71,85,2,5,80,75,63,74,0,0,70,48,43,44,51,76,,
Cloud Engineer,BE,60,3.7,84,94,3,4,78,83,66,64,0,3,79,70,65,68,65,66,,
Cloud Engineer,MSc,56,1.8,72,72,0,2,80,66,34,46,55,1,72,53,49,72,77,30,,
Cloud Engineer,MCA,62,0.3,71,56,2,2,48,58,44,21,0,0,60,58,52,65,86,51,,
Cloud Engineer,BSc,62,1.9,79,87,1,2,60,85,63,26,0,0,45,64,78,53,63,59,,
Cloud Engineer,BTech,57,1.9,75,89,0,4,61,82,55,60,0,1,77,59,46,77,76,47,,
Cloud Engineer,BE,68,1.5,76,84,0,4,50,78,44,61,47,0,77,83,48,57,62,43,,
Cloud Engineer,BCA,90,1.2,62,85,3,4,79,75,52,74,0,2,68,70,56,86,81,54,,
Cloud Engineer,MSc,62,1.1,66,73,2,1,55,73,61,42,0,0,52,68,36,42,74,61,,
Cloud Engineer,MSc,84,0.8,65,94,0,5,70,78,54,45,18,0,90,47,66,52,77,55,,
Cloud Engineer,BTech,64,0.4,79,73,5,3,59,66,48,35,30,0,80,87,47,69,84,31,,
Cloud Engineer,MSc,29,1.8,67,92,1,4,71,71,78,54,0,1,66,71,66,53,77,34,,
Cloud Engineer,MCA,43,1.8,62,97,0,2,38,67,75,56,52,1,74,60,49,67,99,44,,
Cloud Engineer,BTech,70,1.3,54,77,3,2,58,84,51,48,25,0,64,44,62,52,70,69,,
Cloud Engineer,MTech,59,1.0,56,72,3,4,71,55,38,56,41,0,100,68,47,74,98,51,,
Cloud Engineer,BCA,56,1.8,59,84,1,3,81,80,58,44,50,0,70,71,72,77,87,40,,
Cloud Engineer,MSc,61,1.1,76,83,3,2,48,92,46,70,46,1,64,78,51,67,85,53,,
Cloud Engineer,BTech,45,1.0,53,78,2,5,68,84,49,42,0,0,52,49,77,71,81,56,,
Cloud Engineer,BTech,75,1.4,56,90,1,2,60,70,59,57,0,0,57,71,66,75,81,63,,
Cloud Engineer,BE,52,1.0,55,85,2,3,53,77,67,75,0,0,86,47,40,66,78,67,,
Cloud Engineer,BE,48,1.6,68,90,0,3,48,87,55,60,0,0,81,60,73,71,77,40,,
Cloud Engineer,MCA,82,1.7,51,93,0,4,88,83,77,46,0,2,68,57,70,64,75,54,,
Cloud Engineer,BTech,77,2.9,59,100,0,4,67,70,43,47,62,3,90,62,52,87,89,59,,
Cloud Engineer,MBA,60,0.9,50,76,3,2,52,27,61,40,29,0,75,63,39,38,81,43,,
Cloud Engineer,MTech,57,1.8,78,78,2,3,41,73,59,64,38,0,78,76,41,58,85,55,,
Cloud Engineer,MCA,87,1.9,71,59,3,4,79,66,66,65,58,0,81,88,50,71,94,45,,
Cloud Engineer,MCA,69,0.3,63,85,3,0,44,75,51,51,0,0,51,70,47,53,62,69,,
Cloud Engineer,BTech,68,4.8,86,80,1,5,73,61,71,69,49,2,63,46,42,73,83,57,,
Cloud Engineer,BTech,68,3.9,59,95,0,5,76,65,50,74,62,4,100,57,44,81,98,73,,
Cloud Engineer,BSc,79,3.1,76,82,0,5,89,81,62,36,24,3,73,46,59,60,80,55,,
Cloud Engineer,MSc,46,3.3,64,77,0,6,65,72,68,44,69,2,87,66,50,76,95,45,,
Cloud Engineer,BE,71,0.8,76,64,3,0,47,46,56,21,23,0,63,50,38,57,67,37,,
Cloud Engineer,BBA,53,1.0,71,78,2,2,54,72,47,51,30,1,58,62,44,73,84,44,,
Cloud Engineer,BE,93,1.0,61,72,3,5,65,91,31,46,0,0,80,42,66,52,76,56,,
Cloud Engineer,BE,80,5.9,96,99,2,4,44,98,72,68,43,1,79,32,70,56,84,75,,
Cloud Engineer,MSc,78,1.2,70,70,4,4,64,80,41,66,42,1,73,52,55,77,79,70,,
Cloud Engineer,MSc,65,0.9,88,92,2,2,62,90,57,78,0,0,46,59,39,51,66,39,,
Cloud Engineer,BBA,55,0.5,67,100,1,6,61,64,56,54,41,0,100,70,51,58,77,44,,
Cloud Engineer,MBA,52,4.8,71,96,0,7,80,84,64,79,0,0,83,72,69,75,86,75,,
Cloud Engineer,BTech,25,1.3,59,81,1,3,69,78,45,51,19,2,99,54,69,69,86,62,,
Cloud Engineer,BTech,57,0.7,68,88,1,3,76,88,32,16,0,0,52,57,74,70,78,44,,
Cloud Engineer,MTech,83,0.5,87,95,2,1,59,73,47,56,0,0,40,64,53,67,70,27,,
Cloud Engineer,MSc,78,0.7,61,42,5,4,87,67,53,53,0,1,65,36,53,55,66,77,,
Cloud Engineer,MTech,42,0.8,76,95,4,3,66,74,60,67,26,0,76,76,57,77,91,52,,
Cloud Engineer,BCA,59,4.0,85,100,1,3,59,97,47,73,59,1,78,46,67,71,86,72,,
Cloud Engineer,BSc,86,2.7,96,93,2,2,62,91,71,43,48,1,95,73,50,87,79,66,,
Cloud Engineer,BSc,44,3.5,73,87,0,4,75,65,63,37,71,2,82,69,49,83,90,62,,
Cloud Engineer,BTech,73,0.7,69,75,4,2,48,79,50,61,44,0,84,54,52,61,79,59,,
Cloud Engineer,MSc,56,2.9,75,84,3,4,74,84,79,63,0,1,74,64,60,63,86,32,,
Cloud Engineer,MSc,57,2.0,66,80,3,4,85,81,77,72,54,0,83,38,62,78,85,33,,
Cloud Engineer,BSc,66,1.3,80,86,0,3,71,71,61,41,0,0,50,60,80,61,66,65,,
Cloud Engineer,MTech,51,0.6,54,58,3,3,59,68,40,46,29,0,65,75,43,70,85,63,,
Cloud Engineer,BTech,56,3.1,75,92,1,4,62,94,65,84,46,3,69,56,58,74,84,40,,
Cloud Engineer,MSc,67,1.0,79,95,2,3,68,79,50,76,0,1,50,59,49,40,60,48,,
Cloud Engineer,BE,88,3.1,89,78,1,4,56,87,30,48,87,0,84,74,54,70,58,55,,
Cloud Engineer,MCA,76,0.2,77,80,1,0,45,63,55,23,0,0,62,48,54,53,64,49,,
Cloud Engineer,BCA,64,3.1,70,71,1,4,57,85,77,40,54,0,90,69,54,78,96,52,,
Cloud Engineer,MSc,66,1.3,68,82,1,1,79,75,43,60,34,0,63,45,60,64,72,41,,
Cloud Engineer,BTech,57,0.3,74,97,3,1,44,64,38,55,0,0,51,69,38,45,58,70,,
Cloud Engineer,BTech,50,3.0,68,99,0,5,70,98,53,70,49,4,73,52,69,75,80,43,,
Cloud Engineer,BE,81,0.1,55,61,1,5,87,69,44,48,9,3,87,65,63,63,71,38,,
Cloud Engineer,BTech,54,2.8,55,85,2,2,79,59,73,71,0,0,64,61,47,76,76,49,,
Cloud Engineer,MCA,87,1.8,70,99,2,1,61,76,64,67,0,0,60,73,34,52,66,62,,
Cloud Engineer,MSc,67,2.5,78,82,1,5,80,78,59,67,43,0,91,50,57,67,76,69,,
Cloud Engineer,BTech,46,1.3,90,81,2,3,48,64,24,51,44,0,62,71,41,48,58,67,,
Cloud Engineer,BTech,43,2.8,57,89,1,3,54,87,61,65,56,0,86,39,58,60,79,47,,
Cloud Engineer,BCA,76,1.0,56,92,2,2,61,38,65,55,37,0,72,63,41,58,81,36,,
Cloud Engineer,MSc,38,2.2,86,81,2,4,77,74,41,71,0,0,66,65,40,52,72,67,,
Cloud Engineer,BE,69,0.3,77,77,2,2,72,100,45,41,0,1,48,62,69,71,81,32,,
Cloud Engineer,BBA,38,0.7,74,86,2,1,48,68,55,47,22,0,61,55,43,65,89,45,,
Cloud Engineer,BTech,82,2.1,67,79,2,4,58,77,54,56,9,0,91,56,66,46,79,48,,
Cloud Engineer,MTech,47,3.0,74,84,1,2,43,72,56,61,54,0,76,76,30,63,81,59,,
Cloud Engineer,MTech,62,0.9,56,100,1,3,61,90,44,60,0,0,44,73,36,63,62,45,,
Cloud Engineer,MTech,51,1.4,61,78,2,4,56,66,56,68,67,0,98,65,40,87,94,70,,
Cloud Engineer,MCA,65,2.6,73,85,0,2,72,90,61,52,62,2,72,69,57,67,84,30,,
Cloud Engineer,BBA,21,1.8,75,95,1,2,43,73,46,47,0,0,69,54,43,60,74,32,,
Cloud Engineer,BTech,66,2.8,87,98,0,4,78,69,48,53,0,0,77,67,48,88,71,49,,
Cloud Engineer,BTech,79,2.4,66,72,2,3,53,70,58,41,69,0,84,43,48,60,70,60,,
Cloud Engineer,MTech,74,0.9,75,82,4,2,58,86,45,49,0,0,58,57,40,71,69,40,,
Cloud Engineer,BTech,84,0.8,69,62,2,1,68,77,56,51,15,0,57,64,44,67,64,30,,
Cloud Engineer,BTech,41,1.7,67,84,0,6,91,64,54,53,0,3,66,64,48,64,61,53,,
Cloud Engineer,BE,73,0.7,54,35,4,4,81,44,53,41,7,1,65,58,44,55,62,45,,
Cloud Engineer,BTech,69,1.8,56,72,3,2,45,72,42,67,0,1,57,63,78,52,81,64,,
Cloud Engineer,MTech,81,0.8,70,78,3,2,60,87,43,52,29,0,51,67,53,79,69,45,,
Cloud Engineer,BTech,71,3.5,71,95,1,4,55,97,55,67,57,3,87,39,55,66,89,73,,
Cloud Engineer,MSc,63,2.2,68,84,2,4,62,85,41,53,64,0,72,56,62,80,87,68,,
Cloud Engineer,BTech,90,1.0,73,74,3,4,75,65,39,80,0,0,57,57,50,67,80,43,,
Cloud Engineer,MTech,68,1.0,70,65,3,3,84,74,56,50,14,0,48,59,56,51,84,62,,
Cloud Engineer,BBA,57,1.0,62,93,2,4,59,55,53,61,60,0,85,85,52,80,90,50,,
Cloud Engineer,BE,61,0.9,52,58,4,1,50,70,52,47,33,0,54,60,36,60,99,58,,
Cloud Engineer,BTech,73,2.9,78,100,0,5,61,97,46,72,21,3,62,58,58,54,90,35,,
Cloud Engineer,BE,80,1.4,95,75,4,2,76,69,45,56,33,0,65,59,70,64,78,41,,
Cloud Engineer,BTech,54,2.9,58,71,2,4,69,70,68,57,73,2,90,58,69,61,93,59,,
Cloud Engineer,MCA,47,3.3,75,98,0,3,50,85,82,57,63,2,76,89,48,64,94,45,,
Cloud Engineer,MSc,75,1.0,76,80,2,6,74,70,71,42,0,0,82,46,57,39,70,63,,
Cloud Engineer,BE,58,1.1,81,49,7,1,65,28,57,36,56,0,90,79,28,78,74,32,,
Cloud Engineer,MTech,60,1.5,53,83,0,1,60,92,48,53,43,0,49,68,33,67,93,52,,
Cloud Engineer,BE,77,0.6,73,85,1,1,46,83,42,61,0,0,45,69,36,72,94,62,,
Cloud Engineer,BE,65,2.2,90,86,2,3,72,70,69,73,53,3,84,41,75,65,84,62,,
Cloud Engineer,BTech,60,1.1,58,68,4,2,56,86,47,60,28,0,73,62,60,54,67,69,,
Cloud Engineer,BCA,57,1.7,49,91,1,5,56,98,59,54,26,2,86,59,53,53,83,69,,
Cloud Engineer,BCA,38,2.9,62,75,1,4,61,86,79,60,0,1,75,52,62,67,79,70,,
Cloud Engineer,BSc,87,2.3,65,69,4,3,72,70,39,40,40,3,81,85,65,62,76,49,,
Cloud Engineer,MSc,27,3.9,79,74,1,4,80,57,48,54,0,0,67,70,44,73,83,60,,
Cloud Engineer,MBA,69,2.0,53,98,0,4,69,93,67,60,42,0,52,78,41,63,77,62,,
Cloud Engineer,BE,62,0.8,61,84,2,2,61,58,60,44,0,0,68,55,67,53,61,68,,
Cloud Engineer,MTech,41,1.8,92,83,1,2,57,62,58,71,47,0,74,85,42,67,85,51,,
Cloud Engineer,BTech,68,3.1,74,79,2,3,77,85,52,63,0,0,72,39,49,65,83,58,,
Cloud Engineer,MSc,69,0.8,62,100,1,2,46,76,57,64,0,2,67,76,53,52,64,42,,
Cloud Engineer,BSc,67,4.5,73,64,2,5,88,71,56,44,52,0,96,65,65,72,76,54,,
Cloud Engineer,BTech,83,4.9,91,85,2,6,64,67,57,93,56,3,68,47,45,64,92,46,,
Cloud Engineer,BTech,84,1.9,58,99,0,2,77,85,80,69,0,0,48,57,58,65,72,47,,
Cloud Engineer,BTech,80,1.4,57,94,1,5,70,91,56,46,0,0,74,30,67,52,83,67,,
Cloud Engineer,MTech,69,0.7,49,89,2,3,57,76,43,53,64,1,89,58,75,62,78,55,,
Cloud Engineer,BTech,20,1.1,65,82,2,4,52,65,55,69,0,0,78,50,41,63,77,67,,
Cloud Engineer,BE,46,0.8,59,71,2,2,66,67,54,40,0,1,70,69,45,39,76,73,,
Cloud Engineer,BTech,83,1.4,88,58,4,1,66,82,55,48,37,0,81,56,49,87,70,29,,
Cloud Engineer,MBA,42,1.8,54,73,3,4,73,60,46,62,83,0,79,61,42,91,74,52,,
Cloud Engineer,BE,64,4.9,70,100,1,7,83,95,66,72,71,6,74,61,83,74,88,44,,
Cloud Engineer,MSc,77,1.7,88,74,3,1,64,83,38,56,0,0,57,63,57,63,79,40,,
Cloud Engineer,BTech,72,3.5,72,93,2,3,48,51,61,68,37,0,78,44,48,50,83,50,,
Cybersecurity Analyst,BE,93,2.4,34,77,1,4,79,98,58,56,15,4,80,45,67,38,77,55,,
Cybersecurity Analyst,MCA,80,3.0,61,80,3,3,60,77,41,25,0,2,85,44,84,42,91,93,,
Cybersecurity Analyst,BE,48,1.6,88,100,2,5,80,89,48,69,0,3,73,92,34,70,79,56,,
Cybersecurity Analyst,BCA,64,7.7,100,100,0,6,90,59,75,86,68,0,77,72,62,76,80,56,,
Cybersecurity Analyst,BSc,89,2.4,48,93,3,3,63,81,27,57,0,1,76,23,39,71,53,46,,
Cybersecurity Analyst,MCA,74,1.0,78,73,3,0,36,82,55,84,37,0,46,33,62,51,60,5,,
Cybersecurity Analyst,BTech,88,3.1,100,100,3,5,75,85,66,65,30,1,100,81,58,60,100,23,,
Cybersecurity Analyst,MTech,87,4.7,61,90,3,5,83,78,71,77,72,1,82,51,45,57,74,61,,
Cybersecurity Analyst,BE,70,3.9,72,65,1,3,44,63,77,75,27,1,72,65,58,62,79,50,,
Cybersecurity Analyst,BTech,70,0.9,63,93,1,4,42,55,60,55,0,3,79,100,68,32,48,41,,
Cybersecurity Analyst,BTech,87,4.6,61,80,2,4,63,77,73,63,0,0,74,51,70,79,81,53,,
Cybersecurity Analyst,MCA,26,0.2,82,68,5,4,71,80,57,24,66,0,50,32,44,49,64,80,,
Cybersecurity Analyst,BTech,98,7.7,77,96,0,2,94,100,64,48,79,1,73,63,44,95,96,74,,
Cybersecurity Analyst,BTech,35,2.7,66,67,2,6,65,72,63,60,73,4,89,100,51,94,89,31,,
Cybersecurity Analyst,MCA,36,1.4,62,78,3,3,72,96,95,72,47,0,85,64,61,91,90,60,,
Cybersecurity Analyst,BE,57,4.6,100,100,0,1,51,100,66,29,0,0,71,0,79,25,65,89,,
Cybersecurity Analyst,MTech,78,0.3,70,56,3,2,52,63,40,45,0,1,63,69,65,50,64,58,,
Cybersecurity Analyst,BSc,67,0.7,50,79,1,5,62,99,55,44,84,2,100,30,55,63,100,70,,
Cybersecurity Analyst,BE,29,1.2,83,62,4,2,28,92,38,74,0,2,65,30,46,19,77,60,,
Cybersecurity Analyst,MSc,73,1.6,81,89,2,4,55,89,73,54,49,0,70,79,67,67,59,60,,
Cybersecurity Analyst,BE,65,2.4,61,99,0,4,89,49,29,81,72,0,77,53,39,70,81,58,,
Cybersecurity Analyst,MCA,90,0.2,94,92,2,6,92,83,45,94,31,0,88,55,73,60,55,23,,
Cybersecurity Analyst,MSc,82,4.4,74,76,0,5,51,73,82,81,26,0,75,22,44,59,63,66,,
Cybersecurity Analyst,BBA,50,1.9,74,73,2,6,97,65,59,52,0,2,76,82,34,70,73,81,,
Cybersecurity Analyst,MBA,26,1.3,70,55,2,4,44,62,58,75,0,2,100,63,50,62,67,89,,
Cybersecurity Analyst,BCA,11,4.2,59,89,0,6,82,57,95,66,97,4,90,74,62,95,100,50,,
Cybersecurity Analyst,BTech,58,0.2,91,100,3,4,56,74,56,55,0,0,53,45,48,46,100,72,,
Cybersecurity Analyst,MSc,83,0.9,57,63,6,3,74,93,25,75,71,3,93,47,40,71,77,43,,
Cybersecurity Analyst,BTech,62,2.0,100,64,4,1,53,86,52,53,0,0,62,43,62,64,52,34,,
Cybersecurity Analyst,MTech,31,3.9,60,81,2,4,62,60,58,74,58,4,98,49,54,24,90,54,,
Cybersecurity Analyst,BTech,86,1.5,100,83,4,2,57,80,64,86,0,0,56,84,57,82,79,49,,
Cybersecurity Analyst,BE,27,0.6,74,100,1,1,66,89,49,45,83,0,86,70,46,91,81,63,,
Cybersecurity Analyst,BSc,39,1.8,82,100,0,0,43,90,52,93,76,0,70,59,42,68,57,67,,
Cybersecurity Analyst,BTech,48,3.8,92,88,0,9,95,64,61,80,70,3,80,56,76,94,92,69,,
Cybersecurity Analyst,MCA,75,2.1,69,84,1,4,62,93,65,83,60,2,77,43,79,81,87,59,,
Cybersecurity Analyst,BBA,55,2.7,82,91,0,7,87,79,64,59,34,0,100,56,45,61,100,74,,
Cybersecurity Analyst,MSc,49,5.5,76,86,3,8,91,76,98,62,0,1,100,75,73,74,65,71,,
Cybersecurity Analyst,BSc,77,0.5,52,96,0,3,70,93,67,75,0,3,78,60,66,62,97,59,,
Cybersecurity Analyst,MTech,46,0.2,49,100,1,2,57,66,64,52,0,0,1,72,43,78,61,50,,
Cybersecurity Analyst,MSc,64,2.5,38,100,1,0,37,85,72,64,0,0,27,13,34,36,75,57,,
Cybersecurity Analyst,MTech,92,2.4,77,75,2,2,60,68,52,47,0,0,49,66,55,48,69,15,,
Cybersecurity Analyst,MTech,61,2.4,64,80,4,3,100,75,77,51,0,3,100,56,100,60,100,79,,
Cybersecurity Analyst,BTech,79,1.5,75,68,5,0,46,72,58,51,80,0,86,69,75,99,92,49,,
Cybersecurity Analyst,BTech,29,0.1,58,100,0,4,91,78,15,67,33,0,81,39,99,84,58,39,,
Cybersecurity Analyst,BE,79,3.2,89,68,2,5,62,67,69,93,61,2,94,40,86,50,79,57,,
Cybersecurity Analyst,MSc,59,0.4,38,81,0,4,48,68,33,72,58,1,75,42,51,69,100,37,,
Cybersecurity Analyst,MTech,48,1.1,77,81,1,4,67,98,48,61,62,0,70,54,40,71,77,49,,
Cybersecurity Analyst,MCA,85,0.1,82,68,2,2,59,71,47,28,45,0,70,61,38,85,72,53,,
Cybersecurity Analyst,BSc,67,0.8,83,61,5,3,33,68,50,66,0,0,38,36,72,46,78,74,,
Cybersecurity Analyst,MTech,43,0.9,38,53,5,5,64,57,31,57,56,3,93,91,43,67,52,64,,
Cybersecurity Analyst,MCA,49,0.6,81,43,4,4,32,64,93,79,0,0,49,46,33,36,77,77,,
Cybersecurity Analyst,MSc,79,0.6,59,40,3,3,55,72,61,57,30,3,93,68,60,80,57,42,,
Cybersecurity Analyst,BSc,89,1.3,56,100,0,4,73,64,66,40,31,4,59,72,70,48,97,37,,
Cybersecurity Analyst,MBA,75,4.6,81,94,0,3,80,52,76,58,83,3,84,48,43,72,100,68,,
Cybersecurity Analyst,BBA,67,1.2,53,89,0,3,72,64,53,49,0,2,90,47,77,43,70,79,,
Cybersecurity Analyst,MSc,85,2.9,60,89,0,3,100,100,85,45,54,0,100,32,49,94,95,60,,
Cybersecurity Analyst,MSc,52,0.5,29,100,0,1,41,75,66,67,58,1,59,49,55,64,65,69,,
Cybersecurity Analyst,BTech,68,1.4,57,54,3,0,40,53,52,55,0,0,49,65,68,64,75,68,,
Cybersecurity Analyst,MTech,62,1.3,53,81,2,2,59,90,45,39,74,0,100,63,68,82,84,41,,
Cybersecurity Analyst,MTech,53,1.9,63,100,2,8,73,100,71,81,59,8,98,34,57,56,73,25,,
Cybersecurity Analyst,MBA,89,4.0,98,94,0,6,69,66,66,92,59,6,100,43,74,82,100,100,,
Cybersecurity Analyst,BSc,84,0.2,71,51,3,4,66,71,56,61,27,2,78,47,28,57,66,44,,
Cybersecurity Analyst,MSc,75,4.2,69,97,1,4,61,92,81,47,34,3,98,66,80,74,87,67,,
Cybersecurity Analyst,BTech,52,3.6,59,100,1,3,100,78,38,50,0,2,75,86,22,57,42,78,,
Cybersecurity Analyst,MCA,77,0.6,62,81,1,3,64,87,32,49,0,1,53,55,68,71,62,53,,
Cybersecurity Analyst,MCA,85,1.3,93,69,2,1,57,85,59,37,33,0,72,87,60,66,69,72,,
Cybersecurity Analyst,BTech,74,5.4,54,100,1,3,92,90,76,67,72,2,82,53,93,68,100,64,,
Cybersecurity Analyst,BTech,38,0.3,86,100,2,3,51,77,73,55,0,0,71,64,58,42,100,84,,
Cybersecurity Analyst,MCA,82,0.7,89,89,2,5,60,91,68,71,0,0,51,53,81,23,68,69,,
Cybersecurity Analyst,BBA,60,1.6,44,75,5,2,28,83,67,46,0,0,54,86,21,53,81,38,,
Cybersecurity Analyst,MSc,67,1.3,59,90,0,3,70,98,64,83,66,3,76,50,45,71,100,52,,
Cybersecurity Analyst,BE,30,3.3,50,93,4,0,49,100,29,38,46,0,68,43,24,75,76,32,,
Cybersecurity Analyst,BCA,91,2.2,33,75,3,2,79,73,62,57,0,0,73,67,18,50,47,72,,
Cybersecurity Analyst,MSc,21,4.9,89,84,2,5,79,100,56,73,70,3,99,27,49,70,100,88,,
Cybersecurity Analyst,MBA,55,3.0,90,100,0,1,20,94,14,48,43,1,73,40,64,61,79,37,,
Cybersecurity Analyst,BCA,78,1.1,100,99,0,8,77,86,34,80,0,7,67,61,56,42,85,61,,
Cybersecurity Analyst,MSc,83,0.3,37,76,4,4,71,72,62,75,0,0,65,43,37,11,71,69,,
Cybersecurity Analyst,MBA,26,0.4,87,73,1,0,57,82,18,22,0,0,49,72,46,56,84,10,,
Cybersecurity Analyst,MBA,46,3.9,29,88,1,4,53,94,46,66,34,0,54,14,31,75,97,74,,
Cybersecurity Analyst,MSc,79,2.7,82,87,0,0,48,70,55,56,47,0,77,55,43,62,72,58,,
Cybersecurity Analyst,MSc,91,0.4,49,35,4,3,56,67,56,86,0,0,46,60,58,52,59,55,,
Cybersecurity Analyst,BTech,65,1.6,33,39,5,6,100,53,86,68,0,1,86,70,96,96,80,58,,
Cybersecurity Analyst,MCA,36,0.8,54,100,1,4,90,71,62,53,58,0,92,11,53,100,75,50,,
Cybersecurity Analyst,BTech,67,1.3,44,90,2,3,76,97,44,39,0,0,52,68,55,65,69,84,,
Cybersecurity Analyst,BE,90,3.0,60,100,0,4,69,89,26,52,51,3,100,67,55,66,100,68,,
Cybersecurity Analyst,MSc,81,0.4,89,65,3,1,60,61,30,67,64,1,60,52,63,77,67,16,,
Cybersecurity Analyst,MSc,68,7.6,94,100,0,5,81,100,73,65,92,3,93,93,61,74,99,48,,
Cybersecurity Analyst,BTech,82,1.5,66,43,5,4,76,60,50,40,88,0,72,73,77,74,78,45,,
Cybersecurity Analyst,MBA,29,0.6,60,100,0,6,59,71,53,66,47,0,57,54,47,65,84,71,,
Cybersecurity Analyst,Diploma,100,1.5,90,75,2,5,68,97,26,87,63,2,85,24,70,39,70,85,,
Cybersecurity Analyst,BTech,80,1.0,91,74,1,1,85,81,57,55,0,0,57,37,28,41,53,51,,
Cybersecurity Analyst,MCA,76,1.0,62,98,1,1,53,66,59,71,0,0,44,52,46,27,90,70,,
Cybersecurity Analyst,BTech,87,3.0,87,84,0,5,100,75,79,51,73,2,75,78,28,78,86,94,,
Cybersecurity Analyst,BSc,55,0.6,48,66,1,5,61,77,76,56,77,5,100,34,29,31,96,65,,
Cybersecurity Analyst,BTech,95,1.2,56,53,2,6,72,70,30,44,0,0,74,81,41,40,56,59,,
Cybersecurity Analyst,MCA,77,0.7,81,72,3,0,54,62,68,50,0,0,66,64,73,73,58,27,,
Cybersecurity Analyst,Diploma,70,1.1,97,63,3,0,16,91,54,26,0,0,30,49,44,48,62,32,,
Cybersecurity Analyst,BTech,85,1.3,41,38,6,5,67,68,49,56,79,5,100,84,70,100,100,45,,
Cybersecurity Analyst,BTech,87,4.6,80,89,1,8,87,73,73,76,87,4,100,39,77,82,80,84,,
Cybersecurity Analyst,BE,38,0.5,84,100,1,2,82,97,34,55,45,2,83,51,0,80,78,61,,
Cybersecurity Analyst,MCA,89,0.6,75,73,7,4,84,38,38,46,59,2,96,54,55,72,76,65,,
Cybersecurity Analyst,BTech,42,2.7,76,100,3,4,81,63,42,41,47,3,100,45,39,56,73,93,,
Cybersecurity Analyst,BTech,39,0.5,73,65,5,3,76,54,15,65,10,0,72,79,53,67,65,46,,
Cybersecurity Analyst,MBA,47,1.3,80,100,1,2,47,86,21,36,36,0,49,45,49,67,61,76,,
Cybersecurity Analyst,MSc,90,6.0,75,100,0,1,66,72,65,49,21,1,80,56,56,80,57,58,,
Cybersecurity Analyst,MBA,69,0.2,53,88,0,4,81,73,70,38,52,3,100,67,58,64,89,82,,
Cybersecurity Analyst,MSc,95,0.2,78,99,3,3,67,78,51,90,57,1,88,43,49,89,67,55,,
Cybersecurity Analyst,BTech,64,0.9,44,100,0,2,18,95,35,44,71,2,66,47,48,67,99,76,,
Cybersecurity Analyst,MTech,65,4.5,62,100,0,3,74,87,58,33,66,3,87,44,25,67,100,77,,
Cybersecurity Analyst,Diploma,92,4.3,57,96,1,5,78,91,67,95,93,1,99,32,62,94,100,66,,
Cybersecurity Analyst,MTech,76,1.1,50,100,1,2,56,95,54,38,62,0,71,53,41,83,71,31,,
Cybersecurity Analyst,BE,50,0.6,42,100,0,3,47,88,29,38,0,2,70,42,54,67,64,74,,
Cybersecurity Analyst,BE,62,1.2,47,62,3,3,63,74,28,68,0,0,62,78,67,69,45,29,,
Cybersecurity Analyst,BTech,43,5.9,100,85,4,3,69,95,53,66,63,2,97,40,30,55,61,69,,
Cybersecurity Analyst,BE,22,2.1,65,66,4,5,92,67,45,39,0,1,66,53,61,67,59,88,,
Cybersecurity Analyst,BTech,72,3.2,56,71,0,4,90,83,89,42,35,1,100,64,37,71,100,51,,
Cybersecurity Analyst,MCA,63,2.0,79,81,0,6,58,79,59,49,0,2,52,77,55,24,63,80,,
Cybersecurity Analyst,BTech,83,0.6,33,67,2,0,34,85,25,32,0,0,63,73,53,61,46,23,,
Cybersecurity Analyst,MSc,45,0.7,90,66,4,4,37,55,49,68,41,0,90,56,59,53,100,42,,
Cybersecurity Analyst,BCA,39,0.9,57,84,0,6,77,100,84,49,63,3,85,26,39,85,93,39,,
Cybersecurity Analyst,MBA,79,5.4,73,75,3,9,100,89,91,49,94,8,100,35,100,100,100,46,,
Cybersecurity Analyst,MCA,81,4.0,78,100,0,4,53,98,46,58,92,4,100,50,67,69,71,65,,
Cybersecurity Analyst,MBA,79,3.2,65,92,0,4,60,84,40,50,52,2,82,73,31,57,75,78,,
Cybersecurity Analyst,MBA,53,1.4,62,95,0,2,61,81,74,70,0,0,53,56,8,39,98,58,,
Cybersecurity Analyst,MCA,24,3.5,76,100,0,3,68,100,62,60,39,0,66,78,57,60,97,52,,
Cybersecurity Analyst,BBA,37,0.7,53,41,4,4,58,48,55,36,0,3,53,64,65,79,63,63,,
Cybersecurity Analyst,MBA,61,3.2,86,45,5,6,59,87,78,61,13,1,100,67,18,27,90,28,,
Cybersecurity Analyst,BTech,44,1.2,60,62,2,2,28,72,37,84,0,2,40,61,69,34,77,47,,
Cybersecurity Analyst,BE,41,3.7,51,64,1,6,61,24,63,59,100,1,100,27,43,97,98,11,,
Cybersecurity Analyst,BE,41,0.8,48,100,0,0,26,98,54,58,0,0,60,79,51,43,60,47,,
Cybersecurity Analyst,BE,82,0.3,36,72,3,2,80,84,19,38,43,2,68,100,32,96,82,55,,
Cybersecurity Analyst,MTech,31,1.9,79,48,1,3,83,62,48,51,56,0,92,72,27,79,90,56,,
Cybersecurity Analyst,BE,64,1.1,65,48,4,7,55,84,74,35,0,0,53,37,64,78,47,74,,
Cybersecurity Analyst,BE,73,4.3,82,100,3,4,64,91,23,76,0,1,78,84,86,66,63,76,,
Cybersecurity Analyst,MBA,44,1.9,100,100,4,4,51,95,39,61,54,1,52,51,61,76,76,26,,
Cybersecurity Analyst,BTech,50,2.9,82,100,0,6,90,94,74,92,42,6,100,96,58,70,100,73,,
Cybersecurity Analyst,BCA,46,5.3,86,86,2,6,91,63,63,67,40,0,73,64,62,73,72,70,,
Cybersecurity Analyst,BE,65,1.5,55,76,1,2,70,92,42,43,0,0,66,55,59,45,79,37,,
Cybersecurity Analyst,MCA,45,1.3,64,93,1,5,79,74,61,52,0,1,77,37,53,71,71,61,,
Cybersecurity Analyst,Diploma,88,3.7,67,93,1,3,67,83,61,79,75,1,90,41,55,82,88,63,,
Cybersecurity Analyst,BE,87,1.6,45,71,4,4,76,95,40,67,44,3,87,46,54,56,77,48,,
Cybersecurity Analyst,MCA,81,3.2,63,88,4,3,88,67,60,59,66,2,89,53,77,70,89,64,,
Cybersecurity Analyst,Diploma,63,1.8,92,76,2,2,43,91,62,49,14,0,55,65,49,56,75,47,,
Cybersecurity Analyst,BTech,76,1.2,78,66,2,1,66,70,54,54,0,0,52,48,44,50,62,58,,
Cybersecurity Analyst,MSc,60,1.0,91,68,3,3,45,67,52,56,38,0,84,68,59,58,87,53,,
Cybersecurity Analyst,BCA,77,1.9,33,57,4,4,90,63,75,62,0,0,81,69,56,74,63,64,,
Cybersecurity Analyst,BTech,92,2.7,76,72,1,6,71,68,47,67,25,3,86,64,58,59,77,79,,
Cybersecurity Analyst,MSc,73,1.8,63,63,3,5,72,90,78,38,22,0,70,35,58,83,66,70,,
Cybersecurity Analyst,BE,80,2.4,53,96,2,3,74,67,27,67,33,1,76,36,38,71,66,51,,
Cybersecurity Analyst,BTech,72,3.1,93,100,2,5,80,89,71,76,36,3,100,87,58,64,100,42,,
Cybersecurity Analyst,BE,74,4.4,73,68,2,5,64,72,82,66,56,4,82,53,75,78,87,47,,
Cybersecurity Analyst,BBA,64,2.3,68,80,1,5,98,79,68,49,0,1,86,62,42,79,81,72,,
Cybersecurity Analyst,BTech,48,2.4,85,95,1,5,68,78,38,55,51,1,62,49,61,80,74,73,,
Cybersecurity Analyst,BTech,93,1.8,43,65,3,4,75,72,49,54,0,0,73,73,26,45,50,67,,
Cybersecurity Analyst,MTech,66,1.1,61,90,1,2,59,67,58,50,0,0,22,69,48,65,65,35,,
Cybersecurity Analyst,MSc,85,1.1,73,91,2,4,63,86,57,86,60,1,84,42,65,84,77,57,,
Cybersecurity Analyst,MTech,63,2.4,63,88,2,3,97,66,58,63,27,2,91,56,76,64,93,72,,
Cybersecurity Analyst,MBA,88,3.1,84,84,1,4,74,75,52,73,71,2,85,35,56,55,85,76,,
Cybersecurity Analyst,BTech,51,2.6,73,95,1,8,79,87,67,81,61,6,91,42,64,71,80,41,,
Cybersecurity Analyst,MBA,56,1.0,60,46,3,3,51,64,58,80,0,1,75,62,54,57,63,74,,
Cybersecurity Analyst,MTech,58,1.9,51,85,4,4,45,91,68,59,25,0,70,64,35,54,78,34,,
Cybersecurity Analyst,BTech,73,3.7,93,91,0,3,77,87,73,42,0,1,74,41,50,53,76,92,,
Cybersecurity Analyst,BE,57,2.6,81,96,0,2,81,73,54,56,64,2,83,48,22,75,89,66,,
Cybersecurity Analyst,BCA,37,1.1,60,80,1,5,75,98,89,59,53,2,84,43,48,87,93,47,,
Cybersecurity Analyst,MSc,40,3.5,65,65,3,5,89,80,70,70,0,2,92,46,69,81,91,75,,
Cybersecurity Analyst,MSc,79,0.8,50,53,3,3,58,76,52,68,0,0,69,61,61,64,69,50,,
Cybersecurity Analyst,BSc,79,1.0,51,68,1,5,66,87,44,44,0,1,89,53,49,54,80,66,,
Cybersecurity Analyst,BTech,63,2.0,73,67,4,2,53,72,60,54,76,1,87,81,67,97,92,42,,
Cybersecurity Analyst,MCA,38,3.1,79,99,0,5,81,96,69,78,40,3,85,87,57,65,99,64,,
Cybersecurity Analyst,MCA,83,1.7,53,84,2,3,69,89,28,46,60,3,80,80,46,85,79,58,,
Cybersecurity Analyst,BTech,87,3.1,88,80,1,5,71,79,67,57,62,0,87,62,70,75,76,78,,
Cybersecurity Analyst,BTech,83,1.2,61,53,6,3,74,79,36,61,76,0,85,57,55,73,77,45,,
Cybersecurity Analyst,BTech,64,3.3,79,61,5,4,73,74,51,51,77,1,81,60,58,65,71,54,,
Cybersecurity Analyst,BE,84,4.4,67,86,2,7,88,88,64,50,79,6,99,48,82,86,100,53,,
Cybersecurity Analyst,MTech,62,2.6,91,77,2,4,78,73,58,59,43,0,96,75,45,68,95,37,,
Cybersecurity Analyst,BSc,69,0.1,76,68,3,4,61,73,63,58,0,0,75,52,38,51,77,59,,
Cybersecurity Analyst,BSc,71,2.3,54,85,1,2,65,96,56,72,41,2,76,51,56,51,69,60,,
Cybersecurity Analyst,BTech,49,4.5,85,100,2,5,83,62,54,57,54,2,92,54,47,64,77,80,,
Cybersecurity Analyst,BCA,83,2.0,100,100,1,7,77,85,49,72,13,4,84,71,57,52,92,43,,
Cybersecurity Analyst,MCA,69,1.8,74,83,3,4,84,81,74,58,1,0,81,54,93,45,89,74,,
Cybersecurity Analyst,BE,57,0.7,80,87,2,1,57,89,45,71,42,1,62,42,32,66,69,31,,
Cybersecurity Analyst,MCA,41,3.1,79,95,0,5,79,88,62,59,40,0,85,66,51,61,98,66,,
Cybersecurity Analyst,BTech,73,3.1,65,75,2,4,74,76,54,37,77,0,80,57,49,69,90,62,,
Cybersecurity Analyst,BTech,81,1.7,53,59,4,5,66,79,56,67,70,4,90,66,75,91,95,50,,
Cybersecurity Analyst,BTech,52,1.6,58,85,0,4,89,81,53,54,34,0,90,51,67,76,78,45,,
Cybersecurity Analyst,BE,35,1.7,79,77,4,3,48,81,40,62,0,2,80,36,44,33,75,71,,
Cybersecurity Analyst,BTech,67,3.5,89,87,3,3,60,89,33,67,0,1,71,67,76,65,58,60,,
Cybersecurity Analyst,MBA,57,0.8,65,55,4,2,62,74,32,39,0,2,74,78,58,78,92,26,,
Cybersecurity Analyst,MCA,26,0.6,77,64,4,4,60,73,58,45,36,0,71,44,46,54,67,84,,
Cybersecurity Analyst,BCA,65,0.7,67,92,1,5,73,90,67,68,59,2,88,35,43,87,80,47,,
Cybersecurity Analyst,BTech,63,1.7,78,75,3,2,61,90,49,47,0,0,59,52,59,65,58,52,,
Cybersecurity Analyst,BSc,44,2.6,72,100,0,1,65,84,46,75,46,1,72,70,33,64,50,71,,
Cybersecurity Analyst,BE,65,1.4,54,100,1,3,62,76,46,53,21,1,44,70,48,73,79,58,,
Cybersecurity Analyst,MCA,72,0.7,62,66,6,4,77,45,36,50,56,2,94,67,50,70,68,63,,
Cybersecurity Analyst,MTech,43,1.2,57,76,3,4,56,71,27,49,48,1,72,71,45,68,56,70,,
Cybersecurity Analyst,BTech,85,3.9,60,80,2,4,62,77,60,47,0,1,78,48,76,64,85,70,,
Cybersecurity Analyst,MTech,51,2.5,48,75,2,2,50,68,46,57,33,2,86,60,53,39,71,42,,
Cybersecurity Analyst,MBA,47,0.5,65,83,1,5,55,70,48,58,28,0,59,60,54,59,75,66,,
Cybersecurity Analyst,BTech,45,2.9,95,74,4,3,51,72,52,68,51,1,92,50,47,54,83,52,,
Cybersecurity Analyst,MBA,46,1.4,63,89,2,4,80,73,65,59,20,1,78,55,74,62,92,74,,
Cybersecurity Analyst,MSc,72,2.2,43,97,0,3,58,83,66,81,76,1,78,41,59,79,81,68,,
Cybersecurity Analyst,BTech,73,2.3,67,79,2,4,68,81,58,66,32,1,76,55,71,57,74,71,,
Cybersecurity Analyst,BTech,91,4.2,90,90,2,2,73,90,65,71,33,0,63,75,50,87,87,60,,
Cybersecurity Analyst,MCA,68,2.8,97,89,3,5,81,88,49,81,46,0,92,47,53,58,58,43,,
Cybersecurity Analyst,BE,35,4.3,70,90,4,1,57,99,37,49,54,1,79,42,26,69,71,47,,
Cybersecurity Analyst,MSc,58,2.6,75,80,3,3,60,71,61,68,54,0,86,55,74,60,100,51,,
Cybersecurity Analyst,MBA,78,1.6,59,87,0,3,91,88,78,42,55,1,100,49,54,80,92,69,,
Cybersecurity Analyst,MTech,73,3.4,62,88,2,6,67,87,71,69,0,0,83,43,64,69,79,42,,
Cybersecurity Analyst,BSc,54,1.1,54,78,2,4,67,97,70,55,69,1,95,42,57,74,97,66,,
Cybersecurity Analyst,MTech,72,1.6,69,77,5,3,93,59,60,48,23,3,98,54,82,64,90,73,,
Cybersecurity Analyst,MCA,53,2.7,65,78,4,4,70,52,51,64,60,3,97,52,55,42,85,58,,
Cybersecurity Analyst,BCA,40,3.2,48,95,1,3,56,73,83,66,0,2,56,41,47,63,86,53,,
Cybersecurity Analyst,BSc,73,0.9,81,76,2,1,36,92,60,45,0,0,46,53,52,53,75,42,,
Cybersecurity Analyst,MBA,67,1.0,93,78,3,2,56,74,34,64,61,1,58,51,62,76,70,20,,
Cybersecurity Analyst,MCA,87,0.4,90,89,2,5,77,87,57,83,16,0,68,53,77,41,60,46,,
Cybersecurity Analyst,MSc,61,3.5,76,100,1,1,66,80,58,47,49,1,84,62,51,85,68,60,,
Cybersecurity Analyst,BTech,65,1.9,60,79,1,3,47,80,32,71,23,3,66,64,64,48,87,55,,
Cybersecurity Analyst,BE,54,1.0,86,93,2,1,61,86,57,63,0,0,72,77,51,88,79,58,,
Cybersecurity Analyst,MSc,86,4.1,88,87,0,6,61,70,72,88,44,4,89,34,61,72,84,85,,
Cybersecurity Analyst,MBA,67,3.4,54,85,2,6,76,83,82,56,80,5,82,40,82,85,85,54,,
Cybersecurity Analyst,MCA,62,0.5,60,61,3,4,62,63,39,44,50,0,82,76,40,78,62,59,,
Cybersecurity Analyst,BTech,85,2.0,66,65,5,5,70,75,57,61,58,3,100,83,65,82,100,36,,
Cybersecurity Analyst,MSc,53,1.1,51,88,1,3,68,70,63,60,0,1,66,64,45,67,69,74,,
Cybersecurity Analyst,MBA,75,1.7,68,40,4,4,58,78,68,73,7,0,74,65,37,39,74,41,,
Cybersecurity Analyst,MSc,64,1.5,44,78,0,4,64,74,54,60,49,1,85,51,46,70,100,43,,
Cybersecurity Analyst,BCA,55,6.1,79,86,0,6,78,45,71,74,82,0,86,54,55,83,87,37,,
Cybersecurity Analyst,BE,65,1.9,69,84,2,4,66,57,37,76,42,0,61,46,52,60,80,65,,
Cybersecurity Analyst,BTech,57,0.2,72,83,1,3,75,74,32,46,35,0,77,49,66,85,65,46,,
Cybersecurity Analyst,MTech,63,3.0,52,87,3,2,48,85,63,40,0,1,69,67,23,59,89,57,,
Cybersecurity Analyst,BE,75,2.7,75,100,0,3,64,80,66,36,0,2,65,41,74,39,84,59,,
Cybersecurity Analyst,BTech,82,4.3,59,93,1,3,85,98,53,44,38,0,62,65,49,78,82,80,,
Cybersecurity Analyst,BE,52,0.8,60,65,3,2,52,88,29,59,19,2,68,61,39,55,80,58,,
Cybersecurity Analyst,MCA,36,2.5,78,90,0,3,68,98,56,61,51,0,68,65,49,64,87,50,,
Cybersecurity Analyst,BTech,31,2.2,86,93,2,4,62,87,66,62,28,1,81,50,54,53,100,86,,
Cybersecurity Analyst,BTech,39,1.5,69,55,2,3,54,67,44,70,0,0,65,66,50,54,83,51,,
Cybersecurity Analyst,MCA,58,0.1,75,60,4,3,59,70,47,36,0,0,56,56,57,49,65,66,,
Cybersecurity Analyst,BE,78,3.7,61,96,2,5,86,66,52,79,74,1,80,53,42,63,77,60,,
Cybersecurity Analyst,BE,69,1.1,94,89,3,2,66,86,54,76,0,1,65,74,37,82,79,52,,
Cybersecurity Analyst,BTech,70,1.9,57,64,4,5,77,80,59,71,64,5,100,88,66,89,99,57,,
Cybersecurity Analyst,MCA,82,0.5,75,86,1,4,75,85,36,69,13,0,68,56,71,67,58,40,,
Cybersecurity Analyst,MBA,73,2.8,96,83,2,5,57,62,60,83,49,0,96,48,69,70,100,78,,
Cybersecurity Analyst,MTech,79,1.4,76,72,2,1,50,67,47,50,23,0,69,61,55,55,68,58,,
Cybersecurity Analyst,BTech,90,4.6,71,92,1,7,84,80,68,82,87,3,98,36,69,87,88,76,,
Cybersecurity Analyst,MCA,74,1.3,88,65,4,2,42,76,55,53,0,0,54,59,65,56,74,74,,
Cybersecurity Analyst,BTech,62,0.8,55,96,1,4,45,68,47,48,0,3,75,76,63,46,54,55,,
Cybersecurity Analyst,MSc,65,0.9,50,65,2,2,44,59,44,61,25,0,60,56,60,66,85,55,,
Cybersecurity Analyst,MSc,65,3.2,66,84,1,3,47,85,64,62,22,3,77,64,76,59,82,60,,
Cybersecurity Analyst,BSc,58,1.1,82,83,3,2,40,79,33,50,0,0,44,39,59,58,68,75,,
Cybersecurity Analyst,BTech,50,3.0,44,54,2,6,76,34,72,63,0,1,96,42,63,97,91,28,,
Cybersecurity Analyst,BTech,61,1.4,72,86,3,2,43,90,33,49,31,0,57,60,59,70,62,26,,
Cybersecurity Analyst,BTech,68,1.0,61,93,1,4,53,72,62,66,26,3,79,79,59,49,69,46,,
Cybersecurity Analyst,MTech,44,2.9,70,90,2,3,84,87,70,56,17,2,83,67,79,60,98,64,,
Cybersecurity Analyst,MCA,56,0.5,87,96,2,4,55,82,71,61,0,0,63,60,67,34,87,78,,
Cybersecurity Analyst,MSc,78,0.7,72,97,2,3,64,79,60,82,0,0,74,49,33,67,80,57,,
Cybersecurity Analyst,BTech,48,3.7,56,86,1,4,82,54,49,55,44,2,85,61,33,74,67,49,,
Cybersecurity Analyst,MSc,54,1.4,69,95,0,2,57,95,59,87,69,2,73,53,43,70,81,58,,
Cybersecurity Analyst,BTech,65,4.3,57,72,2,5,62,53,69,63,0,0,85,41,58,88,89,36,,
Cybersecurity Analyst,MSc,48,4.5,75,99,0,2,69,90,61,57,32,0,72,71,58,67,83,53,,
Cybersecurity Analyst,BE,81,0.5,62,73,2,2,83,83,38,47,21,1,63,69,29,70,68,53,,
Cybersecurity Analyst,MCA,78,1.4,79,74,2,3,62,77,48,74,62,1,68,47,72,77,77,36,,
Cybersecurity Analyst,BBA,32,1.9,63,67,2,3,63,70,58,47,17,0,59,70,61,70,78,57,,
Cybersecurity Analyst,BTech,70,5.3,77,76,0,3,90,84,57,50,69,0,81,65,36,88,94,66,,
Cybersecurity Analyst,BSc,69,1.4,64,94,0,5,77,87,66,67,0,0,88,59,57,62,98,65,,
Cybersecurity Analyst,BTech,53,0.6,75,94,2,3,76,77,35,74,0,0,71,58,82,83,66,43,,
Cybersecurity Analyst,BSc,73,1.4,41,70,2,3,71,76,70,55,0,2,86,51,24,41,71,69,,
Cybersecurity Analyst,MBA,62,0.7,58,91,0,3,72,76,72,52,0,0,79,62,36,51,93,72,,
Cybersecurity Analyst,BCA,32,4.3,77,94,0,4,67,76,81,49,52,2,81,40,70,62,83,67,,
Cybersecurity Analyst,MSc,76,3.9,79,88,0,4,62,76,62,48,10,2,64,67,55,50,61,69,,
Cybersecurity Analyst,BTech,64,0.2,78,73,3,4,60,73,63,58,0,0,76,55,41,51,81,60,,
Cybersecurity Analyst,MBA,68,3.3,77,63,3,5,59,86,63,58,26,1,93,69,22,39,84,47,,
Cybersecurity Analyst,BE,64,2.5,65,84,2,5,62,83,48,65,0,3,89,60,58,48,80,71,,
Cybersecurity Analyst,MTech,68,0.7,85,72,2,2,62,75,38,65,66,0,64,54,54,74,71,30,,
Cybersecurity Analyst,BE,64,2.5,60,100,0,4,89,50,29,81,74,0,76,53,38,69,81,58,,
Cybersecurity Analyst,BE,36,3.7,57,75,1,5,62,43,59,68,76,3,100,38,49,58,93,33,,
Cybersecurity Analyst,MSc,62,1.1,45,93,0,2,61,68,58,55,0,2,78,47,69,51,68,76,,
Cybersecurity Analyst,MTech,46,1.5,73,77,3,2,81,79,50,37,0,2,77,63,73,58,92,46,,
Cybersecurity Analyst,BE,62,1.1,52,93,0,3,62,93,51,68,43,3,74,46,49,68,87,61,,
Cybersecurity Analyst,MBA,76,4.8,82,100,0,1,47,81,43,49,29,1,77,50,60,71,67,50,,
Cybersecurity Analyst,BE,52,2.6,78,66,3,5,75,67,59,69,31,2,81,46,74,59,69,72,,
Cybersecurity Analyst,BE,29,3.6,79,73,4,4,84,77,49,49,0,1,78,49,49,62,60,80,,
Cybersecurity Analyst,MSc,64,3.2,81,98,2,4,57,94,66,53,42,2,81,61,72,75,83,51,,
Cybersecurity Analyst,MCA,63,1.4,70,88,2,5,66,84,70,68,36,5,84,47,64,63,67,26,,
Cybersecurity Analyst,MCA,49,1.5,70,68,5,5,90,55,41,42,23,1,79,53,58,68,67,77,,
Cybersecurity Analyst,MTech,59,2.5,59,97,1,5,87,78,42,72,58,0,82,45,71,71,66,50,,
Cybersecurity Analyst,BTech,28,4.0,81,78,2,5,74,90,58,69,73,3,96,54,50,81,96,66,,
Cybersecurity Analyst,BTech,52,2.0,87,84,3,2,53,74,46,35,0,0,70,46,41,54,69,66,,
Cybersecurity Analyst,BE,72,3.0,72,74,1,4,54,80,72,80,44,2,76,53,68,73,83,54,,
Cybersecurity Analyst,BE,69,0.4,41,69,2,3,71,79,46,45,59,3,83,68,29,65,89,61,,
Cybersecurity Analyst,BE,63,1.6,81,68,3,2,70,78,55,38,21,0,71,74,60,67,65,76,,
Cybersecurity Analyst,BE,77,3.9,76,85,0,3,50,84,59,65,66,3,90,56,64,66,76,58,,
Cybersecurity Analyst,MTech,54,1.7,51,77,2,5,76,52,30,70,67,0,86,71,41,68,68,60,,
Cybersecurity Analyst,MBA,86,3.2,53,84,1,4,79,79,65,57,43,4,81,45,57,52,86,60,,
Cybersecurity Analyst,BCA,72,1.3,74,72,2,3,54,65,46,63,0,3,56,64,63,57,78,66,,
Cybersecurity Analyst,MSc,68,3.3,87,75,3,4,51,80,58,66,33,0,59,58,67,56,83,64,,
Cybersecurity Analyst,BTech,70,3.0,71,91,0,5,75,77,73,73,42,2,76,48,42,60,90,70,,
Cybersecurity Analyst,MCA,40,3.8,67,100,1,3,85,88,49,54,18,1,71,83,38,57,67,65,,
Cybersecurity Analyst,MCA,82,0.4,89,75,3,2,61,71,42,67,0,0,56,52,70,58,68,34,,
Cybersecurity Analyst,BE,32,1.4,77,65,4,5,66,61,47,54,19,0,78,55,61,61,79,64,,
Cybersecurity Analyst,MSc,80,3.2,65,69,4,6,87,91,58,61,84,6,97,41,70,86,88,45,,
Cybersecurity Analyst,BTech,67,2.7,51,72,2,3,64,83,80,44,0,1,79,74,30,63,92,45,,
Cybersecurity Analyst,MTech,45,1.4,60,91,1,7,75,100,79,62,61,5,91,31,47,73,83,33,,
Cybersecurity Analyst,BCA,38,3.8,60,89,0,5,72,69,73,61,80,3,87,73,50,81,90,61,,
Cybersecurity Analyst,BTech,66,1.8,51,94,1,3,82,77,39,56,0,0,63,62,49,67,74,73,,
Cybersecurity Analyst,BSc,90,2.3,59,100,0,4,71,80,41,46,44,3,85,70,61,57,98,57,,
Cybersecurity Analyst,BE,30,3.6,56,87,3,2,56,78,45,58,54,2,84,47,41,48,82,42,,
Cybersecurity Analyst,BTech,73,3.7,100,99,2,3,64,92,66,49,16,0,86,44,69,44,84,53,,
Cybersecurity Analyst,BE,27,4.0,68,89,3,2,61,100,41,53,56,1,82,36,36,72,86,56,,
Cybersecurity Analyst,BE,42,0.7,61,77,3,3,73,76,31,55,52,2,87,69,22,74,65,65,,
Cybersecurity Analyst,BSc,83,4.6,65,89,0,3,80,100,60,46,82,1,86,49,48,80,98,72,,
Cybersecurity Analyst,BBA,42,1.4,74,84,2,4,85,75,55,51,0,1,79,77,39,78,76,73,,
Cybersecurity Analyst,MTech,47,2.5,50,78,4,3,44,73,62,59,0,0,74,69,36,40,85,46,,
Cybersecurity Analyst,BTech,57,2.6,35,88,2,4,65,96,46,51,0,0,55,41,43,68,84,80,,
Cybersecurity Analyst,MBA,63,2.6,93,82,3,5,57,81,55,78,57,2,77,45,74,63,76,42,,
Cybersecurity Analyst,MCA,39,2.9,77,93,0,4,62,92,61,56,0,1,61,78,57,46,83,62,,
Cybersecurity Analyst,MBA,75,3.0,97,99,2,3,53,90,44,58,36,1,88,64,60,60,92,29,,
Cybersecurity Analyst,MSc,66,6.2,78,100,0,4,79,94,66,50,80,3,90,70,45,71,99,61,,
Cybersecurity Analyst,MSc,85,2.0,59,55,3,3,65,62,63,75,28,1,59,56,53,59,73,58,,
Cybersecurity Analyst,MCA,64,1.5,80,72,2,2,63,89,75,52,41,0,78,78,60,77,78,69,,
Cybersecurity Analyst,BTech,44,1.9,54,100,1,4,94,73,53,53,0,0,86,41,41,81,62,61,,
Cybersecurity Analyst,MBA,53,1.7,74,85,1,6,60,70,60,77,52,1,74,48,64,59,81,65,,
Cybersecurity Analyst,MCA,79,2.2,62,87,2,4,63,80,42,53,0,1,65,48,46,49,57,61,,
Cybersecurity Analyst,BCA,42,2.0,56,88,0,5,81,65,82,53,74,4,94,71,57,79,95,66,,
Cybersecurity Analyst,BTech,49,2.7,50,78,2,2,52,69,47,58,36,0,86,59,53,36,74,44,,
Cybersecurity Analyst,BTech,85,2.3,80,86,2,2,79,90,75,66,0,0,78,59,53,88,87,55,,
Cybersecurity Analyst,BE,54,3.6,73,82,3,5,63,82,43,67,0,3,85,92,69,80,77,53,,
Cybersecurity Analyst,MSc,76,4.1,65,65,3,5,72,81,59,60,82,4,98,90,66,90,99,47,,
Cybersecurity Analyst,MTech,66,0.4,58,74,2,2,49,73,34,43,0,2,65,59,61,56,65,65,,
Cybersecurity Analyst,MSc,77,6.2,78,96,1,5,82,89,73,71,81,2,88,72,53,65,87,55,,
Cybersecurity Analyst,MBA,36,3.6,41,91,3,2,50,96,37,51,43,0,62,31,26,75,85,50,,
Cybersecurity Analyst,BTech,84,1.1,58,57,5,5,63,75,57,61,0,3,81,73,73,72,88,54,,
Cybersecurity Analyst,MCA,32,1.3,66,65,2,4,57,78,75,73,21,0,93,65,56,75,78,76,,
Cybersecurity Analyst,MCA,86,2.5,92,84,1,4,64,68,58,66,53,0,88,50,60,82,90,82,,
Cybersecurity Analyst,MBA,67,1.7,55,94,1,2,62,80,55,64,0,0,62,43,18,51,82,54,,
Cybersecurity Analyst,BE,86,1.5,48,78,1,4,72,94,45,53,9,2,68,49,67,54,70,54,,
Cybersecurity Analyst,MCA,76,1.7,66,90,1,3,59,83,64,78,0,0,67,45,67,63,87,64,,
Cybersecurity Analyst,MBA,74,2.9,80,91,1,4,66,74,75,55,64,0,76,65,56,69,76,64,,
Cybersecurity Analyst,BTech,79,3.5,48,71,3,4,81,80,63,62,74,3,90,68,83,82,100,55,,
Cybersecurity Analyst,BSc,74,0.6,77,56,4,3,48,71,53,63,0,0,55,41,51,52,72,62,,
Cybersecurity Analyst,BSc,87,1.2,74,77,2,5,66,97,38,72,70,2,90,25,64,48,81,79,,
Cybersecurity Analyst,BTech,36,1.7,75,83,2,4,72,83,50,59,61,3,86,76,26,87,82,44,,
Cybersecurity Analyst,MTech,59,0.6,56,96,1,3,49,61,61,53,0,0,40,87,56,55,55,45,,
Cybersecurity Analyst,MSc,58,0.9,41,78,2,2,54,75,45,68,25,0,60,67,61,66,53,45,,
Cybersecurity Analyst,MCA,60,0.9,49,74,3,3,75,90,56,54,44,0,76,81,46,94,85,58,,
Cybersecurity Analyst,BE,62,1.2,71,93,2,1,40,89,58,71,0,0,57,81,55,61,68,48,,
Cybersecurity Analyst,BBA,58,2.9,85,71,2,7,76,82,72,60,27,0,100,60,32,45,96,54,,
Cybersecurity Analyst,MSc,54,4.5,78,92,1,4,68,94,71,58,49,3,99,51,69,71,93,75,,
Cybersecurity Analyst,MCA,83,1.3,73,72,2,2,60,72,44,25,26,1,76,55,56,68,80,68,,
Cybersecurity Analyst,MSc,66,0.4,45,89,0,3,59,80,50,73,0,2,77,52,58,65,99,49,,
Cybersecurity Analyst,MSc,83,5.2,73,99,0,2,63,80,72,48,26,2,87,61,66,77,70,62,,
Cybersecurity Analyst,MBA,19,2.6,60,95,0,6,71,64,77,66,73,2,75,66,56,82,93,59,,
Cybersecurity Analyst,MSc,36,3.3,81,79,2,6,87,82,58,61,0,3,87,56,41,70,86,83,,
Cybersecurity Analyst,BTech,90,1.2,75,61,2,3,64,78,44,41,0,0,73,85,50,54,63,66,,
Cybersecurity Analyst,BTech,78,1.2,58,56,2,4,57,70,32,57,0,1,60,73,51,39,64,54,,
Cybersecurity Analyst,BBA,40,3.7,84,88,1,6,83,89,61,65,49,1,100,43,48,64,100,80,,
Cybersecurity Analyst,BTech,66,2.9,78,84,1,4,52,74,78,72,16,0,73,37,48,52,77,71,,
Cybersecurity Analyst,BE,45,3.4,59,81,3,4,93,76,59,51,0,1,73,53,75,69,77,77,,
Cybersecurity Analyst,BE,44,2.3,64,75,4,4,97,71,63,47,0,2,85,56,83,64,82,82,,
Cybersecurity Analyst,MBA,63,2.3,91,94,2,2,50,81,47,58,48,0,65,53,52,68,74,44,,
Cybersecurity Analyst,MBA,46,1.4,75,77,3,4,67,81,49,34,60,0,63,48,40,52,69,78,,
Cybersecurity Analyst,BTech,58,3.8,77,91,3,2,62,96,54,52,63,0,83,44,36,68,66,50,,
Cybersecurity Analyst,MBA,53,1.7,62,98,1,6,68,92,73,78,0,0,79,44,38,49,84,38,,
Cybersecurity Analyst,MSc,73,2.5,69,97,0,4,57,70,66,81,59,4,82,44,65,75,86,87,,
Cybersecurity Analyst,Diploma,59,2.7,60,85,2,4,75,94,84,82,69,0,92,50,62,91,93,62,,
Cybersecurity Analyst,BCA,32,2.3,74,94,1,5,69,65,77,61,0,0,73,61,56,73,100,60,,
Cybersecurity Analyst,MSc,82,3.5,68,83,2,4,60,80,74,59,20,0,73,61,68,74,74,56,,
Cybersecurity Analyst,BBA,44,1.7,82,83,2,6,80,80,61,44,47,0,78,46,45,56,84,77,,
Cybersecurity Analyst,BE,51,1.0,83,96,1,3,70,93,51,54,47,0,78,62,26,75,70,61,,
Cybersecurity Analyst,MSc,75,0.7,70,76,5,3,66,86,38,67,0,2,78,46,42,63,86,53,,
Cybersecurity Analyst,BTech,47,2.9,82,72,3,3,57,74,54,63,0,0,79,46,59,44,71,44,,
Cybersecurity Analyst,MTech,53,1.7,76,74,4,3,69,66,64,58,19,1,95,57,80,57,100,60,,
Cybersecurity Analyst,BTech,43,1.9,68,79,3,3,53,67,40,62,0,3,67,53,55,45,76,68,,
Cybersecurity Analyst,BTech,76,2.4,87,99,2,4,69,84,69,67,20,0,81,71,38,52,99,37,,
Cybersecurity Analyst,BTech,59,3.3,71,89,2,6,68,67,80,59,0,2,90,86,72,54,56,57,,
Cybersecurity Analyst,BE,49,2.2,72,99,0,1,23,95,31,52,0,1,67,58,60,53,71,41,,
Cybersecurity Analyst,BSc,77,0.7,65,88,0,2,76,89,62,69,0,2,71,51,52,56,80,57,,
Cybersecurity Analyst,MBA,68,1.5,70,79,3,1,52,75,65,58,51,0,72,63,49,76,95,52,,
Cybersecurity Analyst,MSc,92,2.1,77,83,1,4,83,100,54,67,58,1,93,27,61,63,82,75,,
Cybersecurity Analyst,MBA,77,1.8,83,71,4,5,62,83,65,76,36,1,95,56,33,57,78,41,,
Cybersecurity Analyst,BE,67,3.3,68,79,1,3,64,57,58,77,44,1,74,60,49,65,80,53,,
Cybersecurity Analyst,MCA,72,4.1,78,90,1,4,69,96,68,76,71,2,83,62,73,80,92,56,,
Cybersecurity Analyst,MTech,91,3.5,69,77,2,3,61,73,61,54,0,0,60,58,61,61,74,32,,
Cybersecurity Analyst,BTech,84,2.8,55,72,1,3,43,79,56,57,15,0,70,46,48,60,55,46,,
Cybersecurity Analyst,BTech,58,4.7,83,83,4,3,65,88,48,50,0,2,92,41,51,50,73,78,,
Cybersecurity Analyst,BSc,69,1.8,70,79,0,2,53,73,63,56,57,2,86,46,38,52,81,61,,
Cybersecurity Analyst,MTech,48,2.6,83,46,3,5,69,77,64,57,30,0,96,70,21,50,89,41,,
Cybersecurity Analyst,MTech,76,1.8,43,78,3,2,68,82,54,46,0,0,88,65,43,66,66,57,,
Cybersecurity Analyst,BTech,63,0.6,58,77,1,5,80,75,22,55,0,0,77,60,69,61,58,48,,
Cybersecurity Analyst,BTech,50,1.7,74,85,2,5,58,53,58,58,41,1,73,37,46,68,98,48,,
Cybersecurity Analyst,BE,83,2.8,45,75,1,4,86,90,75,49,22,2,91,56,50,56,89,52,,
Cybersecurity Analyst,BE,36,1.1,60,57,5,4,48,72,34,64,0,3,80,61,44,44,64,62,,
Cybersecurity Analyst,MCA,73,1.1,88,94,2,5,87,75,44,75,36,0,91,50,62,58,63,49,,
Cybersecurity Analyst,BE,60,0.8,67,78,3,3,60,74,41,62,0,0,56,63,59,57,69,47,,
Cybersecurity Analyst,BE,53,1.2,38,67,3,3,65,74,71,64,0,0,73,74,76,72,70,51,,
Cybersecurity Analyst,MSc,66,5.3,66,100,0,3,60,94,73,64,0,0,62,56,48,56,87,53,,
Cybersecurity Analyst,BTech,67,2.4,68,82,3,2,72,76,48,50,0,1,82,76,51,78,68,63,,
Cybersecurity Analyst,BTech,73,0.5,34,74,1,2,40,76,28,49,25,0,68,59,52,64,70,29,,
Cybersecurity Analyst,BE,62,2.3,75,66,2,4,45,70,54,90,32,2,69,50,76,42,78,52,,
Cybersecurity Analyst,BTech,62,0.5,80,98,2,4,51,68,57,56,0,1,61,65,55,41,81,59,,
Cybersecurity Analyst,BBA,52,3.3,87,90,0,8,90,70,63,71,54,0,88,55,63,79,96,71,,
Cybersecurity Analyst,MTech,30,1.0,69,75,0,4,87,70,31,60,43,0,86,56,64,80,74,46,,
Data Analyst,BTech,74,2.2,57,73,2,2,80,62,72,51,79,1,79,100,56,97,85,56,,
Data Analyst,BBA,57,0.7,54,37,6,3,81,56,53,46,77,0,94,66,80,52,47,69,,
Data Analyst,MSc,12,0.9,29,100,2,3,76,59,70,56,0,0,81,37,77,57,68,57,,
Data Analyst,BE,77,0.6,60,93,0,2,57,95,77,32,62,1,81,67,37,82,100,33,,
Data Analyst,MCA,82,1.5,83,73,1,6,74,94,63,59,68,2,87,61,50,91,100,61,,
Data Analyst,MTech,90,4.4,89,100,0,1,38,74,83,59,0,1,48,63,40,38,83,59,,
Data Analyst,MSc,76,3.5,100,66,5,4,73,100,50,58,100,2,100,76,38,65,79,59,,
Data Analyst,BE,63,0.7,51,41,5,2,74,86,34,52,0,0,68,28,23,84,60,75,,
Data Analyst,MSc,55,0.9,51,100,1,1,56,84,80,60,76,0,62,77,56,76,81,57,,
Data Analyst,BE,87,2.9,59,49,3,6,78,74,100,77,63,6,58,88,49,76,100,35,,
Data Analyst,MSc,87,3.0,69,69,4,5,45,93,70,54,42,0,52,55,36,15,71,19,,
Data Analyst,BE,40,1.0,85,96,0,5,70,89,55,61,78,0,20,67,68,73,84,42,,
Data Analyst,BSc,71,2.2,89,71,5,5,63,81,48,36,55,3,87,34,44,45,72,79,,
Data Analyst,MTech,63,0.2,87,82,1,8,84,100,64,91,32,8,91,54,46,67,97,57,,
Data Analyst,BBA,94,2.4,79,69,1,0,75,100,53,53,81,0,53,64,60,100,81,26,,
Data Analyst,BTech,65,3.3,77,100,1,3,54,73,39,75,78,0,88,83,59,59,100,83,,
Data Analyst,BSc,57,0.5,40,100,1,4,54,88,45,66,0,4,76,82,46,42,62,39,,
Data Analyst,MSc,61,3.6,95,77,1,4,65,94,75,53,0,2,63,53,65,47,87,95,,
Data Analyst,PhD,97,2.8,43,68,3,4,83,94,92,73,84,0,57,91,28,78,95,15,,
Data Analyst,MTech,83,3.7,70,66,2,6,80,88,63,52,70,1,84,31,78,54,94,45,,
Data Analyst,BTech,99,1.5,79,100,0,0,61,98,41,31,0,0,27,68,47,43,76,42,,
Data Analyst,BE,84,2.2,70,94,1,2,71,80,66,57,0,0,60,64,71,52,74,43,,
Data Analyst,BTech,52,0.8,81,100,0,1,25,58,38,55,0,0,66,100,65,79,91,57,,
Data Analyst,PhD,89,2.2,55,52,7,5,99,76,74,55,100,4,100,90,49,89,75,52,,
Data Analyst,BE,85,0.9,55,94,3,5,88,97,34,40,0,3,55,55,51,66,95,70,,
Data Analyst,MCA,50,0.4,50,81,0,0,18,59,81,35,45,0,43,63,81,74,92,78,,
Data Analyst,MSc,64,0.8,70,37,4,6,62,66,84,65,41,3,82,54,66,70,78,62,,
Data Analyst,MBA,40,7.3,86,81,1,6,85,90,70,74,85,4,86,68,77,90,47,50,,
Data Analyst,BSc,70,2.5,44,88,1,7,80,71,69,87,56,4,100,69,79,58,92,57,,
Data Analyst,BSc,73,1.7,57,100,1,0,62,100,29,48,91,0,58,54,31,100,100,38,,
Data Analyst,BE,34,3.7,94,85,0,1,43,59,89,18,0,1,61,24,34,43,78,38,,
Data Analyst,MCA,60,2.3,76,56,4,0,72,86,34,52,41,0,82,70,38,61,67,63,,
Data Analyst,MTech,86,0.8,64,66,4,5,70,75,80,94,94,0,100,87,36,93,91,67,,
Data Analyst,BTech,59,0.8,71,82,2,3,69,100,13,74,44,0,94,78,50,74,80,40,,
Data Analyst,MCA,75,1.1,44,100,2,2,57,86,59,35,0,1,59,35,36,68,56,50,,
Data Analyst,MBA,54,1.7,55,57,5,3,75,71,39,38,0,1,33,66,56,65,36,29,,
Data Analyst,BTech,68,2.1,91,55,5,1,62,52,47,67,29,0,84,89,43,67,69,59,,
Data Analyst,BTech,99,2.3,93,74,4,4,52,87,46,50,70,3,88,69,38,63,81,26,,
Data Analyst,BTech,75,7.5,83,98,0,6,89,89,69,82,100,4,100,85,71,79,95,77,,
Data Analyst,BE,93,0.4,86,62,2,3,51,77,85,71,11,1,91,69,69,75,79,70,,
Data Analyst,BTech,80,2.8,70,54,3,3,34,64,52,44,0,3,79,38,66,46,76,70,,
Data Analyst,MTech,56,3.7,83,92,0,0,57,78,71,39,0,0,38,72,43,79,92,80,,
Data Analyst,BSc,52,1.7,100,60,2,5,54,81,33,100,0,5,100,61,67,47,61,61,,
Data Analyst,BSc,82,2.4,87,23,4,0,59,54,33,45,50,0,59,60,63,82,85,12,,
Data Analyst,MTech,59,0.7,42,71,4,2,35,98,48,39,64,0,77,81,66,92,96,32,,
Data Analyst,MBA,35,0.6,54,80,3,4,66,78,48,77,42,0,90,59,28,55,61,53,,
Data Analyst,MBA,45,1.1,43,91,3,4,55,71,58,39,0,1,60,54,68,60,75,59,,
Data Analyst,BTech,45,2.5,81,86,2,4,88,98,45,47,45,0,76,58,54,47,74,75,,
Data Analyst,MBA,58,0.7,88,85,2,5,79,60,34,73,0,1,50,47,79,52,53,40,,
Data Analyst,BE,28,1.5,88,62,4,3,74,67,34,73,11,0,69,100,47,96,73,52,,
Data Analyst,BTech,57,5.0,60,67,3,3,82,100,62,43,0,1,84,13,44,41,100,66,,
Data Analyst,BTech,72,2.2,75,91,4,3,54,48,84,64,69,2,95,65,75,95,70,57,,
Data Analyst,MCA,74,2.3,42,86,2,0,28,100,27,67,40,0,63,76,32,36,100,96,,
Data Analyst,BTech,98,0.3,36,100,2,5,75,82,56,62,56,0,87,59,89,73,78,66,,
Data Analyst,BSc,46,1.1,82,76,3,2,51,81,65,76,47,2,91,57,47,35,100,88,,
Data Analyst,BTech,63,5.0,99,100,0,2,71,99,52,61,100,2,100,72,61,86,85,77,,
Data Analyst,MSc,79,0.3,69,74,1,5,75,92,53,51,59,0,88,54,89,100,80,51,,
Data Analyst,MSc,56,2.9,100,77,0,5,87,92,55,76,0,0,75,61,30,59,86,43,,
Data Analyst,MBA,92,0.8,57,71,4,4,67,58,65,67,54,1,73,63,43,77,58,79,,
Data Analyst,BE,80,1.8,60,76,7,1,52,49,25,31,48,0,81,85,40,100,96,40,,
Data Analyst,BSc,82,3.6,64,66,0,3,98,85,36,67,0,2,46,57,69,46,83,62,,
Data Analyst,MSc,83,0.7,54,94,0,5,39,90,37,54,67,0,76,15,63,77,85,43,,
Data Analyst,Diploma,94,0.5,46,80,3,5,80,66,41,77,0,4,72,72,51,81,100,69,,
Data Analyst,MSc,87,2.0,63,82,2,1,56,77,46,68,0,0,64,59,66,86,70,2,,
Data Analyst,BTech,51,7.1,87,100,1,2,68,85,62,49,49,2,90,23,53,58,67,65,,
Data Analyst,BE,86,0.9,50,100,1,2,74,83,36,53,0,2,95,79,84,38,61,70,,
Data Analyst,Diploma,59,6.0,87,100,0,4,97,83,45,26,58,1,91,66,45,73,100,71,,
Data Analyst,BSc,74,1.7,62,66,4,5,75,100,49,48,28,1,100,90,48,59,83,58,,
Data Analyst,MCA,73,0.4,52,76,5,3,50,53,18,40,32,0,93,66,61,75,57,66,,
Data Analyst,MCA,87,0.4,71,92,1,6,66,83,46,65,28,3,100,80,56,65,91,48,,
Data Analyst,MCA,78,1.8,87,90,1,4,61,81,73,47,0,0,38,73,65,51,76,61,,
Data Analyst,BBA,47,1.7,69,79,1,2,18,67,41,47,54,1,67,53,84,53,100,22,,
Data Analyst,MBA,61,1.8,76,87,4,1,60,92,14,66,92,0,56,65,56,82,69,48,,
Data Analyst,BTech,58,0.2,29,90,2,3,65,68,79,36,10,3,95,78,47,75,86,68,,
Data Analyst,MSc,73,1.6,76,56,8,3,78,60,71,71,73,0,60,81,52,50,59,54,,
Data Analyst,BE,88,2.9,67,93,1,7,100,65,57,54,0,1,87,51,53,67,87,41,,
Data Analyst,BTech,65,2.7,81,85,3,1,58,88,54,28,0,1,65,55,60,55,86,47,,
Data Analyst,BSc,46,0.5,73,61,1,3,60,95,46,82,0,3,52,58,37,51,88,80,,
Data Analyst,MCA,59,3.1,59,100,1,2,98,100,33,48,0,1,51,24,42,89,71,35,,
Data Analyst,MCA,87,5.8,79,85,2,5,73,71,63,38,0,2,70,59,90,20,75,56,,
Data Analyst,MBA,79,2.0,72,68,6,0,28,85,25,58,0,0,56,59,76,43,43,41,,
Data Analyst,BE,81,0.4,66,57,4,5,60,72,62,92,0,5,64,9,57,70,58,66,,
Data Analyst,BTech,78,2.7,100,67,2,2,60,62,58,28,48,0,62,71,90,79,82,20,,
Data Analyst,MCA,81,1.3,85,77,3,3,83,76,69,70,77,0,79,42,29,84,88,21,,
Data Analyst,MSc,71,1.0,50,37,5,2,29,67,36,42,0,0,65,67,94,75,39,49,,
Data Analyst,MCA,87,0.5,30,86,2,4,56,56,48,39,49,0,74,26,47,85,100,66,,
Data Analyst,BSc,71,2.3,55,91,1,1,38,95,43,57,86,0,63,75,77,56,99,49,,
Data Analyst,MSc,52,2.3,82,55,3,4,87,77,29,65,61,3,99,88,48,74,100,52,,
Data Analyst,MCA,35,0.4,36,62,4,0,35,69,9,46,0,0,43,64,54,50,56,46,,
Data Analyst,BE,56,5.0,80,100,1,5,90,49,78,65,100,1,92,54,65,91,97,90,,
Data Analyst,BE,53,1.9,78,48,3,2,83,53,23,49,67,0,67,81,26,79,78,58,,
Data Analyst,BCA,55,2.4,65,84,0,4,81,75,74,65,71,0,80,60,39,50,100,56,,
Data Analyst,BTech,87,1.1,63,74,2,5,73,65,67,31,0,0,57,100,44,70,48,42,,
Data Analyst,BE,16,0.9,56,97,1,0,36,88,76,61,55,0,70,42,51,52,86,25,,
Data Analyst,BSc,75,2.9,87,92,3,3,91,78,62,49,48,2,43,24,41,66,76,55,,
Data Analyst,BCA,47,3.9,56,67,5,5,83,59,86,57,100,2,96,20,58,80,78,68,,
Data Analyst,BCA,74,4.3,70,100,1,2,55,82,54,83,0,2,67,71,61,41,86,74,,
Data Analyst,MTech,90,2.2,81,71,2,5,77,77,54,61,0,5,100,61,76,60,65,66,,
Data Analyst,BBA,88,2.3,65,63,3,4,55,40,78,34,0,0,100,35,60,49,83,57,,
Data Analyst,MCA,19,0.7,38,100,0,5,79,92,56,64,0,2,76,71,80,27,78,64,,
Data Analyst,BE,67,3.1,100,100,1,5,64,73,70,70,80,2,74,61,65,74,100,46,,
Data Analyst,BSc,81,2.1,17,62,5,3,75,82,72,54,36,0,100,68,67,62,77,69,,
Data Analyst,BCA,84,1.3,68,67,3,5,75,56,31,60,64,0,77,57,41,71,87,67,,
Data Analyst,MTech,88,1.4,9,45,7,4,83,39,63,58,0,0,40,4,26,99,57,67,,
Data Analyst,MCA,76,3.3,68,100,0,3,72,92,42,53,0,1,62,47,82,43,72,42,,
Data Analyst,BSc,58,8.3,85,86,1,3,98,76,100,84,50,3,94,67,72,53,100,91,,
Data Analyst,MBA,94,0.4,63,87,2,4,70,56,45,35,43,0,81,78,24,83,77,42,,
Data Analyst,BTech,57,2.4,65,95,1,3,68,57,32,59,0,1,69,31,45,40,88,53,,
Data Analyst,MSc,84,7.6,72,100,0,5,53,100,79,66,0,1,53,72,54,50,96,97,,
Data Analyst,BBA,85,2.8,53,92,0,4,52,80,63,57,57,2,89,38,25,72,55,39,,
Data Analyst,BE,82,0.4,41,100,1,2,67,84,52,56,45,2,71,34,41,88,100,60,,
Data Analyst,BBA,40,0.7,49,78,2,3,43,82,51,66,38,3,92,22,56,61,91,51,,
Data Analyst,BCA,94,4.9,66,98,0,4,51,88,57,64,100,4,94,100,46,32,98,75,,
Data Analyst,BTech,62,2.4,49,93,0,1,57,86,60,60,40,1,85,74,44,100,100,60,,
Data Analyst,BCA,77,0.6,49,68,6,3,60,69,60,64,41,0,66,34,37,43,78,51,,
Data Analyst,MBA,87,0.7,81,100,0,3,58,83,67,52,75,0,75,41,42,98,98,62,,
Data Analyst,MCA,73,0.3,41,66,2,5,52,92,66,78,26,2,71,15,69,67,100,52,,
Data Analyst,BTech,94,0.5,35,100,5,3,74,85,53,73,28,0,86,65,25,60,92,46,,
Data Analyst,BCA,82,1.6,86,100,0,3,91,87,30,93,0,3,40,89,41,63,73,50,,
Data Analyst,BE,48,3.1,65,93,1,4,67,71,28,71,55,1,91,56,76,73,88,63,,
Data Analyst,MCA,83,4.5,81,75,3,3,46,83,77,47,100,2,100,76,39,86,100,62,,
Data Analyst,BCA,70,1.4,81,78,0,4,96,91,38,28,0,0,53,59,52,83,52,49,,
Data Analyst,BE,87,1.3,63,59,2,3,39,53,50,64,0,1,54,78,50,45,100,75,,
Data Analyst,MCA,53,2.8,50,100,0,6,81,100,33,84,85,3,100,32,29,100,95,61,,
Data Analyst,BE,84,0.7,76,64,4,5,72,59,61,75,77,4,78,54,59,82,72,40,,
Data Analyst,MSc,72,1.2,65,91,0,4,43,100,56,83,0,3,81,48,51,66,70,65,,
Data Analyst,BTech,58,1.6,78,49,4,3,45,96,69,30,56,0,76,73,23,77,95,58,,
Data Analyst,MSc,89,3.0,67,59,6,2,83,28,57,74,74,1,100,39,50,76,100,55,,
Data Analyst,BE,57,0.8,36,81,4,0,74,50,26,47,55,0,80,48,36,80,66,50,,
Data Analyst,MSc,75,0.7,74,78,4,3,55,93,59,83,0,1,88,53,68,39,54,76,,
Data Analyst,BTech,21,1.1,86,100,0,3,41,100,80,45,100,0,72,51,65,70,94,72,,
Data Analyst,MBA,59,0.6,45,70,4,4,71,51,23,55,32,2,68,80,59,29,84,45,,
Data Analyst,BE,88,2.0,62,100,1,1,36,71,66,30,0,1,54,83,62,67,74,46,,
Data Analyst,BE,77,0.4,77,100,1,5,75,48,61,62,34,0,82,67,40,81,95,66,,
Data Analyst,BSc,13,1.7,26,100,1,4,83,91,71,79,0,0,55,69,47,94,90,60,,
Data Analyst,MCA,50,0.0,84,81,4,3,84,75,73,58,42,0,82,88,60,94,97,54,,
Data Analyst,MSc,51,9.1,88,100,0,8,65,89,100,62,67,1,93,51,69,77,82,69,,
Data Analyst,BCA,90,0.6,52,100,2,4,76,98,61,54,54,0,93,65,54,75,100,97,,
Data Analyst,BTech,84,8.2,96,92,0,5,97,91,48,54,38,4,100,45,60,67,95,95,,
Data Analyst,BTech,66,1.1,100,89,1,2,52,53,56,53,0,0,62,27,71,65,69,53,,
Data Analyst,MCA,86,0.4,78,100,0,1,55,100,49,46,56,1,75,66,62,66,100,83,,
Data Analyst,BBA,54,1.5,65,100,0,1,73,91,43,45,38,0,49,68,93,49,90,73,,
Data Analyst,MBA,67,0.2,80,70,6,3,71,70,46,42,0,0,65,25,45,74,69,63,,
Data Analyst,MTech,66,1.3,58,68,2,3,53,89,50,77,40,0,62,58,48,54,70,43,,
Data Analyst,MBA,78,2.5,99,64,0,6,71,83,64,84,100,4,84,22,40,99,95,52,,
Data Analyst,MTech,88,3.7,100,86,5,5,76,82,93,55,0,1,70,73,62,73,69,73,,
Data Analyst,BTech,66,3.5,74,85,1,4,89,65,65,63,100,4,72,52,42,74,97,41,,
Data Analyst,BTech,64,2.6,100,100,3,4,90,82,71,57,53,0,57,26,69,84,88,50,,
Data Analyst,MSc,56,3.3,75,69,5,7,66,44,92,63,100,2,89,32,83,70,96,68,,
Data Analyst,BCA,41,0.2,55,72,1,5,72,56,24,97,88,4,67,66,48,100,79,55,,
Data Analyst,BCA,69,1.2,45,47,3,3,80,71,35,57,42,2,100,39,67,100,99,31,,
Data Analyst,MSc,76,2.3,97,71,1,2,79,87,23,93,0,0,53,34,53,56,60,72,,
Data Analyst,BSc,73,0.6,78,81,2,4,70,85,54,70,0,0,65,30,66,85,100,56,,
Data Analyst,BSc,12,3.5,64,73,2,4,82,36,53,55,66,4,82,49,66,80,87,74,,
Data Analyst,BTech,70,0.9,44,97,2,2,50,100,36,64,26,0,68,83,75,44,100,54,,
Data Analyst,BTech,68,3.5,64,100,1,2,66,97,64,45,76,0,94,89,53,65,87,54,,
Data Analyst,BTech,83,2.6,77,55,5,3,63,47,100,77,0,3,67,77,79,45,76,49,,
Data Analyst,BTech,81,3.1,70,91,0,0,53,100,58,63,42,0,69,64,51,92,51,41,,
Data Analyst,BTech,60,7.4,88,81,3,5,80,57,62,81,41,5,69,37,79,25,69,70,,
Data Analyst,BTech,84,1.2,81,45,5,5,55,80,60,81,0,0,81,55,79,34,61,77,,
Data Analyst,BTech,40,0.8,68,90,2,4,75,79,65,60,30,2,70,58,49,89,75,55,,
Data Analyst,BE,69,0.7,80,59,6,2,45,86,34,89,0,0,53,42,53,41,54,50,,
Data Analyst,BE,66,3.1,41,100,0,2,77,96,89,35,4,1,77,83,62,76,87,83,,
Data Analyst,BE,72,2.0,83,89,1,3,95,100,73,49,48,0,63,48,79,86,100,73,,
Data Analyst,MSc,68,4.1,60,100,0,2,48,86,37,14,52,2,91,57,66,56,80,60,,
Data Analyst,MTech,67,1.1,72,92,2,2,69,68,58,35,0,0,66,33,42,58,80,41,,
Data Analyst,BE,55,1.8,95,90,2,3,57,83,72,64,34,0,67,69,79,68,92,55,,
Data Analyst,BE,60,7.3,74,100,1,3,95,76,55,44,100,1,75,48,71,93,100,66,,
Data Analyst,MBA,97,1.8,71,70,3,1,58,65,55,31,56,1,99,48,39,88,66,41,,
Data Analyst,BTech,50,2.0,59,80,2,6,65,51,73,68,76,5,90,64,99,100,80,30,,
Data Analyst,MBA,84,2.6,59,89,3,3,32,92,51,81,0,3,96,69,52,56,91,42,,
Data Analyst,MTech,30,0.7,50,79,0,6,93,86,42,39,0,1,91,42,64,78,69,31,,
Data Analyst,BTech,26,0.2,47,70,4,2,72,70,61,88,9,2,74,33,55,33,81,76,,
Data Analyst,MCA,86,3.1,80,53,2,4,86,67,100,95,85,0,84,52,72,90,91,89,,
Data Analyst,MCA,77,0.1,59,33,6,3,54,64,66,66,55,3,54,42,39,81,43,62,,
Data Analyst,BBA,66,0.5,42,100,0,2,64,88,38,66,0,1,69,51,80,59,77,47,,
Data Analyst,BE,36,2.6,76,100,2,3,55,60,53,41,52,3,85,52,71,75,82,67,,
Data Analyst,BCA,35,2.5,91,86,2,6,81,67,72,41,6,3,78,44,86,61,83,93,,
Data Analyst,BBA,59,3.5,90,74,4,4,98,52,48,87,60,1,60,74,54,85,100,46,,
Data Analyst,BTech,10,1.0,85,71,2,0,64,79,60,62,47,0,69,59,62,64,36,36,,
Data Analyst,BTech,95,1.4,58,71,1,1,78,100,48,50,69,0,89,67,37,72,85,68,,
Data Analyst,MCA,35,0.9,60,78,3,3,57,70,75,44,0,0,56,40,67,64,53,20,,
Data Analyst,BE,92,0.4,49,100,0,1,74,73,41,51,60,1,80,43,52,27,100,70,,
Data Analyst,BE,57,3.7,76,59,3,2,69,68,73,33,67,0,100,56,43,69,100,90,,
Data Analyst,BE,25,2.7,62,69,4,1,51,53,47,42,39,1,61,50,17,35,71,33,,
Data Analyst,BSc,73,0.9,60,88,0,3,30,36,53,79,0,0,55,80,89,44,89,83,,
Data Analyst,BE,48,0.9,100,100,0,2,47,86,38,61,0,0,70,86,46,25,61,14,,
Data Analyst,BE,77,3.6,54,99,0,5,71,100,64,65,0,0,90,71,39,49,71,79,,
Data Analyst,MSc,20,0.6,85,100,0,5,78,98,55,60,0,0,69,49,56,21,76,34,,
Data Analyst,BBA,96,0.4,89,72,4,2,61,92,36,59,23,2,81,77,100,84,100,25,,
Data Analyst,BE,47,2.9,77,88,0,1,66,78,43,22,0,0,44,62,56,59,84,34,,
Data Analyst,BSc,51,4.6,47,100,0,2,68,57,54,82,42,0,45,62,20,75,100,88,,
Data Analyst,MSc,63,0.6,73,87,0,2,88,88,35,40,52,0,53,44,70,100,78,54,,
Data Analyst,MCA,79,1.9,41,66,4,2,62,78,61,23,90,0,47,52,54,67,87,26,,
Data Analyst,BTech,79,1.8,63,98,2,0,51,65,79,66,65,0,54,61,34,80,86,67,,
Data Analyst,BTech,79,3.4,40,75,3,3,39,96,58,50,64,3,100,70,58,84,100,26,,
Data Analyst,BE,79,1.5,74,100,1,1,59,81,49,47,0,0,79,56,56,72,71,36,,
Data Analyst,BE,63,4.1,79,69,3,4,94,63,76,59,92,0,67,62,55,96,64,95,,
Data Analyst,BE,43,0.2,32,66,3,0,46,72,7,27,0,0,52,82,46,69,60,65,,
Data Analyst,MTech,62,8.2,92,96,0,4,32,88,73,37,97,0,61,81,67,39,100,77,,
Data Analyst,MSc,88,3.2,85,85,4,6,56,73,46,40,74,4,100,26,54,81,92,57,,
Data Analyst,BTech,78,3.4,99,100,0,6,58,100,85,77,66,5,59,84,54,64,100,55,,
Data Analyst,MTech,86,1.9,58,84,1,0,72,90,78,18,35,0,71,30,68,81,94,29,,
Data Analyst,MSc,57,0.5,92,85,4,3,28,59,66,17,0,0,47,100,77,25,82,38,,
Data Analyst,MCA,78,6.2,79,86,5,0,49,86,39,22,1,0,77,75,58,74,82,72,,
Data Analyst,BTech,54,2.7,89,77,1,3,53,92,60,84,0,2,66,46,30,79,82,23,,
Data Analyst,MCA,33,0.6,86,99,2,3,82,86,52,49,0,1,68,67,43,57,93,52,,
Data Analyst,MSc,88,3.7,75,93,1,4,84,68,58,67,0,3,100,63,60,70,48,50,,
Data Analyst,MBA,83,1.9,87,100,2,3,81,70,51,57,64,0,77,51,65,75,90,60,,
Data Analyst,MBA,65,0.6,61,60,4,1,67,81,38,24,71,1,87,68,50,80,94,65,,
Data Analyst,BE,72,2.6,59,74,3,5,70,76,46,52,85,3,92,42,57,90,88,69,,
Data Analyst,BSc,44,0.6,81,100,0,7,68,98,74,94,0,4,100,93,31,68,100,68,,
Data Analyst,MSc,65,0.4,74,84,1,4,48,65,63,50,0,3,53,39,62,62,69,61,,
Data Analyst,MCA,81,3.6,100,90,2,4,76,83,83,39,93,4,82,44,68,97,88,56,,
Data Analyst,MTech,84,0.6,74,98,0,3,58,74,19,54,51,0,59,46,49,79,70,69,,
Data Analyst,MCA,68,2.6,100,82,0,4,60,90,54,43,17,3,89,45,21,42,87,71,,
Data Analyst,MSc,82,0.0,37,89,1,2,43,99,58,39,0,2,66,69,53,58,71,75,,
Data Analyst,MTech,80,0.3,73,89,2,6,47,93,60,76,0,6,82,31,79,57,100,84,,
Data Analyst,MCA,74,1.1,53,100,3,1,35,90,45,54,0,1,58,49,51,81,93,49,,
Data Analyst,MTech,67,0.9,57,61,5,3,76,77,44,84,60,1,58,64,60,51,74,63,,
Data Analyst,MSc,50,0.7,66,100,3,4,79,75,62,78,86,0,79,56,66,80,100,62,,
Data Analyst,Diploma,34,3.6,81,77,1,4,42,66,40,70,0,2,59,57,48,57,71,63,,
Data Analyst,BE,93,1.3,76,81,4,2,51,82,59,34,38,0,63,64,44,53,75,53,,
Data Analyst,BSc,72,1.5,52,57,4,3,71,60,53,60,62,0,84,93,76,68,79,68,,
Data Analyst,BTech,34,0.4,79,44,7,6,61,58,55,86,64,6,100,39,60,83,50,50,,
Data Analyst,MSc,54,0.9,57,100,0,2,51,78,71,13,0,2,64,55,57,46,72,42,,
Data Analyst,MTech,71,2.2,69,65,2,3,25,66,42,51,41,0,56,58,59,87,86,71,,
Data Analyst,BCA,43,3.8,75,79,4,2,75,55,50,41,32,0,100,44,86,45,58,75,,
Data Analyst,MBA,88,1.9,68,89,2,5,59,79,34,60,69,0,80,83,71,100,77,53,,
Data Analyst,MSc,29,5.3,66,100,0,5,94,92,56,100,71,5,100,37,79,81,100,69,,
Data Analyst,BTech,39,0.5,72,77,3,2,70,99,36,56,0,1,49,32,42,49,69,21,,
Data Analyst,BTech,82,1.9,100,100,1,2,64,86,38,96,98,0,93,73,46,64,100,47,,
Data Analyst,BCA,63,6.2,83,85,2,6,92,64,78,35,69,3,89,70,47,100,100,69,,
Data Analyst,BCA,87,8.9,74,96,0,4,81,65,97,67,50,1,100,100,67,59,74,76,,
Data Analyst,MBA,91,1.2,58,71,2,5,81,87,52,46,0,5,91,46,43,28,54,48,,
Data Analyst,BE,64,2.7,55,76,5,4,47,88,64,68,0,2,90,85,62,67,89,70,,
Data Analyst,BTech,82,0.3,69,73,5,5,62,87,47,47,0,3,73,70,59,41,32,84,,
Data Analyst,BTech,46,5.1,66,100,0,7,79,68,60,65,77,1,100,63,96,100,100,76,,
Data Analyst,MCA,63,4.2,81,100,1,6,98,71,63,50,7,4,89,54,47,52,100,59,,
Data Analyst,PhD,38,1.5,80,100,3,2,53,76,59,47,0,0,46,48,57,68,65,25,,
Data Analyst,BSc,56,1.0,75,87,1,4,53,100,60,64,37,0,64,17,73,70,77,51,,
Data Analyst,BE,69,5.0,85,70,0,5,100,70,91,41,97,2,100,55,82,88,96,52,,
Data Analyst,BBA,68,0.1,45,81,2,4,93,89,59,51,0,0,74,45,57,37,86,50,,
Data Analyst,MSc,36,1.7,76,88,1,5,69,88,47,69,83,0,94,23,66,100,68,56,,
Data Analyst,BCA,52,3.5,85,100,3,1,61,92,57,56,37,0,48,35,70,78,93,39,,
Data Analyst,MCA,36,2.1,79,49,0,3,54,82,69,88,53,1,83,73,85,74,66,54,,
Data Analyst,Diploma,59,1.2,65,69,0,3,39,84,33,48,0,2,77,66,61,46,60,11,,
Data Analyst,MTech,72,0.4,40,90,1,1,58,76,40,37,0,0,59,94,79,46,96,41,,
Data Analyst,MBA,76,0.5,74,50,2,5,61,64,56,76,25,5,100,47,76,54,77,54,,
Data Analyst,BTech,38,0.4,70,70,4,3,45,54,65,71,68,0,53,100,61,49,73,23,,
Data Analyst,BTech,43,0.1,56,53,4,3,49,73,45,52,28,0,86,74,90,46,77,38,,
Data Analyst,BBA,65,3.8,67,97,0,6,88,69,86,63,70,1,98,35,58,55,87,62,,
Data Analyst,BTech,88,0.5,68,96,1,0,54,80,64,75,0,0,64,42,49,62,94,29,,
Data Analyst,BTech,72,1.3,45,81,1,6,89,62,87,44,0,5,77,43,57,35,76,56,,
Data Analyst,MSc,94,2.6,58,98,0,2,45,100,51,44,75,0,43,62,47,61,100,38,,
Data Analyst,BTech,84,1.3,88,77,1,3,49,68,62,45,46,0,89,46,56,78,77,70,,
Data Analyst,BTech,81,1.5,72,88,0,2,74,66,62,52,36,0,62,87,45,33,70,69,,
Data Analyst,MSc,72,1.3,71,100,2,5,100,74,62,91,43,0,66,62,76,51,88,40,,
Data Analyst,MSc,76,1.6,82,60,5,4,72,44,57,40,0,2,51,77,36,41,54,61,,
Data Analyst,BBA,88,0.5,43,22,6,2,55,85,56,46,0,2,70,49,54,71,21,89,,
Data Analyst,MCA,64,2.7,65,90,1,5,67,55,30,51,73,5,100,55,42,84,100,59,,
Data Analyst,BSc,80,1.2,37,75,4,6,69,79,44,77,48,4,87,24,40,62,99,41,,
Data Analyst,BE,59,4.3,88,93,2,5,67,89,44,66,89,0,100,58,86,82,87,82,,
Data Analyst,BTech,85,2.1,89,100,0,3,34,87,51,81,0,2,56,60,62,79,62,100,,
Data Analyst,MBA,74,1.2,83,100,1,4,68,75,53,64,55,0,69,50,98,85,100,100,,
Data Analyst,MTech,82,1.3,40,41,5,3,63,72,33,73,68,3,94,77,34,67,56,46,,
Data Analyst,MBA,86,3.2,100,59,2,5,55,53,70,52,88,0,93,73,50,63,100,50,,
Data Analyst,MTech,13,0.2,47,98,1,1,58,100,49,93,46,1,53,59,52,32,55,14,,
Data Analyst,MSc,43,4.5,83,98,0,4,32,79,67,57,86,4,97,25,45,100,100,57,,
Data Analyst,BE,46,5.5,100,100,0,2,39,100,96,46,53,1,84,34,33,75,93,53,,
Data Analyst,BBA,49,1.0,56,57,3,1,30,67,41,25,23,0,100,37,64,51,48,56,,
Data Analyst,MCA,86,1.8,40,90,0,4,57,47,48,99,0,0,37,47,49,65,61,45,,
Data Analyst,BE,22,1.0,84,88,4,1,52,85,53,57,39,0,68,51,64,47,100,34,,
Data Analyst,BE,86,0.4,51,62,3,1,45,60,57,49,100,1,83,90,6,68,98,40,,
Data Analyst,MCA,50,3.1,67,81,0,5,97,100,47,51,43,1,95,57,91,70,95,58,,
Data Analyst,BTech,58,2.9,83,100,0,1,77,93,32,50,59,0,83,63,26,95,71,52,,
Data Analyst,BTech,92,0.4,92,63,3,2,46,79,46,51,25,0,55,77,35,41,56,58,,
Data Analyst,BTech,96,0.7,57,89,0,2,60,69,40,53,18,2,88,56,19,36,92,41,,
Data Analyst,BSc,56,0.5,44,100,0,1,33,100,21,22,0,1,59,70,50,55,41,51,,
Data Analyst,MCA,83,0.8,81,68,3,2,56,86,85,88,52,1,57,57,34,55,79,55,,
Data Analyst,MSc,43,0.5,59,71,0,6,52,53,47,69,89,0,66,43,62,81,71,26,,
Data Analyst,MCA,60,1.9,77,81,1,5,75,69,54,68,91,4,74,55,59,98,84,55,,
Data Analyst,BTech,48,2.1,82,82,3,3,55,72,60,67,82,1,71,89,60,62,77,44,,
Data Analyst,MBA,76,1.7,59,73,3,2,49,87,45,54,0,2,91,69,51,67,92,53,,
Data Analyst,BE,69,4.5,73,79,5,3,64,53,43,55,45,2,74,63,58,64,83,55,,
Data Analyst,BBA,86,1.3,94,83,3,3,62,85,48,62,44,2,79,71,87,80,100,33,,
Data Analyst,BTech,63,1.4,68,45,4,3,39,86,57,33,0,0,72,70,47,76,76,55,,
Data Analyst,BBA,84,2.8,56,92,1,4,44,84,59,66,0,2,93,50,34,66,70,40,,
Data Analyst,MCA,21,2.1,73,84,2,4,83,60,54,52,33,2,76,59,55,69,90,63,,
Data Analyst,MBA,79,0.9,50,66,3,6,65,74,48,77,40,4,91,31,53,60,91,46,,
Data Analyst,BSc,54,1.3,69,72,1,4,62,80,40,70,30,4,70,56,39,62,94,72,,
Data Analyst,MSc,80,2.4,64,66,3,3,59,66,47,56,0,1,86,64,76,72,44,49,,
Data Analyst,BE,62,2.4,79,91,1,4,77,73,69,49,4,1,70,54,77,57,77,66,,
Data Analyst,BTech,82,3.0,86,73,3,4,61,69,94,77,0,4,62,81,69,52,87,51,,
Data Analyst,BE,59,1.6,69,85,1,5,76,90,67,66,81,0,35,74,54,74,87,33,,
Data Analyst,MTech,61,1.1,61,96,1,1,62,76,69,48,0,0,63,55,49,67,81,48,,
Data Analyst,BCA,69,6.2,83,95,1,5,72,80,66,66,74,0,99,75,77,72,82,80,,
Data Analyst,BE,74,0.2,66,93,1,5,81,62,60,58,21,0,80,60,45,65,91,59,,
Data Analyst,BSc,66,3.1,54,87,4,2,62,53,37,56,45,0,65,74,30,90,97,62,,
Data Analyst,BTech,58,2.5,90,58,1,2,56,72,64,56,48,0,72,72,87,77,76,35,,
Data Analyst,MBA,86,2.0,59,82,3,4,52,91,51,67,0,4,93,60,48,44,75,44,,
Data Analyst,BE,58,1.1,69,70,3,4,77,65,37,76,0,2,72,87,49,90,85,60,,
Data Analyst,BE,64,5.0,86,85,2,4,86,76,67,68,46,0,68,42,78,52,83,71,,
Data Analyst,MCA,66,4.6,65,90,3,3,77,68,41,43,74,1,82,56,67,86,85,66,,
Data Analyst,BTech,69,1.4,75,85,3,3,69,89,40,48,0,0,78,65,44,65,50,69,,
Data Analyst,BE,72,3.2,89,96,1,4,51,89,46,73,48,1,81,59,75,80,76,90,,
Data Analyst,MCA,65,1.7,71,84,2,4,63,89,51,56,0,2,83,70,56,49,80,42,,
Data Analyst,MTech,72,5.8,83,93,1,4,42,85,58,47,87,0,69,81,69,63,91,68,,
Data Analyst,BE,89,1.5,64,77,2,2,63,78,78,76,0,0,62,60,49,68,96,30,,
Data Analyst,BE,60,3.8,73,74,1,5,86,64,84,52,88,3,97,58,87,94,89,44,,
Data Analyst,BTech,52,0.4,50,62,4,4,60,62,33,52,31,1,77,77,75,37,81,41,,
Data Analyst,MSc,72,2.3,74,79,4,3,52,93,39,60,67,0,55,62,46,52,71,35,,
Data Analyst,PhD,45,1.3,77,95,2,2,66,80,50,44,0,0,49,46,62,78,70,35,,
Data Analyst,BCA,74,3.5,87,73,3,4,72,71,63,42,51,2,74,73,41,73,79,64,,
Data Analyst,BBA,85,2.8,53,68,3,3,49,67,69,41,33,0,99,52,58,66,91,44,,
Data Analyst,BCA,44,2.3,79,90,1,5,75,63,54,49,0,2,73,38,66,52,85,74,,
Data Analyst,BE,70,1.8,70,82,5,1,57,75,19,53,76,0,66,73,49,88,80,43,,
Data Analyst,BSc,59,3.0,93,64,1,5,73,77,58,75,0,4,99,61,72,65,76,57,,
Data Analyst,BE,79,1.8,69,85,3,3,69,91,50,58,70,2,84,53,39,77,90,59,,
Data Analyst,BTech,55,2.0,86,93,3,4,78,79,74,53,35,0,57,30,69,77,77,39,,
Data Analyst,BBA,52,1.3,72,99,0,1,52,76,41,49,20,0,56,82,80,61,90,66,,
Data Analyst,BTech,57,5.3,93,100,1,3,66,78,65,58,65,2,82,41,58,65,82,56,,
Data Analyst,MCA,86,0.5,64,80,2,1,51,78,54,47,83,1,80,79,30,66,99,59,,
Data Analyst,MTech,49,2.4,81,73,3,2,58,70,65,57,0,2,62,59,51,79,76,68,,
Data Analyst,BE,82,3.8,66,97,0,5,78,85,62,66,0,0,94,66,49,58,58,65,,
Data Analyst,BTech,84,0.4,65,94,1,1,57,86,69,57,0,0,72,51,44,70,96,31,,
Data Analyst,BTech,73,0.9,49,78,3,5,70,58,56,42,0,0,85,54,59,55,67,62,,
Data Analyst,MCA,57,2.5,94,95,1,4,62,90,82,41,96,0,78,46,66,86,90,64,,
Data Analyst,MCA,69,0.6,75,69,2,3,54,75,80,59,0,0,76,56,68,71,68,48,,
Data Analyst,BTech,84,1.1,65,91,1,3,75,77,61,53,43,0,73,80,49,48,80,79,,
Data Analyst,MBA,90,1.4,75,84,3,4,59,85,36,59,52,0,80,81,82,95,86,43,,
Data Analyst,BTech,78,3.3,80,73,2,4,73,70,74,86,83,0,85,66,67,79,94,85,,
Data Analyst,BBA,58,2.5,86,63,4,3,72,74,59,59,59,0,68,73,38,80,97,53,,
Data Analyst,BTech,73,1.5,66,86,2,2,63,95,30,76,0,0,60,63,66,49,83,62,,
Data Analyst,BSc,63,3.8,88,76,1,5,52,88,50,88,0,3,82,64,62,48,74,75,,
Data Analyst,BTech,59,0.6,72,67,4,4,57,55,65,73,72,0,63,80,60,63,72,30,,
Data Analyst,BTech,63,2.7,96,82,1,3,59,77,67,54,0,0,63,45,66,55,80,79,,
Data Analyst,BE,62,5.9,72,99,1,4,92,74,66,51,87,1,84,44,67,79,96,66,,
Data Analyst,BSc,57,0.9,60,69,2,6,64,74,48,59,63,0,80,63,56,72,76,40,,
Data Analyst,BE,69,1.8,68,98,1,2,71,86,54,52,0,0,54,66,82,50,83,58,,
Data Analyst,BE,72,2.5,88,99,1,3,60,69,73,68,73,1,67,61,54,76,94,54,,
Data Analyst,MSc,74,2.3,53,78,2,3,59,93,49,46,57,0,80,61,64,92,90,38,,
Data Analyst,BCA,47,2.9,61,72,3,4,55,61,67,53,80,2,82,35,69,69,87,47,,
Data Analyst,BSc,67,0.9,67,86,3,4,72,90,47,54,0,3,72,56,50,53,98,78,,
Data Analyst,MTech,55,2.0,75,87,2,3,58,67,51,48,0,1,63,42,44,58,76,48,,
Data Analyst,MBA,66,2.1,89,67,2,4,61,72,56,54,0,0,75,56,47,58,88,39,,
Data Analyst,BE,76,3.4,77,80,0,4,85,80,49,69,31,2,56,58,68,55,90,57,,
Data Analyst,BBA,57,2.1,68,61,4,4,77,71,49,54,82,0,97,63,82,64,64,74,,
Data Analyst,MCA,73,1.7,65,94,1,3,81,94,66,44,27,0,62,44,63,80,82,64,,
Data Analyst,MCA,78,1.9,70,73,1,4,77,77,67,56,73,2,84,81,52,94,93,58,,
Data Analyst,MBA,72,1.1,68,99,1,3,62,84,46,64,43,0,68,61,90,70,100,84,,
Data Analyst,PhD,85,1.9,49,66,4,4,82,88,73,78,77,0,57,81,41,67,86,34,,
Data Analyst,BBA,77,1.3,58,87,1,3,81,85,61,55,0,0,68,57,64,45,80,45,,
Data Analyst,BE,51,5.3,100,99,0,2,51,100,80,51,68,1,90,47,43,79,91,61,,
Data Analyst,MCA,62,1.6,66,88,2,2,65,75,71,50,0,0,59,53,69,58,64,34,,
Data Analyst,BSc,69,1.5,75,93,1,3,55,56,60,70,0,0,55,58,81,61,88,68,,
Data Analyst,BCA,42,2.8,84,79,3,6,75,59,81,50,43,3,83,40,85,64,89,85,,
Data Analyst,BTech,88,1.0,66,87,2,4,73,74,40,82,36,0,80,74,49,75,99,61,,
Data Analyst,MTech,60,1.0,51,85,3,1,72,58,38,41,0,0,75,42,39,72,71,47,,
Data Analyst,BTech,96,1.8,80,74,3,4,61,77,54,42,0,0,74,81,41,67,67,32,,
Data Analyst,BSc,67,1.0,43,71,3,3,68,63,64,51,40,0,88,85,65,71,82,67,,
Data Analyst,MCA,48,0.9,62,66,2,3,72,67,28,80,70,0,74,67,44,86,74,59,,
Data Analyst,MSc,42,2.3,44,88,2,4,69,92,71,69,14,0,54,63,43,61,83,43,,
Data Analyst,BTech,74,1.4,82,78,3,4,76,76,66,75,0,3,61,18,63,77,73,58,,
Data Analyst,MBA,77,1.3,78,88,2,4,72,67,46,62,57,0,72,52,78,81,95,88,,
Data Analyst,BSc,70,2.0,61,100,1,3,49,82,59,62,0,3,63,74,44,40,70,46,,
Data Analyst,MSc,78,3.0,99,82,2,3,79,84,56,63,52,0,68,41,63,80,75,63,,
Data Analyst,BSc,71,2.2,74,89,1,4,68,84,60,65,21,1,81,39,67,69,64,50,,
Data Analyst,BBA,44,1.1,59,91,0,3,83,89,44,42,0,0,67,57,81,61,82,56,,
Data Analyst,MTech,84,2.9,80,86,2,2,74,86,81,30,67,0,77,36,67,90,90,42,,
Data Analyst,MCA,82,2.8,79,81,3,4,46,87,71,58,58,4,92,57,55,75,100,70,,
Data Analyst,MSc,72,2.2,84,88,3,3,55,64,62,39,0,1,73,81,69,46,65,44,,
Data Analyst,BCA,70,3.0,69,87,1,4,82,71,66,66,0,0,89,61,48,59,75,53,,
Data Analyst,BSc,59,0.9,76,70,2,4,73,86,44,78,0,3,89,53,63,42,72,58,,
Data Analyst,MSc,76,1.7,48,94,1,2,46,92,49,29,23,2,76,64,58,58,75,69,,
Data Analyst,BE,85,2.4,79,91,3,4,58,76,46,43,0,2,91,38,56,76,84,49,,
Data Analyst,BSc,62,1.6,75,71,3,3,52,63,70,60,25,1,96,48,54,41,94,75,,
Data Analyst,BSc,27,1.6,56,85,1,4,73,86,55,87,0,2,72,67,54,75,79,61,,
Data Analyst,BTech,42,1.5,86,80,2,2,62,79,66,55,0,0,55,66,64,57,56,47,,
Data Analyst,BE,63,3.6,96,98,1,5,65,79,61,68,85,0,85,59,74,77,95,60,,
Data Analyst,BTech,19,0.9,37,86,3,3,77,80,66,83,5,1,65,50,51,63,86,69,,
Data Analyst,BCA,70,2.4,45,73,5,3,73,64,61,58,0,0,45,18,47,89,75,53,,
Data Analyst,MSc,66,2.8,70,74,2,5,48,69,65,56,96,1,85,61,48,85,88,47,,
Data Analyst,BCA,57,2.7,90,94,0,2,66,73,61,54,0,2,52,55,38,52,76,43,,
Data Analyst,BBA,68,0.9,59,77,4,2,71,74,55,68,37,1,64,67,65,54,66,51,,
Data Analyst,BCA,88,6.7,78,90,2,5,70,68,76,57,62,2,100,71,63,67,81,69,,
Data Analyst,BTech,58,4.2,93,94,1,2,59,70,58,51,24,1,76,25,62,63,68,59,,
Data Analyst,BE,53,2.7,80,67,2,1,71,65,45,43,0,0,53,78,34,79,84,69,,
Data Analyst,MSc,59,2.3,77,89,0,3,58,86,73,32,0,2,64,55,60,47,79,68,,
Data Analyst,MBA,84,1.5,66,68,3,2,55,76,53,50,48,1,83,53,43,72,68,42,,
Data Analyst,BTech,65,1.4,62,65,3,4,66,81,76,36,30,2,77,58,39,56,86,55,,
Data Analyst,BTech,79,0.9,44,55,3,4,74,73,73,45,0,4,74,46,55,52,50,72,,
Data Analyst,BCA,51,2.5,65,88,2,3,56,75,64,62,0,0,61,55,64,53,68,44,,
Data Analyst,BTech,90,0.8,74,85,3,3,60,93,44,40,0,2,52,69,54,42,51,65,,
Data Analyst,MBA,80,2.1,77,83,3,3,74,58,55,67,62,0,82,45,79,80,100,82,,
Data Analyst,BE,76,2.9,77,80,0,3,84,68,74,47,61,1,79,74,61,56,80,63,,
Data Analyst,BSc,49,1.4,81,61,3,2,69,66,42,61,59,1,79,70,37,60,89,72,,
Data Analyst,BE,67,0.8,47,73,4,2,62,94,35,58,0,0,68,58,51,61,81,63,,
Data Analyst,MBA,82,1.5,75,94,1,5,63,77,43,61,63,0,74,68,83,92,88,74,,
Data Analyst,BSc,84,5.5,66,80,0,4,79,92,54,67,0,2,49,64,63,48,89,77,,
Data Engineer,BE,33,0.1,67,87,0,1,42,60,32,35,36,0,50,59,51,6,75,65,,
Data Engineer,BTech,79,0.9,64,76,3,5,75,68,58,50,64,5,90,80,38,76,100,71,,
Data Engineer,BCA,36,1.5,79,83,0,3,77,47,68,84,0,0,66,72,45,75,75,23,,
Data Engineer,BBA,80,1.0,52,80,3,4,61,73,37,26,83,0,81,92,51,89,97,32,,
Data Engineer,BE,27,0.8,70,30,4,4,69,51,57,90,72,2,92,80,38,89,72,75,,
Data Engineer,MBA,81,6.4,100,85,2,2,45,59,62,63,81,0,86,64,38,47,84,60,,
Data Engineer,MCA,92,1.5,69,98,0,2,59,76,80,27,85,0,68,64,55,71,89,36,,
Data Engineer,BTech,47,4.0,55,100,0,5,62,95,71,23,82,0,76,64,95,95,100,72,,
Data Engineer,BSc,18,1.0,45,51,7,0,75,72,49,68,5,0,59,75,52,49,68,73,,
Data Engineer,MSc,17,0.9,51,74,1,4,86,100,23,98,87,0,74,76,43,92,81,43,,
Data Engineer,MTech,87,5.3,75,91,5,3,29,40,96,35,74,1,71,48,52,70,70,50,,
Data Engineer,MSc,35,7.8,48,100,0,4,86,81,78,68,100,3,90,75,46,64,93,69,,
Data Engineer,MSc,78,0.3,42,68,6,2,36,63,49,50,0,0,80,50,56,49,62,39,,
Data Engineer,BE,24,1.0,63,73,3,0,44,76,29,8,0,0,62,15,60,54,66,62,,
Data Engineer,BE,84,1.2,33,69,2,1,87,67,35,47,52,0,82,47,18,87,64,62,,
Data Engineer,Diploma,76,3.5,60,87,3,4,69,72,62,59,55,1,75,58,55,89,100,53,,
Data Engineer,BTech,81,1.4,75,92,1,4,51,56,76,65,35,4,100,66,24,66,77,58,,
Data Engineer,BSc,84,0.7,75,95,2,0,66,83,28,36,40,0,68,83,60,60,59,76,,
Data Engineer,MBA,21,2.9,91,100,0,3,50,80,68,58,52,0,74,71,58,75,95,50,,
Data Engineer,BE,86,2.5,74,75,2,2,55,96,41,56,42,0,62,36,54,57,30,45,,
Data Engineer,BTech,77,3.2,96,89,0,3,40,79,79,23,52,0,84,34,42,42,86,71,,
Data Engineer,BTech,88,1.7,83,56,3,4,63,67,26,69,0,1,63,23,48,47,40,70,,
Data Engineer,MTech,89,1.0,83,84,0,2,46,61,59,43,0,0,69,58,52,53,77,55,,
Data Engineer,MCA,73,0.8,45,69,2,4,61,66,53,36,53,2,69,36,82,66,70,69,,
Data Engineer,BTech,21,0.9,67,66,2,2,55,43,48,31,0,2,66,45,53,87,54,73,,
Data Engineer,BTech,74,1.4,86,86,2,4,82,80,53,68,18,1,59,91,68,61,84,82,,
Data Engineer,MBA,83,3.5,82,86,3,5,62,100,78,73,45,1,83,53,56,75,76,54,,
Data Engineer,BTech,85,0.4,51,75,3,3,63,67,74,42,0,2,84,78,11,83,80,60,,
Data Engineer,BE,78,1.6,50,50,4,3,73,50,61,85,0,1,55,38,74,37,84,37,,
Data Engineer,BTech,89,1.8,73,100,1,6,76,87,25,97,28,4,83,58,69,58,77,48,,
Data Engineer,MSc,80,1.1,83,52,4,2,11,70,46,62,66,0,43,49,65,57,89,39,,
Data Engineer,BE,75,1.6,59,47,3,4,50,78,42,83,0,3,77,59,75,74,48,46,,
Data Engineer,BTech,92,1.1,68,95,2,0,48,90,69,37,43,0,68,75,45,61,79,56,,
Data Engineer,BBA,86,1.9,78,100,2,5,64,68,54,75,72,0,100,68,41,48,100,44,,
Data Engineer,BTech,35,1.3,73,79,0,5,84,77,52,95,70,4,87,20,47,100,87,59,,
Data Engineer,MTech,15,0.6,54,100,1,3,72,95,68,39,0,0,60,74,10,23,95,84,,
Data Engineer,BTech,50,1.7,62,82,2,3,59,91,42,70,48,3,57,61,64,46,100,9,,
Data Engineer,BTech,89,1.5,72,66,3,3,26,76,57,51,58,0,63,17,84,36,100,59,,
Data Engineer,MSc,80,0.2,54,98,0,0,50,96,60,59,0,0,48,70,37,76,90,19,,
Data Engineer,BE,87,0.7,25,73,5,7,75,81,80,100,57,0,80,37,41,100,100,64,,
Data Engineer,BTech,88,1.3,77,89,0,5,75,72,35,71,75,0,94,54,68,61,68,79,,
Data Engineer,BE,89,1.1,91,57,3,2,73,84,74,48,0,0,26,69,33,62,46,32,,
Data Engineer,BTech,52,2.1,61,59,6,2,47,52,21,71,37,0,59,61,65,53,49,67,,
Data Engineer,BTech,51,0.2,69,75,3,2,54,73,15,80,21,0,60,51,71,59,69,69,,
Data Engineer,BCA,36,1.8,71,52,4,3,100,55,41,62,72,1,72,51,54,82,69,52,,
Data Engineer,BCA,83,1.7,43,100,1,4,54,89,95,59,85,4,94,27,65,82,100,54,,
Data Engineer,BE,36,0.3,43,100,0,2,37,54,36,30,0,0,63,25,39,53,59,59,,
Data Engineer,BSc,77,2.8,29,81,2,3,85,98,53,63,48,1,85,38,59,59,87,69,,
Data Engineer,BBA,77,1.4,66,88,0,2,63,61,70,74,92,1,73,66,38,100,100,82,,
Data Engineer,MSc,45,0.7,65,96,1,2,53,82,45,41,0,0,47,57,37,50,74,76,,
Data Engineer,BBA,31,6.4,64,100,0,2,65,82,75,54,68,2,85,69,44,72,80,65,,
Data Engineer,BTech,49,2.5,79,100,2,5,54,73,83,43,54,1,84,69,58,78,97,83,,
Data Engineer,BTech,60,2.9,97,87,2,1,64,47,91,48,47,0,72,66,47,88,80,21,,
Data Engineer,BTech,62,5.9,59,94,0,6,81,71,97,63,100,3,100,47,63,79,100,68,,
Data Engineer,BTech,86,0.4,48,55,4,4,46,87,63,60,56,0,91,91,50,71,87,36,,
Data Engineer,MSc,74,0.5,56,78,2,4,45,39,42,49,88,1,82,47,30,90,50,46,,
Data Engineer,MCA,97,1.2,75,90,0,5,88,74,45,69,0,2,85,48,28,82,73,66,,
Data Engineer,BSc,94,1.9,64,78,3,3,33,80,27,70,64,0,71,39,23,58,87,94,,
Data Engineer,MSc,72,0.9,54,100,0,4,71,87,29,61,73,0,92,46,74,79,85,17,,
Data Engineer,BTech,71,0.2,74,100,2,3,53,34,61,62,53,0,84,56,35,61,92,50,,
Data Engineer,MSc,35,1.2,97,96,0,2,81,82,60,61,75,2,83,61,46,56,100,93,,
Data Engineer,BE,65,2.1,74,100,0,4,53,95,53,16,66,2,100,36,53,87,100,76,,
Data Engineer,BTech,62,1.9,51,100,0,3,77,75,24,58,51,3,71,100,37,93,66,0,,
Data Engineer,MCA,60,1.7,67,100,1,2,85,78,55,57,60,0,86,50,55,100,95,36,,
Data Engineer,MTech,95,1.7,62,65,2,1,44,80,66,29,76,0,62,54,54,65,94,36,,
Data Engineer,BTech,70,7.9,100,82,2,5,85,67,45,58,91,0,83,60,43,96,75,56,,
Data Engineer,MSc,11,2.9,100,100,1,3,58,77,44,66,46,2,89,66,38,89,75,30,,
Data Engineer,MCA,85,0.5,52,96,4,3,64,50,20,52,0,1,80,59,64,72,53,37,,
Data Engineer,BBA,87,1.8,73,100,3,1,58,81,42,53,67,0,71,93,44,75,100,63,,
Data Engineer,BE,71,0.5,69,41,4,5,80,58,57,64,59,0,88,53,82,67,68,65,,
Data Engineer,BBA,81,0.6,56,68,6,3,69,60,52,44,0,3,83,28,45,63,63,67,,
Data Engineer,MTech,76,0.8,66,68,0,4,69,80,95,88,81,4,99,86,70,73,99,47,,
Data Engineer,BSc,51,1.0,77,71,5,5,65,84,76,93,89,0,66,86,67,79,60,62,,
Data Engineer,BE,73,0.9,55,67,4,3,30,72,43,41,0,1,65,69,54,43,78,84,,
Data Engineer,BE,69,1.3,46,100,0,4,32,85,56,49,0,4,77,75,72,27,92,64,,
Data Engineer,MTech,67,1.1,66,45,3,2,59,99,52,89,0,0,66,52,34,68,61,61,,
Data Engineer,MSc,55,2.2,66,100,2,5,49,72,58,40,65,4,78,74,51,82,93,65,,
Data Engineer,MCA,14,3.5,91,92,1,6,41,97,74,83,100,5,59,100,80,93,63,88,,
Data Engineer,BTech,80,1.4,60,100,1,2,45,57,79,53,0,2,74,83,54,41,100,41,,
Data Engineer,BE,52,1.5,66,67,1,1,44,76,46,45,0,0,67,56,60,38,72,46,,
Data Engineer,MSc,61,1.2,59,86,4,3,91,80,33,64,45,1,80,53,57,67,92,51,,
Data Engineer,BE,79,1.2,72,90,0,1,66,72,64,81,0,1,59,74,51,99,94,41,,
Data Engineer,BSc,76,0.7,82,53,5,3,68,56,79,24,78,0,61,65,62,80,84,72,,
Data Engineer,BBA,10,1.6,100,56,6,5,65,75,49,63,65,0,100,28,54,46,70,46,,
Data Engineer,BTech,87,1.2,50,54,3,1,65,87,41,74,0,0,62,41,85,49,57,31,,
Data Engineer,BCA,84,1.7,78,71,2,4,53,100,46,53,0,2,66,70,44,54,55,61,,
Data Engineer,MTech,91,1.0,46,67,5,3,64,75,51,51,39,3,65,36,78,55,70,72,,
Data Engineer,BTech,48,0.4,39,100,3,4,97,91,51,58,42,3,84,72,54,57,78,48,,
Data Engineer,BTech,80,2.0,60,32,4,4,35,70,39,32,65,4,92,41,56,70,68,74,,
Data Engineer,BE,33,1.0,43,48,6,6,36,61,18,55,0,1,88,69,59,65,40,38,,
Data Engineer,BBA,90,4.9,81,87,0,5,85,44,56,64,72,0,100,47,62,60,74,64,,
Data Engineer,BE,80,3.4,34,95,0,4,56,78,21,47,40,0,100,53,59,79,72,47,,
Data Engineer,BBA,15,1.7,70,72,0,3,45,79,32,10,0,2,65,29,51,46,70,64,,
Data Engineer,MSc,62,2.1,82,100,0,5,73,91,56,62,0,2,86,22,82,73,100,57,,
Data Engineer,MTech,25,1.1,65,39,4,3,47,63,67,58,24,3,94,66,63,36,82,30,,
Data Engineer,MSc,66,3.4,23,80,0,2,91,79,67,57,67,0,78,30,45,50,94,81,,
Data Engineer,BTech,76,2.7,56,81,2,3,52,84,47,38,45,3,94,50,57,43,84,53,,
Data Engineer,BTech,60,1.2,80,66,1,1,45,88,43,58,38,0,66,45,44,63,52,57,,
Data Engineer,BE,60,4.1,77,100,2,2,59,56,33,76,70,0,67,100,43,95,90,57,,
Data Engineer,MSc,35,1.7,61,82,2,3,61,52,68,100,0,0,48,70,73,63,87,53,,
Data Engineer,BCA,72,5.7,64,100,0,3,58,68,31,19,97,1,96,100,90,100,86,94,,
Data Engineer,MCA,67,1.2,68,41,4,4,64,72,63,66,36,0,23,61,38,71,97,73,,
Data Engineer,MTech,55,6.1,65,63,1,2,61,98,66,46,67,0,74,25,44,77,95,75,,
Data Engineer,MTech,96,2.5,76,84,1,3,48,71,45,78,51,1,96,95,100,59,90,93,,
Data Engineer,BCA,55,3.6,93,59,4,6,53,78,58,74,48,3,100,67,71,89,55,45,,
Data Engineer,MSc,78,0.8,60,64,2,1,79,74,33,48,100,0,73,54,84,98,88,23,,
Data Engineer,BTech,27,0.0,65,41,6,6,78,73,58,44,70,6,100,35,54,87,87,64,,
Data Engineer,BTech,85,0.4,68,54,3,0,11,82,65,49,0,0,47,50,84,31,66,43,,
Data Engineer,MBA,64,4.5,84,81,1,6,91,61,84,59,0,6,66,93,63,56,88,47,,
Data Engineer,BTech,55,0.5,43,61,4,2,55,51,47,26,65,0,69,88,77,61,81,25,,
Data Engineer,BSc,43,2.8,68,87,0,2,72,81,52,25,28,2,92,89,29,68,89,60,,
Data Engineer,Diploma,55,3.1,90,77,3,6,81,100,99,41,0,6,68,76,91,66,100,54,,
Data Engineer,BTech,89,3.6,100,100,1,7,88,100,56,77,0,3,100,60,67,76,88,76,,
Data Engineer,MSc,72,2.0,60,100,0,5,89,92,28,45,26,4,97,60,64,65,77,47,,
Data Engineer,BE,90,0.8,57,100,1,4,61,56,57,78,100,0,83,46,74,97,100,80,,
Data Engineer,MBA,78,1.3,72,92,1,4,58,69,67,57,51,3,100,36,74,51,57,89,,
Data Engineer,MSc,36,0.3,60,68,3,3,42,67,35,62,54,0,69,51,68,66,67,58,,
Data Engineer,BTech,64,1.9,69,98,0,3,74,46,49,59,44,2,88,40,35,74,94,30,,
Data Engineer,BE,74,2.6,100,90,2,5,69,89,32,33,54,3,68,49,72,83,72,58,,
Data Engineer,BE,69,1.5,58,73,4,4,74,66,67,62,0,1,49,24,74,70,70,79,,
Data Engineer,MCA,73,1.3,56,67,4,2,62,84,39,42,7,0,73,78,42,48,35,47,,
Data Engineer,Diploma,82,1.7,58,80,4,2,58,81,49,42,0,0,55,17,48,48,61,36,,
Data Engineer,MBA,92,3.9,68,95,0,8,86,98,57,71,100,6,90,54,49,86,83,60,,
Data Engineer,MSc,75,3.2,43,100,0,2,77,87,64,51,42,1,69,29,46,85,93,59,,
Data Engineer,BTech,81,3.4,61,100,2,6,100,59,43,30,34,3,92,57,38,83,99,59,,
Data Engineer,MBA,83,2.0,74,86,0,5,57,90,59,59,66,0,74,89,95,66,96,59,,
Data Engineer,BSc,73,0.1,46,79,4,3,59,49,36,57,85,3,100,50,41,85,59,45,,
Data Engineer,MSc,31,1.1,56,72,3,3,62,57,60,79,93,2,100,81,48,75,100,52,,
Data Engineer,MSc,86,0.8,66,51,4,6,76,72,57,30,77,3,100,59,43,79,96,56,,
Data Engineer,MBA,40,2.0,96,92,3,3,33,77,71,55,42,2,98,57,53,59,95,69,,
Data Engineer,BE,57,2.2,83,100,0,5,35,80,83,84,35,0,91,51,67,15,100,57,,
Data Engineer,BE,43,2.3,49,100,0,4,72,73,48,23,77,2,90,63,30,52,78,57,,
Data Engineer,MTech,56,2.0,70,100,1,1,24,80,31,61,41,1,91,74,45,58,73,81,,
Data Engineer,BTech,79,0.5,77,92,3,4,46,88,57,50,55,0,69,71,70,86,100,61,,
Data Engineer,BSc,34,1.3,69,54,3,1,30,53,34,53,61,0,62,72,58,60,76,84,,
Data Engineer,BE,86,1.5,78,98,0,3,41,89,79,40,56,2,59,94,56,69,80,35,,
Data Engineer,BE,58,0.6,91,100,2,5,94,92,62,48,62,2,98,50,60,74,83,64,,
Data Engineer,BTech,93,2.9,63,88,0,3,67,100,43,70,53,1,80,43,78,87,78,58,,
Data Engineer,BE,33,0.2,85,81,2,3,53,45,47,23,30,2,96,54,56,57,85,48,,
Data Engineer,BTech,37,4.4,67,100,0,4,51,88,78,60,0,3,80,55,60,42,70,64,,
Data Engineer,MCA,27,3.3,90,82,4,4,55,61,58,63,100,2,91,70,80,86,100,69,,
Data Engineer,MCA,78,1.8,85,75,1,2,78,84,70,38,56,0,51,41,28,69,91,68,,
Data Engineer,BSc,9,0.8,31,62,1,4,63,97,72,67,0,0,83,78,63,35,95,34,,
Data Engineer,BE,71,0.5,91,75,4,2,54,57,55,45,0,1,53,49,21,52,83,38,,
Data Engineer,MTech,77,1.8,57,100,3,2,47,58,78,33,81,0,84,90,40,80,100,49,,
Data Engineer,MBA,74,0.7,64,78,2,2,54,74,67,80,0,0,35,38,6,45,69,37,,
Data Engineer,BE,88,1.5,59,68,5,6,85,72,90,40,29,2,87,38,73,59,61,49,,
Data Engineer,BTech,63,1.4,71,47,1,3,52,100,66,57,39,2,100,47,54,54,74,42,,
Data Engineer,BTech,63,3.0,70,75,3,3,47,78,64,41,0,3,43,36,59,60,63,70,,
Data Engineer,MSc,67,0.1,30,52,2,3,57,66,45,42,0,1,63,88,36,52,52,53,,
Data Engineer,MSc,81,3.0,65,65,2,5,78,97,69,40,100,3,100,53,37,100,100,43,,
Data Engineer,MSc,87,2.1,50,97,0,2,63,83,49,48,0,0,69,27,69,55,78,73,,
Data Engineer,BBA,42,0.4,48,76,2,4,75,67,79,65,89,1,80,69,41,100,100,61,,
Data Engineer,MCA,25,6.5,68,73,3,7,98,78,55,44,99,1,66,64,65,71,87,90,,
Data Engineer,BTech,58,4.6,65,100,0,6,97,51,100,48,73,2,88,62,79,88,100,42,,
Data Engineer,MBA,72,0.3,54,61,3,2,73,64,51,78,0,2,49,62,59,55,67,56,,
Data Engineer,MSc,98,3.1,64,66,2,5,83,92,70,78,51,0,70,70,47,63,99,77,,
Data Engineer,BCA,89,4.6,81,87,2,6,76,98,38,79,84,5,100,70,91,50,71,100,,
Data Engineer,BTech,43,0.5,69,97,2,3,41,73,30,50,0,0,47,23,32,62,62,52,,
Data Engineer,MBA,42,1.4,51,57,3,3,84,62,64,64,55,0,95,99,42,92,83,56,,
Data Engineer,MSc,46,1.3,71,53,3,4,49,65,55,68,92,3,72,54,61,66,95,52,,
Data Engineer,BE,82,1.9,76,100,1,2,59,56,21,18,56,0,81,59,64,54,96,64,,
Data Engineer,MTech,64,1.4,67,94,0,4,57,82,100,61,53,1,94,74,46,71,91,69,,
Data Engineer,MSc,61,1.2,79,100,3,4,56,73,62,61,69,0,51,64,43,63,79,57,,
Data Engineer,MSc,91,12.7,100,100,0,7,100,93,77,64,100,2,100,61,71,97,100,86,,
Data Engineer,BTech,41,2.8,73,100,3,5,43,100,71,37,60,0,96,69,72,40,99,61,,
Data Engineer,MSc,57,7.0,81,100,1,5,84,97,55,53,58,1,100,69,67,81,100,55,,
Data Engineer,BTech,75,0.6,71,68,2,2,46,100,38,37,0,1,67,68,58,32,46,45,,
Data Engineer,BTech,91,4.3,74,69,1,5,39,78,56,69,67,4,98,76,47,84,100,55,,
Data Engineer,BTech,84,0.6,39,27,5,4,100,56,43,57,0,0,69,64,55,67,41,64,,
Data Engineer,BTech,73,0.6,60,85,0,2,39,68,61,57,65,2,79,62,62,68,100,53,,
Data Engineer,BTech,50,1.5,87,99,2,3,78,82,86,51,0,0,47,42,76,69,70,53,,
Data Engineer,MSc,60,3.4,95,93,0,2,64,100,38,58,82,0,60,40,60,100,77,70,,
Data Engineer,MTech,75,1.4,82,96,3,4,69,97,52,45,0,0,39,43,91,61,80,68,,
Data Engineer,BE,76,0.8,69,76,4,0,36,69,22,72,56,0,57,49,55,61,48,43,,
Data Engineer,MBA,73,2.9,66,100,1,5,90,69,52,67,72,2,100,43,71,68,100,49,,
Data Engineer,MTech,74,0.4,86,40,6,1,51,65,18,16,36,0,60,81,30,73,76,60,,
Data Engineer,MTech,81,3.0,53,98,2,4,76,78,52,52,51,0,86,62,64,75,81,66,,
Data Engineer,MCA,90,0.6,77,84,4,3,72,82,39,41,0,1,100,51,45,46,92,63,,
Data Engineer,BTech,66,1.6,41,53,2,5,90,69,48,50,43,3,91,59,59,84,75,60,,
Data Engineer,BE,66,3.8,88,89,3,4,68,69,66,26,52,0,99,92,60,42,90,62,,
Data Engineer,BBA,67,3.6,80,70,0,4,84,90,56,100,88,4,83,64,68,86,100,82,,
Data Engineer,MCA,67,1.9,49,100,3,9,100,67,72,63,36,5,100,82,74,74,65,66,,
Data Engineer,BE,31,0.3,64,68,3,4,79,61,59,0,0,1,100,57,39,74,46,41,,
Data Engineer,MTech,84,7.0,100,100,1,6,100,73,88,48,63,2,94,53,40,91,87,58,,
Data Engineer,BTech,56,3.3,100,82,1,5,88,95,83,93,10,0,100,83,72,62,74,54,,
Data Engineer,BTech,63,0.7,56,100,0,2,69,78,54,24,0,2,67,100,56,66,78,57,,
Data Engineer,Diploma,60,1.5,98,82,0,1,66,83,61,50,85,0,40,52,38,69,100,56,,
Data Engineer,MBA,75,0.9,80,47,5,1,47,48,29,39,0,0,48,77,47,43,83,39,,
Data Engineer,MSc,70,1.5,67,83,0,4,64,73,52,61,37,0,97,56,38,77,73,51,,
Data Engineer,BBA,84,0.1,56,59,1,2,72,91,58,73,0,2,68,57,20,41,92,44,,
Data Engineer,BTech,14,0.4,78,65,3,0,56,86,39,37,0,0,51,64,45,57,81,69,,
Data Engineer,MSc,62,5.8,87,72,0,2,72,81,66,64,36,1,73,56,58,68,100,29,,
Data Engineer,BTech,87,1.5,86,94,2,5,70,78,79,70,0,5,87,72,65,55,63,6,,
Data Engineer,MSc,82,1.0,81,100,3,4,84,96,44,69,53,0,69,71,43,67,94,59,,
Data Engineer,MTech,78,0.1,50,56,6,3,54,64,25,46,62,2,88,65,85,98,75,40,,
Data Engineer,MBA,97,4.8,90,100,0,3,78,89,68,51,34,3,87,12,81,66,77,53,,
Data Engineer,BSc,97,1.2,71,82,1,4,64,94,30,79,30,3,89,60,38,76,93,52,,
Data Engineer,MBA,56,7.7,56,94,0,6,44,77,63,87,59,1,80,75,96,84,100,37,,
Data Engineer,Diploma,92,0.5,78,95,3,0,30,72,41,21,0,0,42,76,61,45,56,44,,
Data Engineer,MBA,89,2.5,36,78,2,3,56,97,36,56,43,0,100,70,40,63,86,55,,
Data Engineer,MTech,20,1.2,51,84,5,0,50,84,41,31,0,0,42,65,70,36,78,47,,
Data Engineer,BSc,76,1.6,68,83,3,2,62,86,65,56,26,0,73,35,68,67,63,31,,
Data Engineer,BTech,58,2.9,31,100,3,3,72,81,71,73,46,1,79,80,62,89,96,17,,
Data Engineer,MSc,55,2.0,33,91,0,3,76,82,34,65,57,2,86,69,36,74,42,48,,
Data Engineer,Diploma,50,0.6,80,82,2,6,78,93,70,78,0,2,92,74,24,50,98,60,,
Data Engineer,MTech,66,2.1,52,94,2,0,54,72,39,35,40,0,63,26,58,54,84,66,,
Data Engineer,BTech,11,1.9,100,55,5,4,61,70,70,29,28,1,81,75,77,45,56,28,,
Data Engineer,BE,88,1.4,61,82,4,2,84,80,52,77,43,2,75,56,60,67,89,72,,
Data Engineer,BE,13,1.6,97,100,1,3,50,70,53,67,0,2,75,46,74,59,65,38,,
Data Engineer,MSc,72,0.6,53,41,5,5,57,69,48,53,0,4,80,39,84,91,73,48,,
Data Engineer,BBA,76,1.3,72,100,0,3,66,67,61,95,55,0,78,68,69,67,100,47,,
Data Engineer,BTech,37,0.3,66,71,3,1,58,71,37,45,0,0,72,58,42,68,71,60,,
Data Engineer,BTech,53,0.7,85,84,2,3,67,62,51,44,26,2,79,71,61,58,84,64,,
Data Engineer,BE,57,2.8,52,99,0,5,48,91,64,35,45,0,77,70,84,63,95,68,,
Data Engineer,BSc,53,2.0,67,59,3,3,49,70,47,48,74,1,76,65,50,76,85,69,,
Data Engineer,BTech,62,1.2,75,88,3,1,58,83,41,47,0,0,64,84,44,69,92,65,,
Data Engineer,BE,60,1.3,51,100,2,2,43,56,60,31,0,0,76,65,38,71,84,53,,
Data Engineer,MCA,81,0.6,72,60,3,5,83,64,52,67,0,1,87,51,62,74,69,66,,
Data Engineer,MTech,74,1.9,66,90,2,2,29,81,29,65,50,0,81,57,34,58,80,88,,
Data Engineer,MBA,58,1.7,53,97,0,4,56,72,44,46,39,2,74,35,43,67,69,60,,
Data Engineer,MBA,69,2.5,67,93,0,5,68,84,47,56,76,4,74,55,52,54,80,62,,
Data Engineer,MSc,73,2.0,63,99,1,1,53,78,50,66,29,0,57,83,39,85,90,35,,
Data Engineer,BE,79,2.0,72,57,3,5,81,53,56,64,66,0,94,51,74,64,71,64,,
Data Engineer,BE,69,1.6,84,72,2,3,21,74,63,71,52,0,63,50,66,40,94,47,,
Data Engineer,BCA,81,3.0,55,71,2,2,63,79,37,53,39,0,75,62,87,69,68,55,,
Data Engineer,BTech,60,0.8,70,94,1,2,51,73,46,64,0,0,53,47,39,77,77,49,,
Data Engineer,BE,57,1.3,79,93,1,3,60,84,39,38,21,0,54,54,51,62,72,69,,
Data Engineer,MSc,67,4.1,54,96,0,3,47,85,61,75,30,0,65,73,68,80,96,29,,
Data Engineer,MTech,96,2.2,74,92,1,4,60,78,36,86,41,2,90,78,86,58,85,72,,
Data Engineer,BE,78,2.4,78,90,0,3,69,70,36,49,68,2,81,61,66,66,97,71,,
Data Engineer,BCA,59,1.0,78,88,1,2,56,57,58,58,0,0,55,72,52,63,67,33,,
Data Engineer,BE,69,4.3,84,77,2,2,45,67,56,55,44,0,79,59,49,44,79,53,,
Data Engineer,MBA,78,2.6,48,94,0,4,55,76,38,51,41,1,100,48,65,69,67,62,,
Data Engineer,BE,80,3.2,70,80,2,5,80,55,60,63,34,1,73,36,68,65,72,72,,
Data Engineer,BSc,47,1.2,69,50,3,2,42,74,43,70,0,0,64,63,47,63,67,74,,
Data Engineer,MTech,87,3.5,90,90,0,4,69,66,73,45,26,0,79,56,47,69,82,57,,
Data Engineer,BTech,68,2.7,64,94,1,4,71,86,46,64,48,2,76,80,44,85,71,23,,
Data Engineer,BBA,89,0.9,59,62,1,2,58,85,62,50,0,1,65,57,37,53,93,40,,
Data Engineer,BSc,50,5.3,61,82,2,4,79,71,79,53,92,0,80,70,52,69,91,70,,
Data Engineer,BSc,61,2.2,57,93,0,3,64,84,69,40,53,3,93,61,46,75,93,57,,
Data Engineer,BTech,47,3.3,74,99,3,4,49,82,57,53,64,0,85,81,61,62,96,59,,
Data Engineer,BTech,75,5.7,82,90,2,5,92,63,45,46,67,0,88,60,41,90,87,57,,
Data Engineer,MCA,75,0.8,55,92,4,3,76,64,26,57,19,1,80,56,61,70,72,43,,
Data Engineer,BBA,54,3.7,59,76,3,6,78,76,45,35,94,0,75,78,58,81,92,59,,
Data Engineer,BE,57,0.9,50,68,2,1,76,75,36,43,33,0,71,55,30,76,71,65,,
Data Engineer,BTech,73,1.4,54,69,1,4,70,77,60,48,50,3,79,73,58,78,77,51,,
Data Engineer,BBA,19,4.6,70,72,2,5,76,79,45,30,57,1,64,48,59,62,80,79,,
Data Engineer,BE,86,0.6,36,83,5,5,71,68,54,79,33,0,80,46,50,89,80,52,,
Data Engineer,BSc,15,0.8,47,63,1,3,59,73,62,51,0,0,75,63,59,58,76,50,,
Data Engineer,MTech,75,0.6,76,55,3,3,61,73,59,54,60,2,80,84,51,74,89,53,,
Data Engineer,BSc,83,2.1,57,90,1,3,60,92,66,50,51,1,70,69,57,64,83,52,,
Data Engineer,BTech,62,0.6,70,67,2,2,45,80,58,69,31,2,65,36,66,64,77,51,,
Data Engineer,MCA,20,2.8,75,68,3,3,74,82,45,39,40,0,56,64,52,62,83,77,,
Data Engineer,BE,75,1.1,52,64,5,4,72,62,72,34,43,0,80,59,76,59,71,38,,
Data Engineer,BE,66,2.3,85,87,2,6,85,83,56,46,0,2,100,59,55,74,71,61,,
Data Engineer,MTech,77,1.8,60,81,1,4,72,79,76,72,71,0,93,74,67,74,90,56,,
Data Engineer,BTech,74,1.9,65,86,2,4,79,56,64,52,38,2,88,41,50,67,80,37,,
Data Engineer,BTech,74,1.7,66,64,3,5,88,58,52,50,50,1,90,54,64,73,81,63,,
Data Engineer,MSc,75,0.5,50,85,1,2,56,82,56,48,0,1,56,52,59,72,80,42,,
Data Engineer,MCA,42,4.7,87,79,2,6,93,88,71,71,48,0,85,75,69,65,79,68,,
Data Engineer,BE,71,2.1,69,76,4,3,44,72,52,34,0,1,78,77,56,43,82,74,,
Data Engineer,BBA,78,0.6,51,66,5,4,57,68,31,37,72,1,85,77,69,94,85,36,,
Data Engineer,BTech,69,1.7,65,100,1,3,62,50,61,56,0,2,83,58,42,59,97,34,,
Data Engineer,BE,68,2.2,83,86,2,1,52,86,30,65,71,0,59,44,56,83,64,58,,
Data Engineer,MTech,74,1.5,74,90,2,4,67,85,52,52,0,0,67,48,64,69,77,60,,
Data Engineer,BTech,49,1.8,68,56,4,3,49,59,41,69,68,2,67,57,63,59,75,59,,
Data Engineer,MTech,50,1.3,69,86,3,2,67,82,47,50,9,1,50,79,69,49,82,65,,
Data Engineer,BE,68,1.9,53,94,0,3,59,85,55,53,58,2,75,81,46,71,59,42,,
Data Engineer,BCA,58,2.5,84,69,2,3,70,67,62,43,59,1,78,43,49,61,76,62,,
Data Engineer,BE,87,2.4,56,76,2,3,55,97,39,55,45,0,80,52,47,59,57,50,,
Data Engineer,BSc,30,0.5,54,62,4,2,55,69,41,64,34,0,65,59,61,61,67,64,,
Data Engineer,BTech,45,1.9,81,87,2,3,44,85,59,61,44,2,79,57,57,55,97,42,,
Data Engineer,MTech,58,4.7,67,68,2,2,55,89,66,43,38,1,61,30,50,69,82,73,,
Data Engineer,BTech,74,5.8,65,82,1,5,41,78,59,77,62,3,89,75,69,85,100,46,,
Data Engineer,Diploma,89,2.2,89,98,2,4,63,87,50,52,0,0,76,66,63,63,74,61,,
Data Engineer,MSc,80,2.6,57,82,2,2,67,82,54,55,46,0,66,47,53,58,90,71,,
Data Engineer,BTech,74,4.0,81,100,1,4,85,75,72,39,37,2,81,76,48,79,83,57,,
Data Engineer,BTech,55,0.9,40,80,3,4,94,82,49,54,41,3,86,66,57,68,76,54,,
Data Engineer,MBA,79,3.8,83,77,1,3,57,70,78,77,84,0,92,75,52,61,92,55,,
Data Engineer,BTech,63,1.4,79,87,0,4,77,60,52,78,0,0,81,63,57,68,72,52,,
Data Engineer,MTech,81,4.1,69,95,3,4,49,58,73,40,57,2,80,53,56,69,73,50,,
Data Engineer,Diploma,49,1.5,70,68,4,4,61,69,42,74,20,0,73,66,48,53,69,65,,
Data Engineer,BTech,55,1.7,52,71,2,2,56,69,42,44,0,1,82,56,46,74,70,65,,
Data Engineer,BE,48,1.1,83,80,3,4,97,76,53,55,67,2,87,50,57,79,76,59,,
Data Engineer,BE,87,2.5,49,90,0,4,59,84,25,59,36,0,96,56,52,77,79,48,,
Data Engineer,BE,49,0.9,68,82,3,0,53,80,28,20,16,0,64,42,61,56,63,68,,
Data Engineer,BSc,71,0.9,68,77,2,4,70,82,42,49,0,2,93,58,38,75,75,48,,
Data Engineer,MSc,81,4.5,71,80,2,5,83,94,64,69,54,0,81,69,54,71,100,68,,
Data Engineer,BE,74,1.4,87,91,0,2,51,86,70,46,71,0,51,74,47,69,89,44,,
Data Engineer,MCA,49,1.7,64,93,1,2,74,65,60,76,0,0,67,57,64,83,91,45,,
Data Engineer,MSc,72,3.3,40,74,1,3,84,86,69,50,79,1,87,40,42,69,96,66,,
Data Engineer,BTech,86,3.0,76,74,2,3,77,76,80,67,51,0,70,69,48,72,92,57,,
Data Engineer,BTech,73,1.4,77,84,1,4,74,77,54,66,28,0,74,78,56,67,78,69,,
Data Engineer,BBA,65,1.3,70,81,2,3,66,70,72,81,92,0,69,75,51,92,83,73,,
Data Engineer,BE,72,1.3,43,85,4,6,62,77,73,74,62,2,79,53,45,92,97,63,,
Data Engineer,BTech,72,2.5,51,100,1,4,76,77,38,54,50,1,78,82,51,85,74,34,,
Data Engineer,BBA,76,3.1,74,90,0,5,71,63,78,61,63,0,97,61,53,65,84,67,,
Data Engineer,BE,43,1.6,55,99,0,3,64,76,47,29,0,1,74,60,31,50,76,65,,
Data Engineer,BBA,84,2.8,76,90,0,3,75,59,59,73,31,0,78,62,57,81,85,52,,
Data Engineer,MSc,35,1.4,66,80,2,3,53,54,52,35,24,3,71,55,52,84,69,69,,
Data Engineer,MBA,44,2.5,85,100,0,3,53,71,50,43,57,0,77,68,61,68,96,55,,
Data Engineer,BTech,37,2.5,61,70,2,4,53,80,67,40,55,0,84,65,79,65,91,51,,
Data Engineer,MTech,68,4.1,84,99,1,4,79,78,68,46,0,1,73,54,38,72,81,66,,
Data Engineer,BE,86,3.4,79,93,2,4,70,82,31,56,74,0,94,65,81,51,82,85,,
Data Engineer,BSc,66,1.4,69,79,1,2,47,66,61,38,75,0,65,68,55,67,83,56,,
Data Engineer,MSc,18,1.3,78,89,2,3,55,65,56,72,38,2,86,60,64,66,79,43,,
Data Engineer,BTech,51,2.6,62,76,3,2,44,81,48,47,28,2,67,70,61,57,88,50,,
Data Engineer,BTech,56,3.6,72,96,2,6,77,74,56,50,59,4,79,73,55,86,85,70,,
Data Engineer,MSc,62,2.8,57,80,0,3,79,86,46,84,73,3,85,66,53,81,72,65,,
Data Engineer,BCA,36,1.6,72,63,2,4,93,64,44,75,71,2,78,39,51,90,76,56,,
Data Engineer,MCA,81,0.8,73,79,4,1,52,74,30,59,32,0,75,50,51,53,68,51,,
Data Engineer,BTech,72,2.5,67,100,2,5,83,63,51,43,50,0,76,60,40,75,91,58,,
Data Engineer,BE,74,2.0,79,100,0,3,66,72,35,38,31,1,83,43,71,63,98,61,,
Data Engineer,MTech,85,7.7,95,76,3,5,79,81,53,46,72,1,83,69,54,87,90,76,,
Data Engineer,BTech,80,2.6,63,78,2,3,55,89,44,46,45,0,80,44,55,49,61,49,,
Data Engineer,MSc,79,1.0,67,67,4,3,38,72,41,44,76,0,63,72,57,74,93,35,,
Data Engineer,BTech,35,1.6,77,91,3,3,46,68,41,56,0,0,65,41,50,72,77,59,,
Data Engineer,MBA,79,3.5,88,70,3,3,70,60,55,42,0,0,68,65,44,64,85,47,,
Data Engineer,BTech,63,2.1,80,85,2,3,65,90,70,38,56,0,69,51,45,58,94,65,,
Data Engineer,BE,74,2.5,59,64,3,4,58,75,50,73,0,2,77,60,64,82,72,48,,
Data Engineer,BTech,67,2.1,64,92,2,4,78,81,60,69,30,1,66,86,66,73,89,57,,
Data Engineer,BE,68,1.7,45,81,2,4,78,78,58,55,43,2,87,56,53,68,50,48,,
Data Engineer,BE,61,0.7,65,80,3,4,57,62,41,25,60,1,86,78,52,76,92,39,,
Data Engineer,MSc,73,0.9,57,75,3,4,57,51,53,54,50,1,68,37,49,81,59,61,,
Data Engineer,BBA,73,0.8,82,81,2,2,57,58,61,55,0,1,60,56,27,70,89,53,,
Data Engineer,BBA,70,2.5,82,78,1,4,83,85,55,86,55,3,73,76,67,74,94,82,,
Data Engineer,MTech,85,1.7,48,73,1,3,62,90,61,71,59,2,98,76,51,67,91,51,,
Data Engineer,BTech,75,2.0,66,72,1,4,75,80,65,72,0,3,84,71,41,85,90,71,,
Data Engineer,BBA,54,2.1,77,86,2,3,60,61,65,69,95,2,81,66,58,93,100,76,,
Data Engineer,BTech,57,2.6,81,87,1,2,61,97,40,63,70,1,59,49,61,76,86,44,,
Data Engineer,MBA,50,1.3,93,96,2,4,66,85,67,50,52,2,98,54,57,67,88,67,,
Data Engineer,MCA,69,2.4,39,74,2,2,78,82,55,50,41,0,76,51,43,48,66,66,,
Data Engineer,MTech,73,4.3,77,94,4,4,39,52,92,38,65,1,75,54,54,73,80,63,,
Data Engineer,MCA,82,1.8,82,73,1,3,67,90,60,44,0,1,58,52,34,63,76,65,,
Data Engineer,BCA,51,1.5,73,90,0,3,65,50,71,73,0,0,69,75,48,62,85,30,,
Data Engineer,BSc,51,3.2,56,76,4,5,78,63,45,51,93,2,85,57,51,78,72,65,,
Data Engineer,BTech,62,2.2,70,69,2,5,61,68,58,33,0,2,98,66,43,78,71,47,,
Data Engineer,MTech,46,0.8,59,99,1,2,63,94,68,38,0,0,64,74,23,38,89,73,,
Data Engineer,BTech,90,3.7,81,97,2,3,70,83,77,43,54,0,80,67,43,74,82,57,,
Data Engineer,BSc,66,1.4,72,82,3,2,78,69,64,44,65,0,76,56,58,92,93,51,,
Data Engineer,MTech,85,1.5,70,81,1,2,50,72,55,78,26,0,65,66,53,53,79,66,,
Data Engineer,BTech,72,1.2,73,91,1,4,77,83,43,66,42,1,73,71,70,69,85,54,,
Data Engineer,BTech,75,4.6,75,93,1,6,84,78,65,65,81,4,94,66,87,66,84,75,,
Data Engineer,MTech,34,2.1,67,66,2,2,61,73,59,40,27,2,94,78,44,54,87,46,,
Data Engineer,MCA,59,0.7,60,66,4,3,67,51,37,68,31,1,86,69,53,80,62,56,,
Data Engineer,MCA,64,1.5,69,66,3,3,72,75,61,61,44,0,48,56,46,84,96,58,,
Data Engineer,MTech,85,2.4,60,85,2,4,55,76,55,51,52,0,75,42,73,58,89,63,,
Data Engineer,MSc,36,0.4,65,71,3,4,63,77,50,42,30,3,69,48,45,66,80,70,,
Data Engineer,MBA,81,2.8,82,66,3,3,66,46,41,51,0,0,72,62,52,52,79,51,,
Data Engineer,MBA,70,4.1,92,77,2,5,64,82,62,65,40,3,96,46,77,80,64,48,,
Data Engineer,MSc,47,0.9,64,61,2,4,71,67,44,76,72,1,92,65,55,85,77,48,,
Data Engineer,MSc,84,2.4,62,73,3,4,85,88,57,74,50,0,74,64,52,64,96,68,,
Data Engineer,MBA,77,0.5,59,88,1,1,51,85,64,70,0,0,41,55,21,60,79,28,,
Data Engineer,BBA,24,1.0,76,77,1,3,48,65,38,17,0,2,78,39,54,52,76,59,,
Data Engineer,BSc,79,1.0,74,98,1,2,66,73,49,73,47,0,74,73,66,64,85,57,,
Data Engineer,BE,84,2.6,56,78,1,4,59,74,23,57,22,0,84,40,55,65,57,58,,
Data Engineer,BBA,44,1.0,63,62,3,4,60,65,66,67,92,2,75,60,54,79,98,57,,
Data Engineer,BTech,83,0.8,70,71,2,2,33,74,66,52,0,1,71,44,79,41,63,63,,
Data Engineer,MBA,67,4.9,56,84,2,5,55,70,58,70,36,2,81,57,77,77,86,48,,
Data Engineer,BCA,67,2.7,82,85,2,4,67,81,74,78,28,1,77,60,52,75,76,43,,
Data Engineer,BE,57,1.4,55,67,3,4,78,64,65,62,0,0,67,54,62,79,76,70,,
Data Engineer,MSc,87,0.6,59,60,4,5,71,71,65,35,47,3,94,67,29,80,89,57,,
Data Engineer,MSc,60,2.4,38,87,0,2,76,81,60,50,41,0,65,40,41,51,87,79,,
Data Engineer,BBA,31,3.7,59,86,2,3,63,68,68,67,82,2,92,75,45,72,91,57,,
Data Engineer,MSc,66,1.7,51,89,0,3,69,71,52,69,76,1,79,67,37,87,74,66,,
Data Engineer,MSc,40,2.1,85,100,1,4,53,76,64,60,60,0,63,69,51,69,87,53,,
Data Engineer,BE,65,1.0,70,64,3,3,58,67,47,62,53,0,88,61,69,64,70,70,,
Data Engineer,BCA,66,1.9,79,83,0,3,63,59,57,80,0,0,81,84,73,67,82,58,,
Data Engineer,BTech,71,1.1,57,71,2,5,70,77,52,49,51,0,80,63,63,85,85,61,,
Data Engineer,BTech,16,0.7,64,59,5,0,63,80,44,49,1,0,54,68,47,53,77,71,,
Data Engineer,BTech,74,4.3,75,84,2,3,50,67,44,73,70,2,83,88,44,90,94,56,,
Data Engineer,BSc,26,2.4,54,72,4,2,65,79,61,64,4,1,69,67,56,47,68,69,,
Data Engineer,MSc,59,3.0,97,90,1,1,64,66,72,51,59,0,67,56,52,91,78,38,,
Data Engineer,BTech,43,1.6,67,72,3,1,54,85,41,37,0,0,72,57,50,51,82,62,,
Data Engineer,BBA,61,3.3,71,96,1,3,56,67,75,60,49,3,93,69,33,68,78,61,,
Data Engineer,BTech,80,1.2,66,92,1,3,54,76,46,73,50,3,82,60,64,62,91,51,,
Data Engineer,MBA,72,3.6,84,100,1,4,64,80,77,47,44,2,86,43,69,72,88,69,,
Data Engineer,BSc,42,0.5,73,79,2,3,54,71,53,63,61,0,59,74,58,42,67,63,,
Data Engineer,BTech,70,0.8,76,75,2,1,40,82,75,49,0,0,46,46,80,49,68,48,,
Data Engineer,BE,56,2.2,29,88,0,2,73,70,57,47,45,0,74,28,42,51,81,74,,
Data Engineer,MTech,66,3.7,74,60,2,2,38,87,58,53,65,0,59,37,53,68,93,59,,
Data Engineer,Diploma,66,2.3,81,90,1,5,74,84,79,66,0,3,73,71,80,66,100,51,,
Data Engineer,MBA,59,1.5,62,71,3,3,65,82,55,62,41,0,68,83,78,60,85,64,,
Data Engineer,BE,29,0.5,65,80,1,0,43,70,31,20,0,0,57,36,55,30,71,63,,
Data Engineer,MTech,89,1.5,63,87,3,5,70,83,35,79,32,4,75,50,73,57,73,57,,
Data Engineer,BE,22,3.7,81,99,0,3,56,74,63,62,0,2,79,56,59,64,71,50,,
Data Engineer,BSc,73,3.2,56,75,1,4,84,94,56,81,71,2,83,52,62,71,94,76,,
Data Engineer,BTech,42,1.8,71,88,1,5,69,75,56,72,68,4,83,42,49,92,89,60,,
Data Engineer,BBA,64,0.1,60,69,1,2,60,78,48,58,13,1,62,58,33,27,85,52,,
Data Engineer,BSc,82,1.1,70,62,2,4,64,83,47,73,35,2,57,60,39,74,95,61,,
Data Engineer,BSc,92,1.3,74,90,1,3,52,90,54,60,41,3,74,77,48,74,87,44,,
Data Engineer,BE,45,1.5,74,83,3,4,64,67,61,64,0,1,59,33,73,65,69,61,,
Data Engineer,BTech,83,2.2,72,69,2,2,52,83,59,51,0,0,72,38,65,46,70,51,,
Data Engineer,MTech,68,1.3,59,61,4,3,69,80,60,73,0,0,55,36,57,69,68,71,,
Data Engineer,MCA,23,3.9,57,63,5,4,86,75,52,56,53,1,63,70,60,59,79,81,,
Data Engineer,MBA,47,1.8,63,74,2,4,65,68,70,71,47,0,92,80,50,63,90,57,,
Data Engineer,MTech,69,1.5,53,98,1,2,61,78,34,44,53,0,74,33,62,63,86,48,,
Data Engineer,Diploma,83,1.5,48,76,3,2,70,76,43,44,0,0,66,31,37,64,62,48,,
Data Engineer,BTech,48,0.8,55,63,5,2,75,71,54,59,34,2,74,77,45,63,83,72,,
Data Scientist,MSc,29,1.0,69,14,4,2,42,63,43,18,58,2,74,65,67,69,76,57,,
Data Scientist,BTech,96,4.0,75,40,6,7,100,56,55,86,84,0,73,56,87,85,65,44,,
Data Scientist,MTech,94,1.1,22,63,3,5,67,48,39,57,0,5,67,67,83,37,56,42,,
Data Scientist,BE,69,1.1,53,100,0,7,82,75,93,53,18,7,100,88,72,69,100,52,,
Data Scientist,MTech,45,1.7,47,88,2,1,40,59,33,62,18,0,70,100,50,63,65,54,,
Data Scientist,BSc,77,0.3,29,41,5,5,75,82,70,75,85,0,71,98,51,77,78,30,,
Data Scientist,BBA,62,1.4,63,93,4,2,44,89,47,43,62,0,72,79,55,55,100,62,,
Data Scientist,BE,88,3.8,83,96,2,5,71,100,67,74,79,2,83,55,51,76,100,51,,
Data Scientist,BE,93,2.0,49,61,3,1,86,79,75,69,0,0,54,88,74,51,82,30,,
Data Scientist,BSc,23,0.7,51,87,2,3,65,54,34,89,0,2,67,54,52,39,73,60,,
Data Scientist,MCA,66,5.4,73,96,2,4,58,88,62,86,76,1,77,33,63,79,83,78,,
Data Scientist,MSc,66,1.0,62,84,2,5,67,80,36,75,0,0,79,67,41,33,61,65,,
Data Scientist,BTech,50,1.5,45,89,1,4,63,82,40,68,64,0,87,82,51,57,83,59,,
Data Scientist,BSc,23,1.0,68,100,0,2,53,92,34,41,58,0,69,60,86,74,59,50,,
Data Scientist,BTech,81,0.0,42,78,8,3,49,64,42,78,43,0,81,63,78,78,70,20,,
Data Scientist,BSc,11,1.4,86,67,3,4,68,75,69,66,48,0,96,89,97,90,53,58,,
Data Scientist,MSc,89,3.0,50,67,2,3,67,37,50,51,55,0,85,46,33,70,98,65,,
Data Scientist,MCA,98,0.7,57,97,2,4,65,100,61,42,63,0,97,71,44,84,68,19,,
Data Scientist,PhD,87,0.6,48,38,5,5,100,67,57,46,100,0,86,49,74,74,80,69,,
Data Scientist,MSc,63,0.9,44,94,2,5,57,88,56,81,44,1,100,70,44,69,88,43,,
Data Scientist,BSc,43,2.1,72,88,0,2,61,59,55,48,0,0,93,35,34,89,56,63,,
Data Scientist,MCA,90,1.4,66,100,2,1,61,59,46,37,0,1,57,74,53,55,59,37,,
Data Scientist,BE,78,0.4,29,95,3,0,26,42,59,51,7,0,47,29,47,52,92,80,,
Data Scientist,PhD,83,1.1,70,80,0,3,42,80,40,30,94,1,74,68,56,74,91,57,,
Data Scientist,BBA,32,6.2,63,85,2,2,63,88,60,61,59,2,95,89,53,74,77,97,,
Data Scientist,MBA,75,1.1,64,100,1,3,25,100,64,32,44,2,71,51,64,21,74,27,,
Data Scientist,BE,65,0.9,78,100,3,3,75,88,23,76,77,0,71,72,46,41,71,35,,
Data Scientist,MCA,87,4.5,72,94,3,3,85,43,56,85,57,0,71,72,57,73,85,50,,
Data Scientist,MCA,41,1.2,62,97,4,3,45,87,18,67,0,3,78,56,63,44,96,51,,
Data Scientist,BTech,22,3.4,100,61,2,2,64,75,78,71,44,2,69,51,59,76,75,40,,
Data Scientist,BTech,89,1.4,94,51,6,2,40,43,58,65,33,0,74,34,31,25,82,59,,
Data Scientist,BBA,28,0.7,36,79,4,0,58,84,33,33,38,0,63,51,50,46,100,51,,
Data Scientist,BE,27,2.4,75,91,1,0,87,61,61,16,0,0,58,75,76,54,83,51,,
Data Scientist,BE,89,0.4,46,91,2,2,38,51,66,73,0,1,39,47,46,32,87,68,,
Data Scientist,BCA,48,2.3,53,81,3,1,39,81,46,61,34,1,59,75,34,49,74,35,,
Data Scientist,MCA,78,1.5,47,68,1,3,47,59,94,64,0,3,66,90,52,57,73,48,,
Data Scientist,BBA,66,1.4,79,86,0,3,49,96,58,54,0,0,44,38,80,42,66,49,,
Data Scientist,MTech,47,0.9,54,99,0,3,66,55,41,33,0,0,58,30,39,47,69,60,,
Data Scientist,BSc,49,1.6,64,100,0,4,36,100,49,49,25,2,88,50,57,44,56,53,,
Data Scientist,BSc,91,1.9,44,55,6,5,69,25,62,56,83,5,90,54,34,97,76,54,,
Data Scientist,BE,69,2.8,85,97,2,2,72,99,75,43,0,0,61,82,100,69,83,67,,
Data Scientist,BTech,79,0.4,67,96,3,2,42,89,42,58,0,1,64,48,80,45,85,46,,
Data Scientist,BE,85,2.6,72,27,8,4,77,40,67,77,21,3,96,57,68,46,48,83,,
Data Scientist,BTech,88,7.3,61,100,1,6,89,88,100,85,100,0,94,44,56,82,97,84,,
Data Scientist,BTech,78,0.5,88,56,4,4,64,85,34,46,0,0,46,48,37,63,94,58,,
Data Scientist,MBA,9,2.1,39,69,3,4,100,91,74,38,54,4,85,50,59,98,68,44,,
Data Scientist,BTech,60,1.7,74,92,1,1,56,95,50,61,34,1,60,68,70,50,71,57,,
Data Scientist,BE,68,1.1,53,85,2,3,31,80,56,64,0,0,66,52,62,60,84,33,,
Data Scientist,MBA,51,0.6,75,100,0,0,53,100,47,38,0,0,49,51,12,44,91,57,,
Data Scientist,BBA,21,1.6,76,100,0,2,65,99,53,60,0,1,65,100,34,58,94,41,,
Data Scientist,MCA,90,2.1,82,100,0,4,51,63,57,100,39,2,76,78,52,72,100,67,,
Data Scientist,BE,21,3.8,51,100,0,1,55,61,85,36,50,1,74,64,21,92,100,19,,
Data Scientist,MCA,78,0.3,74,44,5,4,65,77,11,58,0,4,85,70,78,43,49,39,,
Data Scientist,BTech,44,2.6,66,55,4,5,62,69,33,75,38,0,78,37,48,71,94,58,,
Data Scientist,BBA,69,4.6,56,82,4,5,71,77,74,72,0,0,35,81,87,54,74,41,,
Data Scientist,MCA,65,0.9,65,38,5,5,46,75,50,87,54,0,88,64,18,37,72,42,,
Data Scientist,BE,28,3.3,64,78,1,5,64,84,100,68,71,2,100,38,64,48,68,57,,
Data Scientist,BE,48,0.3,68,76,2,1,58,86,30,57,0,0,33,41,33,53,76,36,,
Data Scientist,BTech,26,3.0,92,76,5,4,85,55,50,55,78,0,84,46,78,52,84,63,,
Data Scientist,BBA,83,1.1,53,100,1,5,79,83,85,57,48,0,78,34,100,56,91,40,,
Data Scientist,BTech,44,1.4,65,93,0,5,94,78,63,61,88,0,39,84,27,64,78,51,,
Data Scientist,BTech,79,1.5,36,59,1,3,71,55,70,69,36,0,76,41,81,82,79,74,,
Data Scientist,MSc,71,1.4,63,100,1,2,76,79,84,81,13,0,63,70,56,79,100,54,,
Data Scientist,BE,74,3.5,80,78,2,4,62,83,55,43,43,2,86,43,50,57,88,45,,
Data Scientist,BTech,96,1.8,63,100,0,1,60,84,70,67,44,1,99,63,52,66,84,30,,
Data Scientist,BE,93,0.9,52,100,1,6,71,94,59,83,0,6,72,70,83,42,67,60,,
Data Scientist,BBA,52,1.9,70,77,2,3,73,65,85,31,50,0,68,43,46,55,100,25,,
Data Scientist,BBA,72,0.2,63,74,1,3,38,50,90,56,51,0,60,72,81,70,100,61,,
Data Scientist,BTech,78,1.8,92,99,1,5,74,100,53,91,0,0,49,59,72,41,86,59,,
Data Scientist,BE,40,4.6,96,62,0,7,46,90,61,68,87,3,92,51,64,100,82,49,,
Data Scientist,BTech,64,1.9,64,92,1,1,59,83,32,43,44,0,77,46,22,74,73,47,,
Data Scientist,BE,60,1.4,70,100,2,4,87,85,81,30,0,0,45,56,63,61,100,47,,
Data Scientist,MCA,93,2.3,76,97,3,3,63,91,70,74,0,2,80,82,65,81,66,36,,
Data Scientist,BTech,90,1.9,68,78,4,6,80,78,79,64,31,5,97,70,65,62,91,67,,
Data Scientist,BTech,14,2.4,93,75,2,2,74,55,58,21,22,2,86,94,45,71,93,61,,
Data Scientist,BTech,17,0.8,56,90,2,6,77,100,57,63,0,0,77,35,63,28,82,97,,
Data Scientist,MBA,94,2.1,62,70,0,3,84,70,44,43,98,2,76,59,47,100,81,54,,
Data Scientist,MBA,24,0.8,50,96,1,2,53,92,30,58,28,0,45,38,57,65,78,34,,
Data Scientist,MCA,85,1.5,73,100,3,3,70,95,54,36,80,1,73,40,47,82,92,48,,
Data Scientist,BTech,81,5.7,79,97,1,2,55,68,86,55,89,1,100,61,44,65,100,64,,
Data Scientist,BE,68,2.6,85,100,1,6,59,100,77,77,0,0,55,17,51,60,100,50,,
Data Scientist,MTech,80,0.8,52,55,3,3,52,57,46,50,0,0,48,48,42,55,48,72,,
Data Scientist,BE,77,2.0,62,77,1,2,68,62,73,63,72,0,39,92,75,84,93,65,,
Data Scientist,MSc,69,0.3,47,96,3,0,50,82,29,44,0,0,55,74,35,47,73,26,,
Data Scientist,MCA,87,2.3,67,40,5,3,65,55,49,58,82,0,62,60,88,79,84,36,,
Data Scientist,BCA,79,2.1,66,69,0,5,89,98,39,49,78,3,100,74,61,89,89,59,,
Data Scientist,BE,64,1.5,55,75,3,3,64,59,65,91,55,0,90,68,33,44,100,53,,
Data Scientist,BSc,74,1.2,85,98,0,5,79,84,35,90,93,0,83,60,55,88,99,85,,
Data Scientist,MTech,80,3.7,61,100,1,3,60,100,57,47,66,0,100,36,85,55,86,91,,
Data Scientist,BTech,90,1.9,80,77,2,0,30,67,0,57,7,0,51,51,29,68,42,29,,
Data Scientist,MSc,78,1.3,100,22,6,2,38,46,51,59,0,1,81,51,60,71,45,24,,
Data Scientist,BE,93,1.3,33,36,4,4,63,64,57,63,65,0,78,80,82,100,80,49,,
Data Scientist,BSc,85,0.6,47,22,6,4,72,60,52,82,74,0,78,19,53,71,89,50,,
Data Scientist,BCA,84,0.9,44,48,2,3,60,61,55,47,0,0,86,44,43,65,75,30,,
Data Scientist,MTech,51,1.2,45,77,4,5,52,89,60,45,0,1,100,34,85,56,78,52,,
Data Scientist,MTech,77,2.0,67,100,1,2,67,100,86,50,4,0,70,43,27,34,100,50,,
Data Scientist,BSc,74,1.0,80,98,2,4,77,42,48,52,96,3,78,69,33,95,84,64,,
Data Scientist,BTech,52,1.0,12,100,0,3,50,72,47,30,0,0,63,38,48,44,82,47,,
Data Scientist,BTech,81,2.7,66,94,3,2,74,63,51,100,0,2,69,69,59,58,74,56,,
Data Scientist,MTech,88,0.7,65,79,1,4,56,75,57,62,76,2,100,66,30,84,100,50,,
Data Scientist,MCA,94,2.1,70,71,3,6,87,93,80,43,99,0,98,76,70,100,97,70,,
Data Scientist,MCA,92,1.1,37,63,4,3,55,84,69,80,0,0,59,64,30,68,59,60,,
Data Scientist,BE,19,0.9,53,74,5,1,49,97,43,52,0,0,45,11,71,60,69,5,,
Data Scientist,PhD,93,5.3,83,91,0,7,81,93,63,70,76,6,84,62,85,87,100,81,,
Data Scientist,MSc,88,1.6,62,100,1,4,42,66,48,48,39,0,81,43,46,62,100,18,,
Data Scientist,MTech,52,4.8,78,100,2,8,73,40,66,46,100,7,100,34,70,84,89,71,,
Data Scientist,MBA,81,2.8,84,48,4,2,83,80,30,68,0,2,37,65,81,51,50,81,,
Data Scientist,MCA,64,2.3,37,49,3,7,87,81,48,86,74,7,97,83,45,74,70,72,,
Data Scientist,BTech,45,2.5,61,49,2,2,54,53,63,50,100,0,82,47,47,99,100,39,,
Data Scientist,BTech,91,3.3,72,35,3,1,75,100,11,45,48,1,58,43,43,78,95,52,,
Data Scientist,MBA,10,0.2,54,88,2,5,81,94,57,33,0,5,100,70,33,74,76,64,,
Data Scientist,MSc,28,0.2,62,87,4,3,55,93,64,74,21,0,76,51,55,56,77,37,,
Data Scientist,MTech,70,1.1,51,100,0,0,60,77,56,66,0,0,37,37,40,68,82,40,,
Data Scientist,MCA,79,5.2,63,73,3,2,59,70,76,54,65,0,43,48,41,69,89,80,,
Data Scientist,BE,39,3.4,68,80,1,4,92,89,61,28,0,2,84,66,76,75,100,46,,
Data Scientist,MTech,74,2.8,73,59,3,2,53,82,63,12,52,1,77,50,56,83,72,48,,
Data Scientist,MTech,43,1.9,44,66,2,3,73,63,24,89,42,0,64,61,46,60,100,76,,
Data Scientist,MSc,35,0.3,57,96,1,0,42,85,30,26,26,0,58,49,46,79,86,30,,
Data Scientist,BTech,96,3.7,64,49,5,5,43,36,48,86,39,5,84,59,57,60,54,38,,
Data Scientist,BE,83,2.8,40,100,2,4,79,63,31,69,43,2,90,51,40,70,70,85,,
Data Scientist,BCA,72,1.5,50,52,3,6,73,76,47,44,0,3,95,77,83,52,49,89,,
Data Scientist,BTech,79,2.6,86,100,0,6,67,83,77,84,69,3,92,61,64,64,100,49,,
Data Scientist,MCA,60,3.4,59,54,2,2,79,65,48,55,54,2,69,34,59,78,66,44,,
Data Scientist,MCA,66,3.9,37,72,4,7,63,75,69,58,98,4,99,25,60,53,73,48,,
Data Scientist,BCA,77,2.2,97,79,0,4,53,70,91,68,0,3,75,60,17,47,87,37,,
Data Scientist,MCA,65,0.7,68,86,0,3,58,91,60,37,0,2,53,50,67,40,47,93,,
Data Scientist,MBA,76,0.5,100,92,0,5,79,73,54,56,49,0,99,71,75,68,65,15,,
Data Scientist,Diploma,59,0.7,45,82,3,5,81,78,78,69,0,2,73,89,86,64,87,23,,
Data Scientist,BE,70,1.9,52,74,3,2,60,48,54,46,41,2,73,51,80,46,67,8,,
Data Scientist,MTech,92,1.6,60,100,2,2,50,100,70,35,46,2,63,65,60,88,92,33,,
Data Scientist,MSc,80,0.5,76,31,5,0,32,68,27,65,0,0,54,44,65,60,63,85,,
Data Scientist,Diploma,77,0.7,62,82,2,2,29,87,83,45,0,0,47,65,14,58,95,60,,
Data Scientist,MSc,87,4.2,99,62,4,2,68,78,58,39,8,2,79,81,61,76,56,25,,
Data Scientist,BTech,96,0.8,60,60,5,3,72,74,65,29,0,0,97,73,34,83,64,26,,
Data Scientist,BE,41,2.7,83,100,0,4,58,70,47,46,28,0,91,28,26,52,91,32,,
Data Scientist,MCA,75,1.5,83,80,3,2,87,89,45,48,0,0,26,55,81,84,73,31,,
Data Scientist,MCA,71,0.8,78,45,5,5,45,76,65,84,41,0,83,38,73,80,83,60,,
Data Scientist,BCA,63,1.5,78,86,2,2,79,61,66,55,33,0,66,65,81,59,100,31,,
Data Scientist,BSc,64,2.8,46,87,3,6,66,74,49,68,77,2,88,32,65,62,74,75,,
Data Scientist,BCA,88,2.1,58,63,3,2,58,59,60,39,90,2,99,58,89,52,96,80,,
Data Scientist,MCA,53,2.4,58,100,0,8,94,99,40,78,82,8,100,76,86,80,90,74,,
Data Scientist,BE,61,1.7,53,92,0,6,37,81,59,77,72,0,76,35,72,36,95,75,,
Data Scientist,BTech,83,4.4,95,100,1,3,67,61,37,51,67,0,87,49,19,82,84,54,,
Data Scientist,MCA,36,0.2,64,61,4,2,62,82,34,68,72,0,58,60,50,96,86,33,,
Data Scientist,MCA,53,0.7,57,39,4,4,84,71,64,66,62,1,91,49,69,93,78,68,,
Data Scientist,MBA,50,0.1,26,76,4,2,41,46,78,40,32,0,95,29,53,71,96,54,,
Data Scientist,BTech,77,1.0,51,60,1,5,86,93,37,53,70,5,97,66,69,64,66,45,,
Data Scientist,BTech,97,2.2,30,73,2,3,41,93,54,51,58,3,54,33,54,66,76,84,,
Data Scientist,MTech,65,1.0,50,100,0,3,73,84,54,56,41,0,80,47,57,69,87,50,,
Data Scientist,BTech,83,0.9,83,68,4,4,72,58,70,55,80,0,77,81,56,60,93,75,,
Data Scientist,BSc,21,3.7,79,81,5,1,56,69,78,71,0,0,10,85,66,46,74,77,,
Data Scientist,BSc,45,1.5,59,100,0,3,67,97,53,41,0,0,39,62,46,46,84,94,,
Data Scientist,MSc,39,0.4,39,100,2,3,73,85,63,55,0,0,66,85,85,100,82,67,,
Data Scientist,MSc,95,1.9,74,45,3,2,38,66,66,65,0,0,39,84,26,37,85,62,,
Data Scientist,BSc,83,0.9,65,100,2,4,82,56,56,33,59,2,83,87,48,83,100,42,,
Data Scientist,BE,72,0.9,92,91,2,4,62,96,19,60,0,3,61,51,62,62,54,89,,
Data Scientist,BTech,57,1.0,94,81,1,3,72,69,41,82,45,2,96,30,62,50,76,72,,
Data Scientist,MBA,39,1.0,68,63,2,3,70,91,48,18,51,3,90,31,32,79,71,80,,
Data Scientist,MTech,37,6.3,67,61,4,2,56,69,53,81,0,0,30,34,48,53,64,84,,
Data Scientist,BE,90,3.2,80,52,1,2,81,79,50,71,0,1,58,55,42,52,62,75,,
Data Scientist,BTech,86,5.6,91,97,1,4,50,74,31,82,56,2,87,57,63,69,68,72,,
Data Scientist,BSc,27,5.2,75,79,0,5,86,84,100,77,86,0,82,71,75,81,100,32,,
Data Scientist,MSc,55,4.3,83,77,3,4,69,78,76,62,91,3,80,47,85,64,100,82,,
Data Scientist,MSc,82,2.4,78,97,2,1,27,57,56,54,48,0,74,51,53,69,77,39,,
Data Scientist,BTech,43,1.0,55,57,4,3,83,45,46,36,62,0,71,71,41,66,89,34,,
Data Scientist,BE,76,1.0,63,100,2,3,65,96,27,57,72,1,83,50,74,86,79,28,,
Data Scientist,MCA,60,0.5,50,64,2,1,40,71,43,61,44,0,49,79,45,87,68,47,,
Data Scientist,MSc,63,1.6,60,86,1,2,40,63,66,69,28,0,100,34,55,62,53,41,,
Data Scientist,BE,64,2.7,84,58,5,4,58,56,60,77,78,0,67,35,86,54,69,36,,
Data Scientist,BE,90,5.3,100,91,0,4,76,100,81,59,90,4,86,47,57,90,100,84,,
Data Scientist,BTech,89,4.6,69,94,1,6,96,99,82,42,44,6,78,80,81,100,100,58,,
Data Scientist,MSc,68,0.4,84,72,3,4,43,79,34,50,59,0,88,41,59,58,52,26,,
Data Scientist,MSc,74,0.9,28,68,4,3,83,78,58,68,0,0,82,50,51,54,62,58,,
Data Scientist,BTech,51,0.1,27,100,1,5,67,67,76,38,65,5,100,76,80,97,76,34,,
Data Scientist,BE,86,0.5,59,86,2,2,59,73,36,90,57,1,80,22,81,83,83,70,,
Data Scientist,BE,18,0.7,65,73,2,5,93,60,57,52,0,2,75,49,75,39,57,79,,
Data Scientist,BBA,71,0.2,37,73,0,3,73,74,48,76,40,0,84,45,74,51,100,54,,
Data Scientist,MBA,65,1.3,61,100,0,6,100,80,96,44,0,3,96,29,85,64,79,56,,
Data Scientist,BE,53,4.5,83,86,1,2,76,82,40,60,0,0,40,44,58,36,79,74,,
Data Scientist,BSc,50,0.8,54,65,1,0,55,53,0,41,48,0,49,45,56,92,89,56,,
Data Scientist,BBA,66,2.2,72,63,2,3,63,78,61,57,52,0,91,66,73,88,72,67,,
Data Scientist,BTech,87,1.2,56,93,1,4,50,81,40,62,49,0,96,26,26,70,93,51,,
Data Scientist,BSc,79,1.3,58,82,1,5,58,65,63,74,74,0,85,49,43,100,94,48,,
Data Scientist,BBA,38,0.3,55,80,3,2,38,70,55,65,0,1,85,32,61,67,35,55,,
Data Scientist,BE,79,1.7,39,79,0,3,40,100,63,52,62,0,90,80,45,84,88,65,,
Data Scientist,BE,84,1.5,74,92,4,2,47,87,27,57,58,1,47,67,85,95,74,69,,
Data Scientist,BE,89,1.0,96,40,4,0,62,41,46,30,71,0,69,37,51,80,67,38,,
Data Scientist,BTech,57,5.6,100,100,0,2,71,62,54,10,61,1,70,35,100,64,86,67,,
Data Scientist,MCA,39,2.1,81,97,0,3,36,62,89,63,74,0,56,59,48,64,100,79,,
Data Scientist,BTech,66,0.3,52,100,0,1,62,60,46,28,0,1,61,71,86,33,53,10,,
Data Scientist,BTech,80,0.9,44,100,2,5,51,89,48,61,88,1,97,71,46,84,82,64,,
Data Scientist,BE,47,2.5,78,95,3,2,42,79,41,52,82,0,89,48,81,99,85,69,,
Data Scientist,BBA,72,2.9,49,72,5,3,62,85,36,34,29,0,96,75,55,53,91,65,,
Data Scientist,MSc,56,0.6,65,60,4,3,70,79,42,48,0,0,69,94,81,59,63,20,,
Data Scientist,BTech,33,1.3,59,95,0,2,49,100,37,57,0,1,61,34,45,52,71,20,,
Data Scientist,BE,90,2.4,64,84,2,1,49,81,79,44,93,1,77,70,39,85,87,56,,
Data Scientist,MSc,76,4.4,58,58,3,3,50,50,61,58,48,0,73,77,59,85,88,67,,
Data Scientist,BTech,37,0.4,68,58,0,2,62,93,68,77,0,1,95,51,80,66,94,59,,
Data Scientist,MCA,83,1.0,94,74,3,0,65,62,72,23,0,0,45,78,26,50,17,70,,
Data Scientist,BTech,95,3.4,75,96,0,2,77,91,95,49,76,2,86,57,71,92,100,67,,
Data Scientist,MTech,70,1.9,84,88,2,3,66,100,39,51,0,0,51,68,28,65,55,81,,
Data Scientist,MCA,75,0.8,60,92,3,1,47,74,41,65,0,0,48,32,60,59,68,74,,
Data Scientist,BTech,87,0.6,71,59,3,2,64,68,73,80,0,0,40,58,46,53,56,58,,
Data Scientist,PhD,92,2.9,39,65,3,2,67,91,37,29,7,0,89,59,34,59,57,79,,
Data Scientist,MSc,79,4.7,59,64,3,4,29,92,58,86,53,0,98,52,90,88,84,45,,
Data Scientist,BSc,47,2.7,87,100,0,6,74,81,65,70,49,4,94,55,73,74,76,50,,
Data Scientist,MBA,46,2.3,73,86,1,4,68,61,57,53,0,2,72,56,6,67,94,33,,
Data Scientist,BSc,32,7.8,100,99,0,5,82,70,69,61,18,3,79,100,66,31,78,75,,
Data Scientist,MCA,88,1.3,84,23,1,5,74,88,96,35,0,2,100,36,28,54,91,42,,
Data Scientist,BE,45,1.7,83,82,0,6,54,100,69,54,89,5,97,53,74,100,90,53,,
Data Scientist,MBA,58,2.4,73,57,1,3,62,57,42,76,34,3,65,78,33,62,62,63,,
Data Scientist,MCA,52,1.0,77,51,4,4,100,63,60,55,0,1,86,37,73,61,55,38,,
Data Scientist,BTech,62,2.2,51,65,5,8,83,76,64,78,79,4,100,64,73,99,96,51,,
Data Scientist,BE,44,3.3,86,82,2,4,44,82,48,57,85,0,90,50,75,99,84,60,,
Data Scientist,MTech,86,1.5,55,81,2,5,70,73,45,73,0,3,58,62,79,40,69,50,,
Data Scientist,PhD,80,2.1,61,71,2,2,69,83,38,49,20,0,92,47,45,55,63,77,,
Data Scientist,MSc,85,1.3,31,47,4,4,69,69,57,64,42,0,79,69,71,82,74,51,,
Data Scientist,BTech,57,1.6,56,83,3,1,40,54,66,58,21,1,55,38,52,61,85,64,,
Data Scientist,MCA,51,0.7,60,59,4,3,42,73,52,75,30,0,87,48,40,52,53,51,,
Data Scientist,BE,60,3.5,82,90,1,5,77,100,72,60,56,2,82,41,59,64,92,89,,
Data Scientist,BE,91,0.8,55,94,1,4,66,84,50,86,24,4,76,49,82,60,75,64,,
Data Scientist,BTech,65,2.6,83,78,2,3,67,69,55,71,52,0,75,37,53,58,81,74,,
Data Scientist,MSc,77,2.0,53,100,2,3,77,73,61,75,26,0,75,61,51,75,86,68,,
Data Scientist,MCA,74,1.3,52,52,4,2,85,75,70,68,29,0,70,70,71,72,80,48,,
Data Scientist,BTech,15,1.6,73,83,2,4,75,78,58,43,0,0,82,64,54,48,87,80,,
Data Scientist,BE,60,3.5,89,67,1,4,40,81,39,64,56,2,75,50,50,87,67,41,,
Data Scientist,BTech,57,1.1,55,74,3,3,51,65,54,52,0,0,69,59,54,63,86,35,,
Data Scientist,BE,55,2.2,63,87,3,2,47,60,71,71,0,0,26,67,56,40,81,72,,
Data Scientist,PhD,85,2.3,48,79,2,2,50,95,48,30,25,0,81,56,46,43,63,59,,
Data Scientist,MTech,69,1.8,61,97,1,4,52,90,73,63,35,0,71,39,47,35,97,61,,
Data Scientist,BTech,65,2.3,84,67,1,3,53,63,78,60,42,0,79,54,30,68,93,40,,
Data Scientist,BSc,77,1.2,93,59,3,3,59,65,43,73,46,0,81,56,58,80,72,54,,
Data Scientist,MCA,61,1.2,80,59,3,5,47,85,65,73,57,2,87,43,73,88,86,58,,
Data Scientist,BE,70,1.4,60,94,1,2,58,79,73,73,0,0,64,63,58,71,95,45,,
Data Scientist,BTech,79,2.7,79,98,1,4,70,74,67,91,0,3,82,65,63,61,90,52,,
Data Scientist,BE,69,1.5,90,66,3,4,47,68,63,60,58,0,85,42,50,58,87,57,,
Data Scientist,BTech,81,1.5,71,93,1,1,54,73,45,70,11,0,58,60,45,74,72,44,,
Data Scientist,BTech,64,2.6,66,79,2,4,80,90,60,54,58,0,69,71,67,98,94,48,,
Data Scientist,BCA,68,1.9,59,77,0,5,78,91,39,55,73,0,96,77,56,76,86,59,,
Data Scientist,MSc,67,0.8,50,79,2,3,69,86,58,50,0,1,65,50,60,47,53,78,,
Data Scientist,BE,55,2.3,67,89,1,4,89,76,59,31,24,2,83,74,65,77,100,45,,
Data Scientist,BCA,66,1.8,55,52,3,4,61,65,45,61,0,0,81,41,46,67,84,44,,
Data Scientist,BE,86,1.7,44,75,3,4,69,65,53,52,0,0,63,72,88,48,65,51,,
Data Scientist,MBA,85,3.5,75,96,0,5,55,96,63,54,60,4,78,57,76,58,88,58,,
Data Scientist,MCA,85,2.6,78,65,3,5,72,83,35,63,0,5,84,67,81,64,71,58,,
Data Scientist,MSc,47,1.7,51,35,3,5,65,74,45,55,65,5,87,75,55,71,73,65,,
Data Scientist,MTech,68,4.7,77,81,3,4,64,88,62,78,53,0,63,46,50,68,86,63,,
Data Scientist,MBA,80,1.0,66,92,1,3,31,92,56,31,63,2,72,56,61,41,81,40,,
Data Scientist,BTech,79,1.4,72,98,1,5,65,96,50,79,34,0,68,64,62,58,84,61,,
Data Scientist,BTech,88,1.3,51,67,1,2,59,69,60,54,15,0,91,51,45,65,79,30,,
Data Scientist,BBA,66,2.2,71,89,2,4,56,87,63,71,43,2,83,46,57,71,70,52,,
Data Scientist,BSc,61,1.5,65,100,1,3,61,87,70,69,19,1,72,62,57,65,84,53,,
Data Scientist,BSc,92,2.7,57,43,4,3,73,62,37,49,65,3,74,48,39,88,84,52,,
Data Scientist,MTech,29,3.4,59,67,4,1,52,84,48,65,0,0,37,22,59,57,66,41,,
Data Scientist,BTech,81,2.7,83,57,4,5,88,61,50,83,68,1,82,45,78,71,70,56,,
Data Scientist,BCA,86,1.9,63,85,1,3,69,99,54,41,64,2,82,70,61,89,90,46,,
Data Scientist,MCA,69,2.1,50,70,3,3,71,85,66,57,0,0,71,65,50,71,76,53,,
Data Scientist,BTech,94,2.8,75,78,1,2,62,82,86,54,50,1,68,66,56,72,95,65,,
Data Scientist,BTech,55,2.0,76,94,2,2,50,89,46,57,58,0,74,57,76,73,77,64,,
Data Scientist,BE,40,1.6,58,81,4,1,58,85,45,71,0,0,54,32,66,59,70,23,,
Data Scientist,BE,85,3.0,87,76,4,2,58,83,44,47,31,2,64,76,72,85,64,45,,
Data Scientist,BE,71,2.3,84,89,2,2,78,94,62,44,0,0,45,70,91,76,80,50,,
Data Scientist,BTech,38,1.0,56,73,2,3,70,66,42,44,39,0,68,56,43,61,82,29,,
Data Scientist,MCA,74,1.5,53,69,3,3,63,75,75,56,23,0,64,55,38,62,80,43,,
Data Scientist,MCA,43,0.9,61,79,1,1,51,83,48,61,23,0,55,89,41,74,80,46,,
Data Scientist,MSc,59,3.7,81,72,2,3,83,85,59,32,4,2,83,70,69,74,82,38,,
Data Scientist,MTech,81,1.2,59,83,1,5,74,70,37,78,54,0,76,63,66,67,81,67,,
Data Scientist,MSc,43,2.3,67,98,1,3,56,65,46,34,58,3,76,43,56,82,88,49,,
Data Scientist,BCA,69,2.1,58,67,3,7,86,86,52,65,79,4,99,70,67,94,93,54,,
Data Scientist,BTech,78,1.3,78,74,3,4,67,60,76,56,0,1,85,32,57,41,81,57,,
Data Scientist,MCA,85,0.6,69,50,5,4,69,75,31,47,0,3,90,71,60,59,55,34,,
Data Scientist,BE,76,1.3,57,100,0,6,68,72,76,52,27,0,93,71,61,66,100,40,,
Data Scientist,BE,89,3.1,65,57,2,2,75,82,46,54,4,0,70,55,38,55,60,77,,
Data Scientist,BE,31,0.5,67,64,1,3,76,80,63,67,0,1,88,50,77,54,80,67,,
Data Scientist,MCA,47,1.2,68,64,2,3,62,66,76,66,68,1,75,53,60,80,88,73,,
Data Scientist,BBA,60,4.1,75,92,1,4,65,84,70,75,63,3,94,72,60,67,90,68,,
Data Scientist,MBA,75,2.3,85,71,3,3,73,92,37,59,0,0,44,67,49,59,53,81,,
Data Scientist,BSc,54,0.8,57,72,1,2,60,64,14,55,0,0,60,53,51,69,78,61,,
Data Scientist,MTech,64,1.9,46,56,2,3,59,51,55,53,0,0,76,56,61,75,83,40,,
Data Scientist,BE,53,2.2,70,80,1,3,88,80,50,33,37,2,78,74,68,72,86,56,,
Data Scientist,BTech,93,2.8,55,52,6,5,55,32,54,74,59,5,87,56,45,76,63,45,,
Data Scientist,BTech,84,2.5,78,100,2,4,76,58,48,41,62,0,84,72,36,82,93,48,,
Data Scientist,BTech,71,1.9,59,74,3,5,77,73,57,74,36,3,82,66,57,62,94,70,,
Data Scientist,MBA,53,2.8,60,79,2,5,66,67,61,55,34,3,82,45,26,62,86,40,,
Data Scientist,BTech,77,2.3,62,44,4,5,62,52,55,76,50,3,88,54,62,74,66,53,,
Data Scientist,BSc,72,1.8,65,72,2,4,60,71,63,65,63,0,88,57,58,93,82,58,,
Data Scientist,PhD,69,0.6,55,45,3,4,87,77,61,59,60,0,90,49,77,70,84,66,,
Data Scientist,MTech,68,1.2,49,67,2,2,47,57,41,53,0,0,59,68,45,59,56,65,,
Data Scientist,BTech,69,1.1,55,98,1,4,61,97,51,72,0,4,69,54,67,46,69,43,,
Data Scientist,MCA,55,1.6,42,76,1,3,73,67,63,46,62,3,85,55,70,87,71,40,,
Data Scientist,BBA,79,5.1,56,85,3,4,76,87,68,60,66,0,95,60,55,68,94,75,,
Data Scientist,BBA,85,0.7,48,63,3,5,92,74,68,50,81,0,83,43,84,66,83,57,,
Data Scientist,MSc,87,2.8,59,50,4,4,70,39,58,63,38,1,90,49,48,59,77,73,,
Data Scientist,MSc,59,2.8,59,70,3,3,52,66,62,64,38,0,73,68,56,75,84,56,,
Data Scientist,BTech,87,0.9,62,82,3,4,66,76,51,80,48,2,87,40,75,74,86,69,,
Data Scientist,BTech,80,1.0,44,99,2,5,51,88,48,60,87,1,97,71,47,85,82,65,,
Data Scientist,MTech,45,2.7,82,67,2,2,63,69,61,16,37,1,80,71,52,79,82,56,,
Data Scientist,MBA,40,1.5,63,72,3,2,85,78,71,33,29,2,67,63,43,77,45,55,,
Data Scientist,MSc,85,1.4,65,66,2,4,50,67,65,71,0,0,67,64,36,75,90,54,,
Data Scientist,MCA,83,2.0,71,89,0,3,59,61,64,83,55,0,56,85,64,78,96,66,,
Data Scientist,BSc,84,1.1,55,77,2,4,64,83,55,83,0,0,68,62,40,76,75,71,,
Data Scientist,BBA,41,1.3,70,46,3,2,57,63,63,25,53,0,71,54,57,64,88,43,,
Data Scientist,BTech,82,1.9,50,79,2,3,55,81,59,53,46,2,58,46,65,63,85,62,,
Data Scientist,MTech,59,3.0,65,75,1,3,74,75,45,78,57,0,72,56,50,70,100,80,,
Data Scientist,BSc,92,0.8,60,98,2,4,73,81,58,38,60,1,91,78,45,84,83,28,,
Data Scientist,BTech,72,1.0,57,72,1,5,78,87,36,64,0,0,88,68,53,51,64,54,,
Data Scientist,MSc,56,0.9,40,78,3,2,41,52,74,52,30,0,96,30,54,66,80,48,,
Data Scientist,BBA,21,1.2,63,86,3,1,57,98,47,56,0,1,53,52,55,59,82,21,,
Data Scientist,BE,41,2.1,67,91,1,2,68,68,60,38,0,0,65,59,75,48,88,60,,
Data Scientist,BSc,72,0.7,43,68,3,6,88,81,83,59,0,1,82,65,67,70,79,43,,
Data Scientist,MSc,53,0.9,69,94,0,1,49,85,55,50,13,0,69,44,29,52,76,50,,
Data Scientist,MSc,52,2.0,48,90,2,3,68,79,67,56,0,0,56,73,71,91,85,72,,
Data Scientist,MSc,70,1.8,76,74,1,3,70,56,46,70,51,1,91,36,49,59,85,69,,
Data Scientist,BE,54,1.2,75,96,3,3,52,91,19,64,0,3,71,54,62,52,78,66,,
Data Scientist,BSc,63,1.7,65,91,1,2,54,85,34,49,0,0,42,60,38,55,70,68,,
Data Scientist,BE,60,1.2,53,80,1,4,38,76,53,71,62,0,65,52,61,56,83,64,,
Data Scientist,MBA,34,0.6,56,93,1,6,88,88,73,38,0,4,98,53,53,70,77,62,,
Data Scientist,MBA,42,0.7,42,86,2,2,45,74,56,49,0,0,79,31,48,61,84,35,,
Data Scientist,BE,70,2.4,74,81,1,3,66,79,50,61,0,1,71,54,42,62,90,61,,
Data Scientist,BE,56,5.5,73,73,3,3,61,80,57,79,0,1,49,42,50,61,77,72,,
Data Scientist,BE,79,2.5,70,98,1,6,77,90,78,66,54,4,90,69,60,72,100,52,,
Data Scientist,BE,83,4.0,70,58,2,3,52,87,55,78,0,0,79,53,68,72,74,59,,
Data Scientist,BSc,68,1.5,63,80,1,4,64,64,72,58,66,0,79,46,44,82,95,39,,
Data Scientist,BTech,62,3.3,39,88,2,4,63,74,64,56,0,0,44,65,74,50,77,42,,
Data Scientist,MBA,68,1.7,65,73,3,4,69,68,61,40,0,1,83,63,19,74,80,29,,
Data Scientist,MCA,53,2.0,68,82,1,3,75,89,61,32,0,2,66,58,71,56,70,70,,
Data Scientist,BE,73,1.4,45,58,2,4,75,70,60,62,74,0,62,81,62,85,79,50,,
Data Scientist,MSc,85,0.6,72,49,4,1,52,68,55,76,0,0,45,52,53,54,59,67,,
Data Scientist,BE,68,3.8,84,93,0,3,66,100,64,59,58,3,78,43,52,76,90,59,,
Data Scientist,BE,96,0.9,53,100,1,5,70,97,61,68,25,4,82,71,67,59,68,43,,
Data Scientist,BE,55,0.7,67,50,5,0,40,80,33,61,0,0,49,31,67,60,66,52,,
Data Scientist,BBA,45,1.6,41,83,4,3,61,80,39,48,56,0,74,42,57,53,89,62,,
Data Scientist,BTech,63,3.1,71,89,2,2,51,71,42,57,47,0,70,63,26,62,77,43,,
Data Scientist,BE,59,5.0,64,89,1,5,91,89,78,54,44,1,89,54,65,78,99,63,,
Data Scientist,BSc,40,0.4,42,100,1,4,62,76,58,41,63,3,87,70,82,88,70,40,,
Data Scientist,BCA,43,1.0,44,92,2,2,60,84,56,58,14,1,64,81,66,83,79,56,,
Data Scientist,BE,57,2.3,41,76,1,2,65,57,76,55,41,0,75,50,57,87,86,52,,
Data Scientist,BTech,67,0.6,52,94,1,2,50,67,50,42,0,1,63,64,76,43,63,19,,
Data Scientist,BTech,52,2.1,69,64,1,2,52,72,60,52,0,0,68,43,59,75,87,43,,
Data Scientist,BTech,54,3.2,67,100,1,3,71,64,64,22,63,3,83,54,90,79,82,53,,
Data Scientist,MCA,37,2.3,69,67,2,5,79,76,83,63,0,2,95,38,67,54,63,49,,
Data Scientist,MCA,49,4.2,84,92,0,4,70,81,64,49,0,3,66,72,66,34,62,84,,
Data Scientist,BE,61,2.7,74,98,1,3,66,66,49,73,14,0,79,48,42,55,82,45,,
Data Scientist,BCA,73,2.9,65,89,1,2,59,86,72,55,56,2,74,67,54,72,88,52,,
Data Scientist,BTech,74,1.3,62,89,1,1,59,77,33,64,51,1,78,34,51,79,78,58,,
Data Scientist,MBA,84,3.8,78,75,4,3,84,58,45,79,33,1,55,68,67,64,70,63,,
Data Scientist,BTech,44,1.6,79,71,3,5,73,76,73,65,43,0,97,82,83,78,69,61,,
Data Scientist,BE,80,2.0,86,71,1,3,72,88,35,65,0,2,60,54,52,57,58,82,,
Data Scientist,BE,82,1.5,49,76,3,6,75,49,75,56,52,6,95,70,52,84,86,53,,
Data Scientist,MTech,81,0.8,48,79,2,4,51,73,47,55,0,0,73,61,45,69,65,69,,
Data Scientist,BTech,25,0.5,55,92,2,3,60,92,43,46,0,0,68,42,55,53,84,65,,
Data Scientist,BCA,76,1.6,60,83,0,3,76,90,45,56,0,0,75,58,51,80,85,51,,
Data Scientist,BE,51,4.6,81,69,1,6,56,84,66,70,0,2,71,63,71,83,79,46,,
Data Scientist,BSc,54,2.7,70,98,2,3,69,67,45,62,57,0,70,66,73,74,72,50,,
Data Scientist,MBA,77,2.3,55,81,1,4,81,57,69,49,0,0,90,38,54,69,92,61,,
Data Scientist,BTech,68,0.6,43,82,5,3,54,71,41,75,52,0,83,70,69,70,75,34,,
Data Scientist,BTech,73,3.3,61,87,2,6,64,80,74,72,83,3,95,43,63,58,87,47,,
Data Scientist,MSc,74,4.4,75,87,2,5,84,89,79,50,64,5,79,66,83,85,100,68,,
Data Scientist,BTech,79,2.7,87,99,0,6,66,83,77,85,70,3,91,61,64,65,100,48,,
Data Scientist,MSc,40,0.6,50,90,2,2,60,66,31,71,0,1,62,63,45,43,73,46,,
Data Scientist,MTech,92,2.2,70,89,1,3,67,83,80,55,77,2,93,61,53,88,100,61,,
Data Scientist,MBA,76,1.0,51,68,1,4,74,69,73,46,0,1,90,37,58,65,77,40,,
Data Scientist,BE,50,1.8,66,84,1,2,63,58,60,65,0,0,92,47,32,70,71,60,,
Data Scientist,BTech,80,2.4,67,83,2,3,81,79,46,76,0,3,84,71,60,72,83,58,,
Data Scientist,MSc,59,0.5,27,74,4,2,57,58,69,49,20,0,90,36,52,64,83,56,,
Data Scientist,BTech,79,1.2,84,72,3,3,49,75,42,48,16,0,57,48,42,66,88,51,,
Data Scientist,BBA,61,1.8,55,77,5,6,67,82,57,65,72,0,89,70,66,81,98,56,,
Data Scientist,BTech,53,0.8,61,96,2,5,80,74,57,45,0,0,81,65,53,61,93,64,,
Data Scientist,BE,69,1.1,54,67,2,3,67,68,53,77,53,0,78,40,78,54,90,48,,
Data Scientist,MSc,75,0.9,63,68,2,0,48,73,43,66,0,0,45,40,51,63,73,61,,
Data Scientist,MTech,84,1.3,77,80,1,4,55,73,72,63,46,2,89,62,24,69,95,43,,
Data Scientist,MCA,48,1.9,58,98,0,5,78,98,49,55,32,0,63,68,60,60,87,86,,
Data Scientist,MSc,65,4.5,65,75,3,5,60,45,63,53,70,0,83,59,62,86,88,69,,
Data Scientist,BE,86,3.1,55,69,3,3,77,80,21,57,46,1,76,48,40,74,81,69,,
Data Scientist,BTech,72,2.9,67,86,1,4,80,95,60,48,27,0,58,63,60,81,89,49,,
Data Scientist,MSc,79,1.3,59,95,1,3,60,81,57,68,35,0,83,44,38,74,97,52,,
Data Scientist,MCA,75,0.9,60,94,2,2,39,84,49,54,14,1,58,38,62,46,70,58,,
Data Scientist,MCA,60,2.8,57,73,1,4,61,68,96,69,0,0,72,82,60,65,83,43,,
Data Scientist,MTech,54,1.5,61,88,1,2,44,74,42,59,0,0,60,74,62,55,66,53,,
Data Scientist,BBA,60,2.4,56,69,3,3,44,60,58,61,26,0,78,56,61,76,62,62,,
Data Scientist,BE,40,1.1,55,82,2,4,69,79,62,76,0,0,84,52,48,35,90,76,,
Data Scientist,BTech,78,0.5,59,82,1,3,42,64,70,58,50,0,76,53,58,70,97,57,,
Data Scientist,MTech,78,2.7,72,47,5,3,62,66,64,37,40,2,85,52,60,69,64,60,,
Data Scientist,BE,61,1.1,35,100,0,5,68,73,73,44,8,0,84,66,62,57,93,51,,
Data Scientist,MTech,35,1.5,70,90,1,3,69,53,49,29,0,0,70,54,42,57,78,60,,
Data Scientist,BE,54,1.0,57,72,3,3,76,64,39,44,66,0,74,63,52,74,85,32,,
Data Scientist,MBA,70,0.8,62,99,1,3,69,90,70,49,0,0,66,41,64,51,91,47,,
Data Scientist,BE,23,1.7,69,90,1,2,84,78,60,34,0,0,66,58,72,44,83,71,,
Data Scientist,MBA,60,1.3,55,68,3,3,53,66,68,50,47,0,93,52,66,81,81,63,,
Data Scientist,BBA,78,1.6,74,61,3,2,60,65,60,63,26,1,48,69,81,61,75,72,,
Data Scientist,BE,66,0.4,48,90,2,2,49,51,55,79,0,1,49,49,48,35,81,66,,
Data Scientist,BTech,38,1.3,60,83,1,5,82,99,50,58,26,0,84,48,63,49,85,83,,
Data Scientist,BSc,45,2.0,66,92,1,4,68,75,56,48,0,1,59,59,22,60,90,59,,
Data Scientist,MSc,75,1.1,96,53,4,3,49,69,36,60,0,2,72,52,61,67,49,55,,
Data Scientist,PhD,89,4.4,68,96,1,6,81,82,52,69,65,5,87,59,68,81,91,83,,
Data Scientist,BBA,50,1.0,70,76,2,2,63,79,52,47,21,0,47,42,39,53,86,32,,
Data Scientist,MSc,76,1.8,75,47,4,1,44,75,48,36,0,0,67,48,59,74,67,64,,
Data Scientist,BTech,47,1.7,38,78,2,4,55,72,41,51,0,0,70,37,48,56,87,52,,
Data Scientist,BSc,67,0.7,50,54,4,4,69,59,47,60,0,0,70,23,48,59,79,54,,
Data Scientist,BTech,54,0.8,44,96,1,1,37,71,48,54,0,0,54,31,46,53,80,49,,
DevOps Engineer,BE,73,0.5,100,22,6,3,42,46,39,44,96,3,78,70,89,68,56,44,,
DevOps Engineer,BE,40,2.5,86,94,2,4,82,72,46,40,15,0,78,67,67,60,100,76,,
DevOps Engineer,BE,76,1.8,50,71,3,3,57,80,75,61,61,0,77,27,52,86,100,42,,
DevOps Engineer,MCA,79,2.9,81,38,7,2,30,72,43,42,27,0,86,90,27,84,69,36,,
DevOps Engineer,BTech,79,2.0,77,24,7,3,68,63,75,23,31,3,100,70,9,52,62,78,,
DevOps Engineer,BTech,85,0.5,87,80,7,0,53,81,45,44,0,0,80,73,61,36,62,24,,
DevOps Engineer,MBA,16,1.3,67,73,1,5,48,54,58,100,60,5,100,18,76,49,93,55,,
DevOps Engineer,BBA,73,3.4,53,58,2,7,73,42,90,46,77,0,100,88,100,63,100,53,,
DevOps Engineer,BTech,84,1.8,87,96,0,3,74,69,88,64,41,0,86,52,47,80,100,60,,
DevOps Engineer,BTech,22,0.4,46,68,2,5,84,74,88,52,81,3,100,28,68,90,85,71,,
DevOps Engineer,BE,55,3.0,94,71,0,4,83,61,65,62,56,3,81,64,51,91,88,93,,
DevOps Engineer,MTech,75,0.8,43,87,3,4,66,63,54,59,4,0,59,79,90,71,41,50,,
DevOps Engineer,BSc,87,0.7,29,91,3,5,100,88,28,81,42,4,83,45,81,100,84,56,,
DevOps Engineer,BTech,75,2.1,63,54,4,5,73,75,51,40,0,3,71,68,85,55,59,56,,
DevOps Engineer,MSc,47,0.6,59,34,6,5,90,71,79,56,0,0,53,41,44,49,75,67,,
DevOps Engineer,MTech,70,0.3,82,76,6,3,60,53,65,41,74,0,82,64,56,75,85,62,,
DevOps Engineer,MSc,78,2.9,88,74,4,3,88,74,67,53,0,2,77,70,61,90,58,62,,
DevOps Engineer,MBA,74,0.8,26,98,2,2,68,95,52,78,58,0,67,73,79,43,88,67,,
DevOps Engineer,BSc,83,1.0,75,80,5,2,64,69,32,22,29,1,78,36,65,68,72,60,,
DevOps Engineer,BSc,23,1.8,70,100,0,4,62,100,60,66,58,3,99,88,52,55,100,56,,
DevOps Engineer,MSc,63,0.7,74,40,5,4,51,55,100,83,63,1,81,69,66,71,97,59,,
DevOps Engineer,MSc,89,2.5,46,91,4,3,78,100,46,71,24,0,64,66,69,82,82,60,,
DevOps Engineer,BE,89,0.9,90,61,6,0,21,93,92,35,30,0,55,49,68,43,79,85,,
DevOps Engineer,MSc,65,3.2,67,54,4,4,79,100,49,84,91,4,64,30,62,100,74,58,,
DevOps Engineer,BSc,85,3.0,75,87,0,3,75,63,60,91,71,3,99,17,42,68,78,65,,
DevOps Engineer,BE,91,3.1,56,90,2,6,91,92,59,38,52,0,87,32,67,43,70,89,,
DevOps Engineer,BCA,92,1.6,63,55,4,2,62,62,55,68,0,0,41,33,78,30,61,58,,
DevOps Engineer,MTech,24,3.1,18,100,0,2,40,74,44,81,67,0,69,48,42,62,88,64,,
DevOps Engineer,MBA,52,2.1,77,94,0,3,53,90,35,66,0,2,75,32,69,34,58,72,,
DevOps Engineer,BTech,51,1.5,82,69,3,5,76,60,90,59,0,3,42,99,65,41,53,36,,
DevOps Engineer,MSc,48,1.5,97,89,1,5,71,74,32,52,87,0,83,42,57,97,99,34,,
DevOps Engineer,MBA,54,3.0,59,54,1,2,22,83,32,59,0,1,59,50,49,32,75,56,,
DevOps Engineer,BSc,33,1.0,75,75,3,3,69,79,63,76,76,2,88,77,43,54,100,89,,
DevOps Engineer,MSc,88,1.0,97,86,3,3,78,95,53,29,100,0,83,97,90,94,64,64,,
DevOps Engineer,BE,92,3.1,65,68,3,2,67,94,43,95,17,0,90,29,56,41,64,80,,
DevOps Engineer,BTech,85,4.0,62,100,0,6,41,72,73,52,35,1,100,91,50,62,84,47,,
DevOps Engineer,MBA,81,0.6,76,53,5,1,76,67,21,52,62,0,74,84,44,100,77,73,,
DevOps Engineer,BE,86,0.7,45,77,3,4,52,88,74,62,80,0,62,50,72,87,86,48,,
DevOps Engineer,BCA,89,1.0,57,100,0,3,73,90,63,22,0,3,87,55,59,46,57,43,,
DevOps Engineer,BSc,63,1.7,60,99,0,3,58,93,91,65,41,3,71,66,42,57,70,53,,
DevOps Engineer,BTech,61,4.3,74,100,2,3,77,84,52,30,0,1,71,36,63,55,44,75,,
DevOps Engineer,MBA,35,3.6,59,43,5,2,58,84,79,70,0,0,45,24,40,70,99,67,,
DevOps Engineer,BBA,73,2.7,92,94,1,4,72,91,53,76,0,0,76,62,71,15,88,49,,
DevOps Engineer,MSc,59,2.4,97,79,1,0,50,82,26,30,0,0,47,64,58,42,54,42,,
DevOps Engineer,MSc,17,1.5,58,89,5,2,76,80,67,47,0,0,89,58,49,40,62,42,,
DevOps Engineer,BTech,84,2.4,75,84,3,3,44,74,20,19,62,0,93,16,66,72,62,67,,
DevOps Engineer,BE,70,1.2,40,82,2,2,76,74,21,26,35,0,59,36,52,90,94,67,,
DevOps Engineer,Diploma,81,1.7,64,78,4,6,73,67,78,66,50,3,86,97,58,79,100,64,,
DevOps Engineer,BTech,20,0.1,75,87,3,0,45,90,57,28,0,0,23,44,63,50,73,50,,
DevOps Engineer,MCA,95,3.0,100,86,3,2,76,65,44,83,57,2,60,66,56,97,88,65,,
DevOps Engineer,BE,47,0.1,58,100,1,4,61,100,28,37,62,3,93,56,77,80,96,60,,
DevOps Engineer,MCA,79,0.6,77,49,6,0,35,64,52,72,27,0,65,49,46,61,68,72,,
DevOps Engineer,BE,96,0.5,45,67,0,3,40,100,45,26,50,2,58,62,71,50,84,56,,
DevOps Engineer,MBA,8,2.6,80,89,3,5,78,97,25,90,70,4,100,49,35,85,99,61,,
DevOps Engineer,BE,81,0.5,89,72,1,0,48,65,79,76,68,0,67,57,22,77,95,16,,
DevOps Engineer,BSc,95,2.8,48,100,1,2,59,100,59,35,11,0,68,73,31,57,82,50,,
DevOps Engineer,MSc,68,5.1,65,100,0,4,72,83,58,57,100,0,96,80,71,69,99,80,,
DevOps Engineer,BE,86,5.0,62,72,4,0,84,75,48,20,0,0,57,54,76,49,30,78,,
DevOps Engineer,PhD,77,5.1,90,100,1,2,65,80,42,53,62,2,73,49,61,86,97,57,,
DevOps Engineer,BTech,64,3.3,71,64,5,3,73,85,34,53,100,1,90,50,40,78,84,30,,
DevOps Engineer,MCA,51,0.8,76,100,0,1,75,73,36,63,26,1,80,68,43,59,76,71,,
DevOps Engineer,MBA,53,3.7,60,86,1,3,76,94,45,48,83,0,54,62,19,100,85,83,,
DevOps Engineer,Diploma,78,5.1,87,90,2,2,57,82,58,41,20,1,91,53,58,50,48,48,,
DevOps Engineer,MSc,75,0.7,69,70,3,2,71,76,49,38,34,0,68,48,19,62,72,46,,
DevOps Engineer,BE,75,1.3,75,57,4,2,85,59,59,62,46,0,59,52,26,85,75,30,,
DevOps Engineer,BSc,38,4.6,54,64,5,5,68,53,71,47,70,1,77,44,47,73,78,73,,
DevOps Engineer,BTech,74,0.0,38,93,3,6,51,79,39,62,17,0,80,49,80,49,78,32,,
DevOps Engineer,BE,69,1.5,75,100,1,0,47,85,55,53,38,0,86,71,100,54,84,56,,
DevOps Engineer,MSc,89,0.4,75,54,2,2,70,66,51,50,18,0,47,83,62,83,50,80,,
DevOps Engineer,BTech,86,3.2,71,83,2,6,73,84,83,63,60,0,71,37,53,93,75,41,,
DevOps Engineer,BCA,29,2.3,61,100,1,3,63,70,62,67,41,2,100,49,46,43,97,84,,
DevOps Engineer,BTech,78,0.2,17,74,4,2,63,71,56,75,0,1,61,54,49,61,80,62,,
DevOps Engineer,BE,73,1.3,45,67,4,2,86,59,49,60,62,0,76,57,59,84,93,51,,
DevOps Engineer,BTech,78,1.2,71,95,0,2,33,77,27,54,56,1,76,65,61,72,100,75,,
DevOps Engineer,BE,75,1.3,65,90,1,2,86,75,58,30,61,2,90,56,80,85,84,52,,
DevOps Engineer,MSc,34,0.1,56,38,5,5,79,64,44,81,39,5,99,66,38,81,78,83,,
DevOps Engineer,MCA,90,1.0,77,88,3,1,56,78,27,73,0,1,73,62,41,43,73,68,,
DevOps Engineer,BE,88,0.9,90,62,3,6,77,65,38,35,60,2,100,26,63,61,98,71,,
DevOps Engineer,MBA,60,0.9,61,68,2,1,12,71,23,39,0,0,64,82,49,20,54,46,,
DevOps Engineer,MSc,65,7.1,100,93,0,3,88,89,95,42,70,2,100,69,65,92,100,81,,
DevOps Engineer,BTech,53,0.6,14,100,0,4,85,71,34,33,55,0,100,35,65,74,55,63,,
DevOps Engineer,BCA,61,1.4,71,69,0,1,42,82,40,79,43,1,60,80,55,51,67,72,,
DevOps Engineer,MTech,73,1.6,73,68,3,3,48,96,80,47,21,0,86,59,44,57,100,70,,
DevOps Engineer,BE,74,0.8,43,90,1,2,52,66,35,44,0,0,50,65,49,70,64,32,,
DevOps Engineer,BBA,70,0.3,74,50,5,2,62,68,41,55,59,0,83,79,65,62,76,51,,
DevOps Engineer,MBA,79,0.3,53,62,3,0,38,68,50,33,17,0,94,55,59,72,58,34,,
DevOps Engineer,BE,11,2.3,57,84,2,6,91,64,69,73,0,3,91,36,38,100,70,64,,
DevOps Engineer,MTech,39,1.5,55,62,3,4,37,64,24,42,0,2,72,74,42,44,53,63,,
DevOps Engineer,BTech,13,0.9,74,100,0,2,21,100,55,69,0,0,39,60,57,76,87,39,,
DevOps Engineer,BE,87,0.8,65,49,5,0,49,29,48,62,0,0,78,66,61,23,51,48,,
DevOps Engineer,BBA,74,0.7,84,85,3,0,54,64,46,25,54,0,79,53,41,74,84,92,,
DevOps Engineer,BSc,94,4.9,97,100,0,7,100,78,62,63,75,6,99,55,39,72,64,59,,
DevOps Engineer,BCA,64,1.8,19,59,3,4,72,68,50,86,50,0,77,49,89,77,62,66,,
DevOps Engineer,MBA,80,1.2,66,95,0,6,59,100,38,94,38,0,81,61,94,100,69,69,,
DevOps Engineer,BE,87,2.6,69,76,3,6,98,95,45,68,64,6,94,65,57,86,74,65,,
DevOps Engineer,BTech,91,1.6,100,100,0,3,82,88,27,14,0,3,68,55,50,65,57,48,,
DevOps Engineer,Diploma,97,0.2,28,85,2,4,51,77,61,72,34,4,97,40,51,88,59,74,,
DevOps Engineer,BTech,65,0.5,43,95,1,2,56,62,62,64,0,0,44,56,52,57,90,39,,
DevOps Engineer,MSc,95,1.0,57,65,5,2,57,70,54,45,53,0,56,18,54,48,60,53,,
DevOps Engineer,MCA,67,9.3,78,100,0,9,85,83,45,89,81,5,100,39,50,58,90,65,,
DevOps Engineer,MCA,47,1.0,65,77,2,5,96,91,59,58,46,4,86,52,50,49,66,44,,
DevOps Engineer,BSc,98,1.4,39,100,0,3,91,59,65,58,27,1,96,53,45,71,100,73,,
DevOps Engineer,BTech,34,4.4,45,100,0,3,79,65,30,58,53,2,82,67,55,65,96,68,,
DevOps Engineer,MBA,98,2.2,72,69,4,3,30,67,24,53,41,3,44,78,70,68,68,66,,
DevOps Engineer,BBA,38,13.2,78,76,2,3,78,84,90,45,100,2,74,30,28,100,100,99,,
DevOps Engineer,BSc,42,1.9,37,92,0,3,67,100,45,67,57,0,21,58,8,75,97,51,,
DevOps Engineer,BE,83,2.8,82,78,0,2,82,69,55,81,0,2,40,73,11,37,72,46,,
DevOps Engineer,BCA,30,0.6,82,77,4,3,60,76,65,40,0,3,83,34,44,59,87,51,,
DevOps Engineer,MCA,68,3.4,93,38,6,5,38,80,60,49,70,5,98,33,70,79,82,89,,
DevOps Engineer,MBA,19,0.4,70,100,3,0,59,97,35,84,0,0,35,40,65,42,63,61,,
DevOps Engineer,BSc,88,0.6,78,100,0,0,56,75,55,40,38,0,64,50,54,48,92,50,,
DevOps Engineer,BTech,74,1.9,47,100,0,2,88,79,46,49,69,1,78,68,40,70,44,42,,
DevOps Engineer,MTech,60,1.3,63,100,0,2,44,100,45,53,0,0,59,31,49,59,87,100,,
DevOps Engineer,BTech,75,0.5,46,67,4,1,49,100,61,12,0,0,35,96,34,30,63,34,,
DevOps Engineer,Diploma,74,0.9,58,73,6,4,85,51,41,73,43,0,100,49,27,77,67,71,,
DevOps Engineer,BE,50,1.0,66,100,1,2,58,89,57,77,93,0,69,28,73,47,72,70,,
DevOps Engineer,MCA,73,1.1,81,53,4,4,44,48,63,92,71,0,51,71,71,60,99,26,,
DevOps Engineer,MSc,69,0.7,69,33,6,0,76,77,17,49,0,0,43,47,41,40,60,59,,
DevOps Engineer,BTech,89,1.7,45,55,4,3,51,45,60,54,0,0,22,60,71,55,69,60,,
DevOps Engineer,MSc,93,3.8,43,86,2,5,72,91,85,27,0,5,78,83,57,90,90,46,,
DevOps Engineer,BTech,83,2.9,91,43,4,5,52,80,66,82,71,0,97,34,54,66,67,52,,
DevOps Engineer,BTech,69,1.8,89,65,5,3,63,72,60,52,22,1,72,54,61,84,54,13,,
DevOps Engineer,BCA,88,7.2,66,84,2,7,100,100,77,65,98,4,75,52,57,96,73,75,,
DevOps Engineer,BCA,87,1.6,70,51,0,4,81,82,60,63,44,2,69,55,60,43,88,22,,
DevOps Engineer,MBA,64,1.1,53,74,2,4,66,71,69,64,0,0,70,84,82,66,85,28,,
DevOps Engineer,BCA,80,0.5,44,81,0,5,81,64,53,52,53,0,98,56,100,99,100,70,,
DevOps Engineer,BE,46,0.9,73,71,3,2,46,84,42,56,61,0,75,45,37,77,92,26,,
DevOps Engineer,BTech,93,1.5,68,100,2,0,73,82,62,30,54,0,68,52,66,100,68,34,,
DevOps Engineer,BTech,64,3.0,81,100,1,3,39,97,80,81,65,3,76,51,56,37,79,31,,
DevOps Engineer,BTech,54,5.0,69,91,0,1,81,54,77,58,67,1,57,58,71,61,100,42,,
DevOps Engineer,BBA,88,0.9,77,72,5,4,89,99,100,71,53,1,100,36,100,73,88,64,,
DevOps Engineer,MTech,74,0.5,77,100,0,2,29,92,27,58,51,2,59,57,54,63,99,18,,
DevOps Engineer,BTech,69,0.8,94,58,4,6,41,84,48,48,91,3,77,75,73,71,97,47,,
DevOps Engineer,BCA,85,1.7,50,51,3,4,70,66,52,92,39,2,73,68,62,85,52,49,,
DevOps Engineer,MCA,58,7.7,75,98,3,5,78,51,95,52,100,1,97,60,55,95,100,79,,
DevOps Engineer,MCA,51,6.8,92,100,0,1,55,87,83,25,74,0,50,63,27,60,93,78,,
DevOps Engineer,BSc,80,2.8,87,48,5,4,70,81,67,62,77,0,50,81,45,70,57,31,,
DevOps Engineer,BE,98,0.2,37,56,2,3,58,60,31,44,0,0,73,61,66,72,27,40,,
DevOps Engineer,BBA,83,1.1,60,74,2,5,64,73,76,83,0,3,87,61,90,87,74,42,,
DevOps Engineer,MTech,76,5.7,82,82,0,4,58,71,78,68,65,0,58,41,26,79,91,71,,
DevOps Engineer,BTech,80,1.2,89,92,0,1,33,76,47,51,0,1,49,81,59,39,52,34,,
DevOps Engineer,MTech,44,1.6,65,100,1,4,70,100,43,66,78,0,100,86,33,99,100,33,,
DevOps Engineer,MTech,83,0.8,38,49,5,1,37,64,51,47,0,1,72,50,54,36,81,61,,
DevOps Engineer,BTech,36,2.5,69,48,4,3,65,50,41,100,0,0,57,76,42,63,73,65,,
DevOps Engineer,BTech,78,3.4,57,78,0,4,62,100,52,50,71,1,78,81,48,59,82,34,,
DevOps Engineer,MCA,66,2.4,100,83,2,4,46,74,44,28,69,2,74,69,48,63,70,59,,
DevOps Engineer,BTech,65,2.4,55,72,1,6,78,79,66,70,0,2,52,52,67,80,95,20,,
DevOps Engineer,BBA,88,1.2,66,97,2,4,68,92,54,63,84,2,76,62,64,73,88,35,,
DevOps Engineer,MCA,61,0.7,84,78,5,3,66,100,49,56,49,3,81,35,48,91,79,41,,
DevOps Engineer,BE,78,1.5,60,60,4,2,63,81,57,100,75,0,81,63,58,75,79,22,,
DevOps Engineer,BTech,26,2.1,100,76,4,6,79,91,67,65,58,2,100,62,51,77,82,75,,
DevOps Engineer,BCA,85,0.1,57,62,6,5,100,56,71,52,0,0,50,69,58,47,68,60,,
DevOps Engineer,BTech,78,0.6,42,72,2,4,58,87,42,45,0,2,82,42,53,77,61,53,,
DevOps Engineer,MSc,93,1.5,57,85,2,2,22,51,54,100,0,0,60,32,71,45,85,48,,
DevOps Engineer,BE,27,1.1,64,100,0,3,74,83,41,73,0,0,53,56,75,18,56,41,,
DevOps Engineer,MTech,21,1.0,100,43,5,4,64,23,38,68,78,0,94,24,52,85,57,21,,
DevOps Engineer,MCA,79,0.0,91,72,1,2,53,76,59,86,0,0,58,72,45,49,88,35,,
DevOps Engineer,MSc,47,0.5,56,53,3,2,66,87,18,66,0,1,88,56,78,45,65,63,,
DevOps Engineer,MSc,85,1.9,63,60,2,3,53,80,56,53,58,0,75,77,75,74,100,52,,
DevOps Engineer,BE,31,1.2,49,80,3,3,60,77,46,46,0,2,92,28,80,52,45,73,,
DevOps Engineer,MBA,72,1.3,55,100,2,3,99,69,51,50,0,1,93,48,44,41,100,76,,
DevOps Engineer,MTech,90,0.5,50,77,4,4,57,73,69,55,69,3,87,30,95,59,88,23,,
DevOps Engineer,BTech,92,0.2,68,100,2,0,39,100,54,47,0,0,51,46,57,69,73,60,,
DevOps Engineer,MTech,89,1.5,77,97,0,6,76,64,39,40,52,6,97,44,64,45,100,44,,
DevOps Engineer,BTech,42,0.8,50,100,2,2,44,100,44,37,47,1,73,78,68,53,100,47,,
DevOps Engineer,BSc,91,3.1,100,90,3,4,78,80,52,66,0,2,72,63,85,65,88,36,,
DevOps Engineer,MTech,50,2.1,75,94,2,2,44,85,33,33,39,0,74,54,78,53,77,73,,
DevOps Engineer,MCA,62,2.7,65,70,5,2,28,97,60,18,56,1,66,53,29,50,78,29,,
DevOps Engineer,MTech,78,0.5,84,100,0,2,71,91,50,63,0,1,37,60,21,85,50,52,,
DevOps Engineer,MTech,17,0.4,42,41,5,2,52,73,34,54,48,0,48,73,57,60,88,41,,
DevOps Engineer,MTech,79,1.3,82,75,3,3,60,96,69,39,49,0,85,72,61,71,86,67,,
DevOps Engineer,MCA,66,1.4,69,95,2,3,63,91,36,69,0,1,87,76,36,72,87,49,,
DevOps Engineer,BSc,83,3.2,89,78,2,6,72,63,62,77,76,3,77,62,56,66,80,43,,
DevOps Engineer,BE,79,0.2,70,67,2,0,43,68,63,52,38,0,81,56,41,73,74,25,,
DevOps Engineer,BE,42,2.0,56,72,3,3,67,85,47,58,0,3,82,29,74,69,57,68,,
DevOps Engineer,BTech,60,1.8,82,67,4,3,70,72,46,65,0,0,69,87,65,79,68,65,,
DevOps Engineer,BE,57,2.8,70,84,2,3,59,83,49,57,80,0,83,61,51,71,95,52,,
DevOps Engineer,MCA,38,3.8,92,63,3,6,71,44,40,76,78,0,96,29,51,74,68,39,,
DevOps Engineer,BBA,82,1.0,77,76,2,4,70,66,39,46,56,3,92,58,65,52,90,46,,
DevOps Engineer,BE,72,1.1,50,96,2,3,82,68,44,47,0,1,79,55,46,52,87,60,,
DevOps Engineer,MCA,81,0.3,74,73,2,3,54,80,65,77,0,0,61,63,57,62,87,40,,
DevOps Engineer,BE,79,1.1,47,72,3,3,70,72,61,61,70,0,71,52,64,85,89,50,,
DevOps Engineer,BTech,67,1.8,68,69,3,3,49,70,61,57,30,2,68,45,60,67,87,62,,
DevOps Engineer,MCA,67,4.7,63,83,3,4,67,65,85,55,80,0,86,44,54,89,100,59,,
DevOps Engineer,MBA,55,0.8,69,97,3,2,64,94,43,74,43,1,56,51,66,56,76,48,,
DevOps Engineer,BE,82,0.7,62,58,5,4,73,67,32,63,68,4,82,58,84,84,71,49,,
DevOps Engineer,MSc,74,0.8,52,83,2,2,58,70,40,42,12,0,57,59,37,68,66,37,,
DevOps Engineer,BTech,68,1.4,74,49,3,5,62,66,54,59,40,2,63,59,76,74,78,30,,
DevOps Engineer,MSc,84,2.9,69,85,3,2,75,87,63,46,0,1,72,71,48,75,69,56,,
DevOps Engineer,BTech,47,2.6,47,97,0,2,52,72,61,75,57,0,77,49,44,69,93,63,,
DevOps Engineer,BCA,50,4.1,62,87,4,4,86,89,72,55,0,0,83,55,53,66,68,57,,
DevOps Engineer,MBA,82,1.0,66,74,2,3,55,66,42,79,23,0,79,64,78,64,61,59,,
DevOps Engineer,BSc,92,0.4,28,87,2,4,72,82,47,76,39,4,92,42,63,93,70,66,,
DevOps Engineer,BTech,64,0.9,64,67,3,3,62,81,73,33,0,1,39,98,48,36,58,35,,
DevOps Engineer,BBA,86,0.6,68,68,5,5,93,80,87,62,27,0,76,52,80,61,78,62,,
DevOps Engineer,BTech,77,1.0,50,80,2,1,62,73,49,42,41,0,87,61,50,70,51,38,,
DevOps Engineer,MTech,38,2.5,46,97,0,3,47,82,39,74,0,0,73,41,55,50,75,68,,
DevOps Engineer,BSc,61,3.4,83,89,0,6,78,68,60,80,67,5,100,40,54,63,76,56,,
DevOps Engineer,BE,74,1.5,59,80,3,2,81,77,55,74,0,0,87,56,51,58,89,50,,
DevOps Engineer,BTech,41,2.2,100,79,3,5,66,85,58,51,63,2,89,65,50,72,78,68,,
DevOps Engineer,BTech,85,1.4,66,38,4,3,59,77,64,26,37,3,86,68,31,51,69,70,,
DevOps Engineer,MCA,83,2.0,83,69,4,3,49,79,39,64,28,2,82,51,51,57,77,76,,
DevOps Engineer,BTech,80,1.0,70,70,5,3,61,72,65,53,45,2,80,42,79,71,72,18,,
DevOps Engineer,MBA,67,1.1,63,73,3,3,37,69,46,51,22,1,72,88,53,43,72,54,,
DevOps Engineer,BCA,83,1.0,57,88,2,3,78,73,54,43,19,2,92,52,45,59,61,55,,
DevOps Engineer,MBA,56,0.7,75,94,3,1,57,87,31,78,0,1,56,52,52,43,70,65,,
DevOps Engineer,Diploma,81,0.9,67,79,5,3,72,62,34,72,0,0,88,55,34,64,71,71,,
DevOps Engineer,BCA,88,0.9,78,71,6,1,56,73,49,53,0,0,65,60,66,35,61,37,,
DevOps Engineer,BTech,49,2.9,43,89,1,3,71,72,34,52,0,2,82,57,55,70,84,63,,
DevOps Engineer,BE,30,2.3,95,83,3,5,80,85,60,56,44,0,93,62,57,72,89,76,,
DevOps Engineer,BSc,87,5.3,72,85,1,5,89,83,70,76,83,4,87,36,51,84,75,70,,
DevOps Engineer,BE,78,1.6,74,67,2,6,77,72,51,51,34,2,77,38,63,70,97,49,,
DevOps Engineer,BTech,38,0.5,74,90,2,1,40,86,45,38,20,0,41,50,63,57,83,59,,
DevOps Engineer,BE,79,1.9,42,87,3,3,77,87,34,48,30,0,62,52,61,85,87,62,,
DevOps Engineer,BSc,86,1.4,81,78,2,2,61,77,60,48,55,0,58,62,51,56,79,42,,
DevOps Engineer,BSc,70,0.9,56,81,1,2,49,80,71,50,29,2,84,61,51,64,64,44,,
DevOps Engineer,BSc,90,1.8,54,87,1,3,64,69,60,81,56,3,98,28,46,76,70,69,,
DevOps Engineer,MTech,46,2.3,43,87,2,1,33,80,62,63,55,0,64,49,51,56,83,72,,
DevOps Engineer,BBA,84,1.1,66,96,1,5,64,97,44,80,57,0,78,62,82,89,76,55,,
DevOps Engineer,Diploma,75,3.3,66,89,2,5,72,75,69,62,74,2,90,90,65,74,100,72,,
DevOps Engineer,BTech,77,1.6,87,69,3,2,53,71,55,46,59,0,86,47,47,71,77,76,,
DevOps Engineer,MCA,81,3.8,73,53,6,1,55,73,45,34,14,0,73,73,50,68,51,55,,
DevOps Engineer,BTech,52,2.0,86,69,3,5,68,87,63,60,59,1,89,67,61,76,90,66,,
DevOps Engineer,BE,55,3.8,81,96,0,3,75,95,64,40,67,2,97,62,70,86,97,70,,
DevOps Engineer,BTech,87,1.6,72,80,1,3,66,59,78,61,26,0,62,56,56,70,89,59,,
DevOps Engineer,MBA,47,2.9,86,79,3,4,82,83,48,70,29,3,86,61,51,88,75,62,,
DevOps Engineer,MTech,81,1.8,79,90,2,3,53,80,31,35,0,0,72,33,48,76,58,61,,
DevOps Engineer,BTech,47,0.4,44,58,4,5,88,71,63,49,19,0,70,39,50,58,68,66,,
DevOps Engineer,BE,77,1.0,60,75,2,4,76,69,27,31,46,0,75,32,57,78,95,68,,
DevOps Engineer,MCA,62,1.7,77,75,3,1,58,72,38,55,26,0,82,76,36,69,72,57,,
DevOps Engineer,BSc,95,1.5,54,99,1,2,82,71,63,44,43,0,83,54,55,85,83,53,,
DevOps Engineer,MSc,48,0.7,58,35,6,1,67,76,24,51,18,0,46,58,47,48,72,53,,
DevOps Engineer,BTech,73,2.8,65,79,1,5,76,72,63,80,29,2,74,36,55,76,87,40,,
DevOps Engineer,BTech,22,2.1,38,95,1,1,42,80,49,62,0,0,52,46,49,58,83,58,,
DevOps Engineer,Diploma,81,0.8,74,79,5,4,82,70,46,53,68,0,91,71,56,86,65,68,,
DevOps Engineer,BSc,66,2.5,57,86,2,4,70,74,67,33,30,2,82,50,53,58,66,56,,
DevOps Engineer,MCA,72,5.5,63,94,1,7,77,74,48,75,48,0,83,56,67,63,69,58,,
DevOps Engineer,MSc,63,0.7,52,63,3,3,61,88,42,65,0,1,77,52,75,64,74,56,,
DevOps Engineer,BTech,71,1.4,67,88,2,2,85,86,60,44,50,0,78,52,58,75,67,38,,
DevOps Engineer,MSc,79,1.2,59,82,2,2,50,79,45,53,18,2,74,52,55,67,58,59,,
DevOps Engineer,BTech,54,2.1,67,93,1,3,44,80,66,42,17,0,63,69,56,57,78,49,,
DevOps Engineer,MSc,29,1.1,57,75,4,2,72,82,49,54,0,0,90,57,59,42,63,50,,
DevOps Engineer,MBA,57,1.4,57,82,3,4,61,91,56,72,76,1,76,50,59,86,91,52,,
DevOps Engineer,MTech,66,3.0,59,83,1,5,39,68,53,47,0,1,87,83,47,56,72,52,,
DevOps Engineer,MTech,64,0.6,70,75,2,3,52,84,45,57,0,1,57,51,50,59,90,37,,
DevOps Engineer,MCA,59,1.1,62,85,3,2,57,78,36,60,0,1,82,45,61,48,58,70,,
DevOps Engineer,BE,78,2.1,74,84,1,2,85,72,57,54,32,2,65,65,45,62,77,49,,
DevOps Engineer,BCA,65,0.7,60,91,0,3,78,68,45,58,42,0,89,61,70,80,88,70,,
DevOps Engineer,BE,71,2.4,58,64,3,3,68,88,65,70,70,0,72,27,56,93,89,49,,
DevOps Engineer,BTech,81,1.9,41,85,2,5,83,92,38,67,53,3,80,61,66,83,83,46,,
DevOps Engineer,BSc,32,1.2,58,100,1,3,52,100,50,48,52,2,83,81,61,52,100,50,,
DevOps Engineer,BCA,55,1.9,50,78,3,3,55,78,41,57,45,0,76,51,83,63,71,69,,
DevOps Engineer,MSc,88,1.1,71,80,1,1,55,78,55,46,47,0,67,63,63,61,95,52,,
DevOps Engineer,BE,60,1.2,56,81,3,2,53,90,52,69,61,0,77,70,62,63,89,34,,
DevOps Engineer,BCA,91,1.1,62,99,1,2,73,86,63,27,28,1,76,53,63,75,63,37,,
DevOps Engineer,MSc,61,2.4,66,70,3,3,71,97,51,82,90,0,65,30,65,81,72,63,,
DevOps Engineer,BCA,95,1.0,49,57,3,2,61,61,44,55,0,0,56,48,73,49,46,50,,
DevOps Engineer,BSc,82,2.0,59,93,1,2,75,85,58,31,41,1,80,64,62,74,84,52,,
DevOps Engineer,BTech,69,3.0,59,86,1,5,39,69,55,50,0,1,90,85,47,55,72,54,,
DevOps Engineer,BTech,72,0.7,58,48,4,1,68,81,26,47,0,1,58,46,46,56,61,57,,
DevOps Engineer,BE,82,2.6,75,53,4,4,55,79,69,75,69,0,90,30,54,72,80,48,,
DevOps Engineer,BTech,90,0.9,84,99,1,2,61,93,40,30,0,0,61,49,54,66,66,54,,
DevOps Engineer,BBA,83,2.2,82,57,5,4,77,88,79,67,70,0,69,64,68,71,69,42,,
DevOps Engineer,MTech,39,5.3,62,100,0,1,48,81,67,48,73,0,58,58,34,60,91,73,,
DevOps Engineer,BTech,51,2.1,55,100,1,2,76,74,55,58,55,1,89,58,43,56,72,64,,
DevOps Engineer,MBA,34,0.6,69,88,3,3,79,94,47,70,23,0,64,46,57,45,64,52,,
DevOps Engineer,MSc,84,1.1,69,60,4,3,50,58,59,67,62,0,55,43,62,53,79,38,,
DevOps Engineer,MBA,67,4.5,73,71,0,3,44,75,59,65,0,0,58,45,36,59,85,63,,
DevOps Engineer,BE,87,1.4,93,77,2,1,59,65,65,78,62,0,64,60,35,86,92,37,,
DevOps Engineer,MBA,96,1.4,65,67,5,3,46,69,42,48,48,0,51,45,62,58,64,59,,
DevOps Engineer,MTech,85,3.4,49,62,4,4,63,79,62,55,0,2,74,51,56,60,78,67,,
DevOps Engineer,BE,83,1.1,79,68,1,1,51,72,71,67,64,0,70,64,41,76,97,30,,
DevOps Engineer,MCA,47,2.1,83,66,5,3,47,87,49,64,0,3,69,37,68,62,73,78,,
DevOps Engineer,BSc,34,2.2,68,59,4,3,63,82,72,73,0,1,68,54,41,61,100,78,,
DevOps Engineer,MCA,72,2.4,65,75,5,4,50,82,69,42,54,2,76,74,43,64,88,47,,
DevOps Engineer,BE,85,2.1,59,64,2,3,62,53,58,64,0,0,29,65,48,48,70,55,,
DevOps Engineer,MBA,70,2.4,70,36,5,3,52,70,58,37,21,2,84,62,24,44,66,70,,
DevOps Engineer,BE,87,0.4,51,61,2,2,63,66,38,41,0,0,70,56,48,68,46,43,,
DevOps Engineer,BTech,56,2.0,49,75,2,4,69,89,48,54,0,1,43,62,43,65,79,54,,
DevOps Engineer,MBA,77,1.0,74,66,4,2,40,84,84,47,17,0,62,64,74,52,82,61,,
DevOps Engineer,BSc,64,1.4,60,84,1,2,38,84,61,53,24,2,69,73,46,41,63,50,,
DevOps Engineer,BTech,29,0.6,68,76,3,2,42,79,44,33,0,1,43,56,53,48,65,55,,
DevOps Engineer,MSc,83,1.3,51,86,2,3,45,56,53,80,0,0,59,54,80,57,64,48,,
DevOps Engineer,BTech,49,0.3,68,73,4,4,69,62,76,45,79,1,90,49,61,82,85,67,,
DevOps Engineer,BSc,81,5.5,91,94,2,6,81,81,50,76,0,3,83,53,70,61,89,49,,
DevOps Engineer,BE,73,1.0,61,84,2,0,49,92,57,33,20,0,61,83,68,42,74,46,,
DevOps Engineer,MBA,40,2.8,75,83,1,4,55,64,49,82,60,4,88,30,70,63,93,55,,
DevOps Engineer,MBA,39,1.0,75,76,3,4,57,79,54,77,53,4,89,26,62,70,86,48,,
DevOps Engineer,Diploma,71,1.4,77,69,5,3,71,62,51,59,30,0,83,51,48,81,59,35,,
DevOps Engineer,MCA,44,2.9,43,86,3,2,33,85,51,49,62,0,67,50,34,55,82,45,,
DevOps Engineer,BBA,90,2.3,93,84,4,4,84,87,69,67,0,2,82,53,90,68,88,46,,
DevOps Engineer,BTech,46,1.4,68,74,4,5,73,83,63,69,0,1,85,60,50,70,82,70,,
DevOps Engineer,BTech,38,1.8,72,62,4,3,66,64,52,87,0,0,74,77,43,59,85,77,,
DevOps Engineer,MCA,30,3.4,70,94,3,2,69,83,74,38,29,0,76,60,41,46,75,57,,
DevOps Engineer,BCA,55,2.3,59,51,5,3,75,72,77,63,0,0,47,43,48,62,85,65,,
DevOps Engineer,BCA,83,3.8,77,66,0,4,69,76,69,67,54,1,62,48,42,62,90,47,,
DevOps Engineer,MTech,77,1.1,66,91,2,1,51,79,60,55,50,1,85,55,99,56,86,44,,
DevOps Engineer,MTech,54,1.2,50,68,2,4,52,64,35,46,20,1,81,69,62,64,70,65,,
DevOps Engineer,BCA,64,1.1,42,86,0,4,75,78,49,57,55,0,67,56,64,90,98,63,,
DevOps Engineer,MSc,75,1.3,68,77,2,3,48,56,69,82,0,0,52,61,69,43,70,43,,
DevOps Engineer,MTech,72,1.7,79,67,4,3,53,87,72,47,21,0,81,58,51,69,81,48,,
DevOps Engineer,BTech,77,0.7,56,95,2,5,59,75,58,62,24,0,82,50,68,61,86,42,,
DevOps Engineer,MTech,76,1.0,84,86,3,3,66,61,76,52,59,0,83,58,52,78,93,60,,
DevOps Engineer,BBA,81,0.9,54,92,1,3,60,81,46,53,0,0,63,61,57,71,75,33,,
DevOps Engineer,BSc,81,1.0,69,82,4,2,73,71,42,25,42,1,82,44,71,75,76,56,,
DevOps Engineer,BE,59,1.5,54,77,2,3,62,63,51,63,0,0,37,58,73,37,63,51,,
DevOps Engineer,BTech,63,3.3,64,83,1,1,66,58,69,49,49,1,70,57,68,65,84,38,,
DevOps Engineer,BE,55,2.8,79,100,0,5,85,81,50,69,32,2,72,54,59,40,59,50,,
DevOps Engineer,BTech,72,0.5,93,66,2,4,49,80,54,67,0,0,67,74,58,60,92,39,,
DevOps Engineer,BCA,62,1.1,71,59,2,2,44,72,65,79,50,1,71,75,59,59,78,66,,
DevOps Engineer,BSc,55,1.6,40,80,2,3,75,82,47,64,58,0,44,58,28,79,96,51,,
DevOps Engineer,BSc,38,1.8,46,76,1,3,52,80,34,54,0,0,50,65,26,59,74,58,,
DevOps Engineer,BBA,64,1.6,53,84,3,3,70,90,79,74,58,1,87,41,78,68,88,64,,
DevOps Engineer,BE,75,3.4,58,93,1,4,65,85,64,59,92,0,83,69,72,75,95,68,,
DevOps Engineer,BSc,92,1.9,41,95,2,3,75,94,45,54,23,0,75,61,53,76,82,52,,
DevOps Engineer,BE,88,0.7,68,77,1,2,44,69,41,49,0,1,59,73,61,52,41,35,,
DevOps Engineer,MCA,72,4.4,66,100,2,4,76,70,80,37,0,2,93,57,57,71,79,61,,
DevOps Engineer,BTech,54,1.0,54,64,3,3,73,78,70,80,77,0,89,48,62,80,82,42,,
DevOps Engineer,MCA,30,0.4,72,100,2,0,65,88,35,75,0,0,52,51,57,50,69,66,,
DevOps Engineer,BTech,83,0.8,62,87,2,3,46,76,49,55,62,2,81,47,79,66,94,47,,
DevOps Engineer,MSc,89,2.6,83,77,3,4,68,79,53,61,24,0,73,69,81,67,93,43,,
DevOps Engineer,MCA,75,1.9,55,94,1,3,80,68,39,57,56,1,81,49,60,86,71,63,,
DevOps Engineer,BSc,89,1.8,47,92,0,3,69,85,57,42,27,0,82,67,59,74,89,58,,
DevOps Engineer,BE,78,1.5,66,89,1,3,75,71,59,47,39,0,73,44,49,85,98,63,,
DevOps Engineer,MBA,55,1.9,78,63,5,1,42,81,41,59,0,0,65,70,42,67,66,46,,
DevOps Engineer,BCA,65,1.1,71,63,2,1,50,77,41,71,49,0,69,81,58,56,70,65,,
DevOps Engineer,BE,46,0.9,72,70,3,2,46,84,41,56,60,0,75,45,37,77,92,26,,
DevOps Engineer,PhD,77,3.5,86,99,1,2,53,84,39,55,58,2,68,51,59,78,97,43,,
DevOps Engineer,MSc,53,0.9,74,80,3,3,47,66,61,63,0,2,72,32,54,54,88,49,,
DevOps Engineer,MBA,66,1.7,86,83,2,4,56,71,30,53,68,0,68,56,63,85,86,46,,
DevOps Engineer,BE,82,2.1,88,69,4,4,84,71,57,47,0,2,85,53,62,80,72,65,,
DevOps Engineer,MSc,74,3.5,65,81,2,2,63,61,55,57,0,0,90,74,67,51,79,68,,
DevOps Engineer,MSc,63,3.0,70,63,2,2,46,79,45,57,0,1,65,57,53,54,68,59,,
DevOps Engineer,BE,45,2.2,28,93,1,2,57,74,34,55,52,0,63,41,46,76,92,65,,
DevOps Engineer,MCA,59,4.2,73,82,1,3,58,68,66,66,67,1,75,72,57,70,82,75,,
DevOps Engineer,MBA,74,2.0,83,86,2,3,78,95,50,36,94,0,73,82,62,97,72,71,,
DevOps Engineer,MSc,79,1.9,82,64,4,2,83,70,46,53,0,0,75,77,53,95,67,68,,
DevOps Engineer,MSc,69,2.0,65,57,3,4,55,75,78,69,66,1,79,75,57,66,91,47,,
DevOps Engineer,MSc,81,1.4,42,92,3,4,66,90,43,66,23,0,73,59,73,66,79,47,,
DevOps Engineer,BE,70,1.7,55,83,2,3,52,89,63,58,40,0,71,27,50,74,94,66,,
DevOps Engineer,MCA,81,1.8,75,58,4,3,52,65,56,92,49,0,65,55,65,53,86,46,,
DevOps Engineer,BTech,81,1.1,41,98,2,1,70,90,55,61,57,0,68,66,74,64,81,54,,
DevOps Engineer,BE,61,2.4,80,81,1,4,90,64,59,58,0,2,87,58,49,72,93,88,,
DevOps Engineer,BTech,71,0.4,67,74,3,6,45,81,43,54,53,0,78,62,77,60,88,40,,
DevOps Engineer,BE,66,5.0,58,67,5,2,77,65,58,31,33,0,65,51,63,60,52,77,,
DevOps Engineer,MTech,25,2.1,42,100,0,2,58,78,42,77,34,0,61,53,58,40,71,52,,
DevOps Engineer,BE,75,1.4,54,85,2,4,74,76,54,64,0,0,66,60,54,70,84,51,,
DevOps Engineer,BTech,74,1.5,62,81,2,3,71,68,53,65,72,0,68,69,53,68,66,37,,
DevOps Engineer,BTech,85,1.6,44,84,2,3,58,93,50,39,4,1,76,57,43,68,72,51,,
DevOps Engineer,MTech,36,2.2,48,100,1,3,60,91,43,71,73,0,88,72,38,86,94,44,,
DevOps Engineer,BTech,66,2.3,84,69,2,2,60,78,35,33,0,1,57,65,69,46,56,49,,
DevOps Engineer,BE,89,2.0,52,76,4,2,67,75,47,69,15,0,69,66,66,62,72,54,,
DevOps Engineer,BTech,56,2.8,45,88,1,4,69,75,35,51,27,2,80,56,54,71,80,59,,
DevOps Engineer,BBA,78,2.0,74,91,2,3,50,68,58,36,46,0,88,69,45,69,83,72,,
DevOps Engineer,BTech,41,2.7,59,100,1,4,75,87,38,64,69,1,93,78,41,86,99,46,,
DevOps Engineer,MSc,83,0.9,66,61,2,2,67,71,60,54,35,0,58,63,59,85,67,67,,
DevOps Engineer,BCA,47,0.8,54,46,3,3,64,76,45,57,46,0,57,66,58,53,88,33,,
DevOps Engineer,BCA,80,1.6,53,83,2,2,79,73,50,56,45,0,64,57,54,56,50,48,,
DevOps Engineer,MCA,61,0.7,78,82,2,1,74,70,29,59,39,0,77,76,44,75,75,71,,
DevOps Engineer,BE,58,1.9,63,85,3,2,59,75,38,44,47,0,75,55,70,64,83,64,,
DevOps Engineer,BTech,54,0.7,63,99,1,2,55,96,46,46,29,1,59,72,50,66,82,49,,
DevOps Engineer,MBA,18,2.1,67,84,3,4,71,89,34,71,39,3,98,41,54,71,76,65,,
DevOps Engineer,BE,47,1.5,39,76,2,3,73,75,47,81,0,0,68,52,82,50,59,54,,
DevOps Engineer,MSc,68,1.2,61,61,5,6,79,69,80,62,32,0,75,76,53,67,91,64,,
DevOps Engineer,BE,85,0.9,70,66,5,1,59,52,40,39,0,0,77,48,62,49,64,55,,
DevOps Engineer,Diploma,77,0.7,48,73,3,4,68,75,42,54,0,1,90,44,44,77,63,58,,
DevOps Engineer,BSc,28,1.4,73,85,2,3,66,89,63,72,70,2,93,82,47,54,100,76,,
DevOps Engineer,BCA,78,1.9,51,80,0,5,71,82,51,52,63,0,88,69,73,79,90,52,,
DevOps Engineer,BTech,59,3.1,59,82,1,4,76,89,54,56,0,1,53,58,37,92,90,59,,
DevOps Engineer,MTech,87,0.7,60,58,5,2,53,44,56,60,0,1,82,52,72,37,65,39,,
DevOps Engineer,BE,52,2.6,76,81,4,3,53,85,54,28,37,1,73,60,48,54,88,51,,
DevOps Engineer,MCA,58,1.2,61,83,3,2,58,77,37,59,0,2,85,43,62,48,57,71,,
DevOps Engineer,BTech,33,2.6,63,76,3,5,83,72,55,65,39,2,90,42,39,92,76,51,,
DevOps Engineer,BE,92,3.4,57,73,3,3,68,93,60,66,0,2,86,52,56,62,76,66,,
DevOps Engineer,BTech,61,1.4,50,84,2,2,51,89,61,50,54,0,76,49,60,71,100,45,,
DevOps Engineer,MSc,88,1.4,59,81,2,3,38,59,62,93,0,1,69,42,78,60,81,45,,
DevOps Engineer,BE,82,0.6,44,73,2,4,57,86,56,51,0,1,73,45,62,82,72,51,,
DevOps Engineer,BSc,86,5.0,93,96,1,5,83,79,61,55,54,4,95,55,47,63,57,54,,
DevOps Engineer,BTech,70,2.2,71,77,1,4,55,88,81,71,53,0,80,53,46,61,70,53,,
DevOps Engineer,BTech,77,3.5,55,79,2,4,63,65,58,55,0,0,60,71,71,63,85,71,,
DevOps Engineer,BTech,52,1.2,78,91,3,2,58,91,52,56,31,2,90,81,56,47,82,41,,
DevOps Engineer,BE,71,2.0,55,99,1,2,65,94,53,49,0,0,62,67,45,43,74,47,,
DevOps Engineer,MTech,69,1.1,72,87,1,3,57,87,42,46,22,1,74,29,54,60,91,88,,
DevOps Engineer,MTech,35,1.4,51,54,5,2,41,83,45,38,53,0,55,64,44,56,84,37,,
DevOps Engineer,MCA,67,4.2,78,89,2,4,64,76,80,46,61,2,68,81,43,70,97,72,,
DevOps Engineer,MBA,87,1.4,67,96,1,3,66,92,48,65,46,0,75,59,80,100,69,53,,
DevOps Engineer,BE,93,0.6,54,72,4,2,38,84,75,54,31,0,78,43,59,68,69,79,,
DevOps Engineer,MSc,63,1.6,47,89,2,4,86,72,48,42,31,1,90,50,63,82,57,62,,
DevOps Engineer,MCA,46,1.3,66,92,1,4,80,96,49,62,65,1,95,73,40,79,89,36,,
DevOps Engineer,BBA,78,2.4,74,78,2,4,63,73,56,66,0,0,55,62,72,30,81,52,,
DevOps Engineer,BTech,70,1.0,49,76,2,4,62,76,59,58,0,1,74,70,71,70,76,37,,
DevOps Engineer,MTech,72,0.9,71,69,4,1,38,78,49,64,17,0,63,41,48,61,74,83,,
DevOps Engineer,MTech,80,0.9,51,81,2,5,65,68,64,70,0,0,73,69,89,79,58,47,,
DevOps Engineer,BSc,88,1.7,64,73,4,1,46,82,56,54,18,0,66,61,38,60,74,61,,
DevOps Engineer,MSc,68,1.9,75,88,2,2,64,88,56,52,0,0,67,49,55,73,74,82,,
DevOps Engineer,BE,71,1.3,61,78,1,3,58,87,44,33,36,1,68,64,69,54,90,65,,
DevOps Engineer,BCA,72,0.5,70,70,6,4,84,76,60,54,25,0,64,52,53,69,73,51,,
DevOps Engineer,BSc,82,0.4,21,81,4,3,78,79,45,77,0,2,71,51,63,78,83,61,,
DevOps Engineer,BTech,71,1.3,56,81,2,2,78,75,44,52,65,1,80,73,50,66,56,44,,
DevOps Engineer,BBA,30,7.8,77,81,2,2,65,86,77,37,61,1,54,36,42,79,90,79,,
Frontend Developer,BE,90,2.9,64,72,4,3,55,98,70,46,74,1,86,57,45,86,73,79,,
Frontend Developer,BE,54,2.5,78,100,0,4,95,84,44,51,65,3,74,59,76,78,67,61,,
Frontend Developer,MBA,68,3.1,91,45,4,7,93,66,79,63,48,1,100,55,66,90,73,61,,
Frontend Developer,MTech,73,0.8,61,93,2,4,49,72,80,85,73,4,89,34,47,75,100,34,,
Frontend Developer,BE,55,3.9,75,68,0,1,47,60,75,50,49,0,64,65,0,51,82,52,,
Frontend Developer,BSc,88,0.7,72,55,3,3,58,60,40,45,91,0,55,100,27,72,86,71,,
Frontend Developer,MCA,74,0.7,81,32,3,4,64,67,38,57,0,0,65,40,58,47,66,36,,
Frontend Developer,MTech,81,1.1,80,72,2,3,51,82,33,61,0,0,34,68,39,57,45,40,,
Frontend Developer,BCA,63,1.8,77,100,0,0,87,85,48,31,61,0,77,46,56,100,97,36,,
Frontend Developer,MCA,80,1.1,71,88,1,4,66,48,64,41,98,2,100,41,65,99,100,73,,
Frontend Developer,BCA,17,3.4,100,81,4,2,69,80,70,54,73,0,92,92,40,76,80,59,,
Frontend Developer,MCA,75,1.5,53,53,5,4,98,83,27,63,22,0,64,77,57,97,66,65,,
Frontend Developer,MBA,85,1.1,39,97,0,2,62,100,63,58,32,0,81,61,62,92,77,45,,
Frontend Developer,MSc,81,0.6,75,71,3,7,72,70,60,80,0,7,97,37,66,23,100,70,,
Frontend Developer,BBA,99,3.9,60,79,4,4,93,67,57,60,34,2,81,38,80,73,92,81,,
Frontend Developer,MSc,86,1.2,76,100,1,1,72,88,39,60,59,1,85,58,59,87,100,62,,
Frontend Developer,BTech,53,6.2,80,100,0,3,59,100,40,67,100,2,96,22,72,100,100,75,,
Frontend Developer,BBA,24,1.3,53,69,5,5,77,48,73,63,68,4,81,56,55,62,100,58,,
Frontend Developer,MTech,71,2.6,76,92,0,6,89,62,54,80,35,1,100,49,77,64,48,73,,
Frontend Developer,MSc,69,1.0,69,93,0,2,38,78,42,18,55,1,100,65,20,63,94,53,,
Frontend Developer,Diploma,84,0.2,32,38,4,4,68,97,76,62,51,0,100,53,61,74,87,41,,
Frontend Developer,PhD,87,0.5,95,100,0,4,57,100,47,67,36,0,100,45,58,58,77,62,,
Frontend Developer,BTech,91,1.8,64,100,0,2,59,93,36,72,0,0,73,63,45,44,81,64,,
Frontend Developer,MSc,90,2.5,100,100,0,2,50,60,29,64,96,0,58,68,41,62,96,88,,
Frontend Developer,BSc,64,3.4,76,90,0,6,91,95,96,59,100,3,100,41,80,74,100,71,,
Frontend Developer,BE,69,4.3,82,73,4,4,73,70,78,58,22,3,69,53,47,69,100,71,,
Frontend Developer,MCA,84,2.2,64,87,2,2,49,65,62,62,38,2,73,60,55,52,89,38,,
Frontend Developer,Diploma,59,3.8,63,95,4,5,78,95,44,48,60,0,91,84,84,100,83,62,,
Frontend Developer,BTech,85,2.1,88,23,6,1,61,64,68,91,0,0,39,73,39,58,85,51,,
Frontend Developer,BE,89,1.9,52,100,0,1,95,100,83,40,24,0,69,62,65,58,66,24,,
Frontend Developer,BE,73,0.8,70,79,0,1,51,57,44,65,72,1,57,45,66,89,89,56,,
Frontend Developer,MSc,33,1.8,91,85,0,3,93,100,14,61,92,3,69,56,68,83,88,70,,
Frontend Developer,BCA,77,1.4,100,48,6,4,86,46,45,43,63,0,95,63,37,87,75,59,,
Frontend Developer,BTech,74,0.4,41,82,2,4,84,54,58,55,40,4,78,73,89,94,80,57,,
Frontend Developer,MCA,75,0.7,61,100,0,2,40,99,49,49,0,2,76,74,100,67,62,21,,
Frontend Developer,BSc,47,2.3,87,100,1,3,57,99,48,41,0,0,28,53,34,60,63,59,,
Frontend Developer,BBA,68,3.0,40,100,3,3,46,100,65,54,49,2,85,33,60,84,72,24,,
Frontend Developer,BTech,93,1.5,65,40,3,3,72,77,84,53,0,1,64,61,60,37,72,85,,
Frontend Developer,BE,45,2.2,72,97,3,1,62,86,35,80,70,1,100,96,36,65,81,42,,
Frontend Developer,MTech,90,0.3,60,100,2,1,52,69,51,38,0,0,45,89,23,46,74,88,,
Frontend Developer,MSc,26,1.6,51,84,3,0,26,79,27,55,0,0,51,68,60,42,94,59,,
Frontend Developer,MTech,66,0.4,77,54,5,4,74,51,60,43,61,0,79,43,51,49,87,81,,
Frontend Developer,MBA,48,0.4,58,52,5,2,78,74,52,42,0,2,67,73,86,43,96,43,,
Frontend Developer,Diploma,81,2.0,80,79,5,0,39,69,52,56,0,0,48,80,61,60,87,69,,
Frontend Developer,MBA,45,1.6,52,66,7,2,35,66,60,26,15,0,67,58,34,49,65,29,,
Frontend Developer,BE,41,3.2,68,98,0,5,78,85,70,79,35,2,94,55,59,74,79,21,,
Frontend Developer,BSc,46,2.4,85,100,1,3,46,63,63,59,9,0,88,79,29,46,52,55,,
Frontend Developer,BTech,29,6.4,72,88,0,3,53,100,70,43,96,3,70,56,64,68,98,63,,
Frontend Developer,BSc,81,1.9,75,100,2,1,39,66,33,40,100,0,100,41,39,86,78,78,,
Frontend Developer,BTech,88,1.3,84,87,2,1,39,71,65,38,0,0,50,67,39,48,61,41,,
Frontend Developer,BTech,36,1.0,75,59,5,4,63,55,32,22,0,0,63,51,61,55,65,59,,
Frontend Developer,MSc,90,0.8,100,91,4,3,59,79,41,48,48,3,89,59,68,60,63,50,,
Frontend Developer,BTech,75,1.4,57,83,0,5,70,79,55,59,74,5,94,58,53,98,92,54,,
Frontend Developer,BTech,94,1.7,68,100,1,4,67,94,57,49,0,0,77,80,63,72,100,39,,
Frontend Developer,BTech,45,2.1,69,84,2,4,73,58,70,73,0,2,58,68,26,66,71,92,,
Frontend Developer,MSc,65,7.6,81,72,2,1,63,82,74,24,57,0,64,78,61,54,95,60,,
Frontend Developer,BSc,62,1.2,67,95,0,0,44,71,27,26,41,0,56,59,73,36,85,58,,
Frontend Developer,BSc,41,4.4,91,54,3,8,83,87,59,100,58,4,100,36,74,88,57,71,,
Frontend Developer,BTech,56,0.1,65,77,2,6,66,39,31,64,59,4,80,51,79,63,38,32,,
Frontend Developer,BTech,70,0.1,55,78,3,3,66,77,42,26,53,0,68,38,49,73,83,37,,
Frontend Developer,MSc,87,2.7,70,49,5,6,100,56,71,62,41,2,100,38,57,74,54,74,,
Frontend Developer,MSc,81,4.8,62,94,4,6,100,100,100,73,100,2,96,82,41,92,100,79,,
Frontend Developer,MCA,70,0.2,90,78,1,2,57,78,66,70,0,0,62,79,82,47,93,29,,
Frontend Developer,BTech,67,1.7,94,54,1,4,43,66,44,46,98,3,100,61,58,87,89,60,,
Frontend Developer,BTech,97,1.7,89,100,0,2,80,90,57,43,0,0,69,50,63,67,62,50,,
Frontend Developer,BTech,89,8.1,96,100,1,4,85,76,55,62,79,3,81,69,72,82,100,49,,
Frontend Developer,BTech,34,1.1,19,50,3,3,63,67,13,42,0,3,83,40,57,48,51,69,,
Frontend Developer,MBA,52,2.3,81,97,3,4,86,100,74,39,0,4,63,73,59,29,59,35,,
Frontend Developer,BTech,29,1.5,39,57,4,2,43,75,46,52,46,1,90,83,76,33,76,71,,
Frontend Developer,BTech,74,0.8,69,77,0,5,70,90,33,76,84,3,100,50,72,92,87,34,,
Frontend Developer,BTech,51,0.0,40,38,6,3,56,70,44,90,79,2,69,54,58,89,69,59,,
Frontend Developer,BTech,80,0.9,91,60,4,4,51,54,59,51,0,4,97,43,53,54,57,59,,
Frontend Developer,BE,34,2.1,83,60,4,4,86,89,52,46,0,0,59,0,75,47,52,62,,
Frontend Developer,BCA,47,0.1,59,86,3,5,52,99,48,54,0,0,78,73,79,64,75,66,,
Frontend Developer,MBA,77,1.5,41,69,3,1,61,100,70,63,0,0,53,62,99,41,53,49,,
Frontend Developer,MTech,82,1.4,39,60,4,3,70,66,37,41,0,2,70,56,10,60,61,62,,
Frontend Developer,MBA,51,5.1,91,66,2,3,48,97,85,39,0,0,70,52,64,58,71,88,,
Frontend Developer,BE,61,1.3,51,74,3,3,60,62,47,35,0,2,80,35,53,45,100,61,,
Frontend Developer,Diploma,79,1.9,61,100,0,4,53,99,56,52,77,2,95,58,42,82,96,76,,
Frontend Developer,MTech,50,0.9,56,88,3,2,56,93,79,34,75,0,89,65,33,54,100,43,,
Frontend Developer,BE,81,1.9,42,84,1,3,73,79,49,67,0,0,63,71,35,53,76,53,,
Frontend Developer,MBA,72,4.0,88,72,4,4,58,62,51,57,47,2,83,64,50,87,82,33,,
Frontend Developer,BBA,74,0.2,76,84,3,3,47,73,32,100,0,1,85,18,67,54,70,44,,
Frontend Developer,MBA,96,1.5,74,89,0,0,57,65,66,45,0,0,71,40,82,32,77,45,,
Frontend Developer,BTech,23,1.1,50,91,0,5,94,56,63,36,92,1,100,59,69,95,100,58,,
Frontend Developer,Diploma,91,3.1,54,45,5,8,77,38,68,51,71,8,76,69,78,73,96,67,,
Frontend Developer,BE,59,0.7,60,44,6,4,82,33,68,73,70,4,98,72,47,100,77,42,,
Frontend Developer,BTech,41,6.0,60,92,0,3,90,90,69,76,100,2,99,47,72,99,75,30,,
Frontend Developer,BTech,77,2.1,58,100,0,2,75,52,44,93,32,1,93,54,64,68,85,81,,
Frontend Developer,BTech,32,6.1,89,83,1,8,94,100,58,64,73,1,100,81,44,94,100,51,,
Frontend Developer,BTech,75,0.4,72,84,4,5,92,83,19,92,0,0,72,46,98,55,83,51,,
Frontend Developer,BE,54,1.9,73,100,0,5,90,100,37,66,30,2,94,53,76,94,83,66,,
Frontend Developer,BBA,74,5.7,51,93,1,4,73,86,76,47,72,3,78,66,58,67,100,52,,
Frontend Developer,BE,56,2.9,79,100,0,4,45,91,45,40,83,0,88,62,87,63,100,53,,
Frontend Developer,BTech,73,3.9,59,81,6,0,76,96,20,49,64,0,64,62,59,84,81,35,,
Frontend Developer,BSc,31,2.8,46,78,3,2,82,74,61,49,0,1,54,56,65,58,55,70,,
Frontend Developer,BTech,74,6.7,100,82,0,6,65,90,84,62,86,4,100,72,67,41,89,59,,
Frontend Developer,BCA,74,1.7,43,83,3,1,52,71,67,49,34,0,51,40,56,80,100,55,,
Frontend Developer,BTech,51,0.3,38,90,0,4,78,91,82,62,0,1,71,38,42,63,100,60,,
Frontend Developer,MBA,77,0.6,86,66,1,2,59,85,61,84,19,0,100,80,48,56,85,62,,
Frontend Developer,PhD,26,0.3,74,100,0,4,72,100,71,39,38,4,79,45,45,80,93,54,,
Frontend Developer,BTech,64,5.7,62,91,1,5,64,76,90,14,73,1,100,55,52,72,100,72,,
Frontend Developer,MSc,81,3.1,64,74,2,4,68,79,61,69,71,0,81,48,61,72,100,72,,
Frontend Developer,BE,79,1.1,60,95,3,3,88,79,57,70,55,3,99,44,32,81,100,42,,
Frontend Developer,BTech,32,1.4,23,95,0,0,35,80,58,36,60,0,58,56,47,62,88,20,,
Frontend Developer,BBA,53,0.7,63,68,1,1,58,100,5,54,6,0,60,39,34,37,100,42,,
Frontend Developer,BSc,97,5.1,79,100,1,0,37,89,63,50,100,0,80,50,48,64,100,56,,
Frontend Developer,Diploma,66,0.8,62,98,1,5,83,66,41,43,66,5,89,69,69,95,72,51,,
Frontend Developer,BTech,42,3.5,80,100,0,2,94,100,69,75,60,1,80,70,32,73,100,50,,
Frontend Developer,MCA,86,1.3,66,100,1,0,69,89,46,39,81,0,88,43,63,98,61,56,,
Frontend Developer,MTech,79,0.1,50,84,2,2,58,80,58,66,39,0,89,46,50,88,79,59,,
Frontend Developer,BTech,71,0.8,80,82,1,2,40,56,66,44,0,0,57,32,96,70,56,55,,
Frontend Developer,BTech,66,2.6,67,94,1,5,91,93,32,81,59,3,87,81,69,89,65,54,,
Frontend Developer,BE,90,1.8,84,56,3,2,67,96,80,52,29,1,97,92,54,61,87,66,,
Frontend Developer,BCA,69,2.7,88,64,3,3,88,90,35,79,30,0,70,51,38,66,92,54,,
Frontend Developer,BTech,67,0.5,56,100,1,4,52,56,49,38,32,0,91,54,66,45,70,55,,
Frontend Developer,MSc,99,1.4,100,100,3,7,100,86,71,65,89,5,100,67,82,83,100,48,,
Frontend Developer,PhD,57,1.5,100,94,0,4,62,81,72,61,59,0,85,70,100,64,100,66,,
Frontend Developer,BSc,76,1.1,81,100,2,1,72,99,56,32,57,1,93,63,36,96,98,56,,
Frontend Developer,MBA,60,0.8,88,23,7,2,51,47,56,49,0,0,60,97,63,65,73,45,,
Frontend Developer,MSc,36,1.2,79,54,2,8,100,87,68,83,100,2,87,86,65,87,100,61,,
Frontend Developer,MTech,43,2.4,63,93,2,4,53,67,35,62,75,4,81,60,17,86,93,51,,
Frontend Developer,BE,61,4.0,100,81,3,2,54,61,46,17,22,1,71,58,50,54,50,74,,
Frontend Developer,MCA,63,3.2,80,98,1,5,58,99,61,55,95,5,85,39,86,82,86,67,,
Frontend Developer,BE,91,0.5,59,72,4,2,64,69,49,41,0,0,54,60,33,88,91,70,,
Frontend Developer,MBA,88,1.4,100,84,3,5,67,83,82,77,65,2,83,72,62,70,100,47,,
Frontend Developer,MTech,82,1.7,58,64,4,3,56,87,25,84,42,0,82,50,42,52,82,85,,
Frontend Developer,MCA,75,1.5,52,87,0,4,73,67,36,45,61,0,92,85,42,76,93,73,,
Frontend Developer,BTech,79,0.6,29,49,3,3,64,95,23,61,0,0,60,42,72,54,84,29,,
Frontend Developer,BSc,88,3.4,86,80,0,4,84,96,56,74,52,0,94,69,90,66,81,67,,
Frontend Developer,Diploma,91,4.9,80,89,0,5,66,73,46,41,79,1,100,78,79,73,87,57,,
Frontend Developer,BE,22,1.2,49,100,4,1,51,88,32,54,48,0,60,55,75,75,60,80,,
Frontend Developer,MBA,43,0.7,59,66,2,3,62,99,45,48,59,1,59,81,65,48,93,70,,
Frontend Developer,MCA,65,1.2,80,71,2,2,59,47,34,74,74,0,78,38,83,62,100,67,,
Frontend Developer,BE,17,2.1,51,100,1,1,59,65,66,64,52,0,38,28,50,98,100,32,,
Frontend Developer,BTech,91,2.0,56,95,0,5,56,85,67,76,61,3,100,74,64,82,100,74,,
Frontend Developer,MSc,80,0.3,60,92,0,4,60,94,57,43,44,0,76,71,55,61,80,71,,
Frontend Developer,BE,69,2.1,100,98,0,4,74,75,70,42,88,0,67,50,29,96,100,79,,
Frontend Developer,BE,50,1.5,90,41,6,4,80,92,37,42,0,4,87,89,39,68,50,30,,
Frontend Developer,BTech,58,5.1,98,73,0,6,79,77,62,64,35,4,62,53,69,57,69,94,,
Frontend Developer,MBA,86,0.1,65,83,5,3,81,93,68,96,0,3,56,80,76,72,79,81,,
Frontend Developer,BTech,70,1.4,69,83,2,2,60,55,75,47,0,1,43,57,41,57,59,83,,
Frontend Developer,BE,68,0.3,68,79,4,2,38,69,50,72,27,0,58,59,49,57,60,43,,
Frontend Developer,MCA,41,2.9,74,83,0,4,60,100,69,46,0,0,59,34,12,74,84,16,,
Frontend Developer,MTech,36,2.0,82,96,0,5,90,83,79,56,100,5,80,44,52,98,87,51,,
Frontend Developer,BCA,20,2.5,83,100,0,2,74,68,52,48,0,1,72,47,38,49,90,44,,
Frontend Developer,BE,77,0.4,53,64,2,4,70,77,53,58,0,3,40,21,37,65,78,94,,
Frontend Developer,BSc,52,0.7,70,72,4,7,87,54,76,72,62,0,82,45,72,87,79,66,,
Frontend Developer,MSc,58,1.9,63,100,2,4,83,100,61,48,71,0,31,51,54,83,100,56,,
Frontend Developer,MCA,64,2.2,66,78,6,2,51,62,42,54,43,2,69,57,71,79,83,49,,
Frontend Developer,MBA,75,0.1,71,53,5,3,53,55,52,52,0,2,56,74,37,57,64,66,,
Frontend Developer,MTech,60,1.6,86,25,6,3,45,45,30,45,0,3,34,57,69,42,66,54,,
Frontend Developer,MCA,61,2.9,56,75,2,4,79,66,39,53,42,0,80,55,68,54,100,53,,
Frontend Developer,BTech,90,5.5,52,96,0,6,100,100,57,32,34,5,95,90,65,73,65,83,,
Frontend Developer,MSc,66,1.4,61,100,0,4,63,83,56,66,62,2,74,71,79,62,96,41,,
Frontend Developer,MCA,83,2.8,41,96,2,5,75,100,42,26,0,2,78,50,36,61,68,75,,
Frontend Developer,BTech,60,6.0,57,100,0,5,80,98,81,73,38,4,100,12,69,77,94,100,,
Frontend Developer,MSc,82,1.7,77,100,0,3,35,80,25,53,0,0,68,64,44,42,56,58,,
Frontend Developer,BSc,90,0.1,56,95,3,2,53,73,21,52,23,2,69,62,62,51,57,66,,
Frontend Developer,BTech,90,3.5,56,100,0,2,64,75,74,65,85,2,89,59,49,85,94,32,,
Frontend Developer,MSc,72,1.0,55,57,5,3,70,50,26,77,60,0,81,49,58,60,52,60,,
Frontend Developer,BE,61,2.6,65,84,2,5,91,75,53,69,70,5,92,96,70,95,80,91,,
Frontend Developer,BTech,92,2.6,53,90,2,5,75,67,52,30,0,5,66,37,50,60,88,52,,
Frontend Developer,BTech,57,1.3,63,95,2,4,85,79,68,62,0,4,100,40,50,57,82,64,,
Frontend Developer,BE,64,1.6,90,76,2,4,84,41,52,62,48,2,95,33,47,73,100,59,,
Frontend Developer,BSc,73,0.6,66,100,0,1,60,81,43,40,0,0,34,72,54,58,63,65,,
Frontend Developer,MTech,94,3.6,77,97,5,7,76,61,65,52,96,4,100,74,62,100,82,63,,
Frontend Developer,MSc,18,2.3,76,100,0,3,47,62,69,32,0,2,71,33,70,59,63,47,,
Frontend Developer,BE,76,2.6,85,100,0,2,34,87,35,73,0,0,57,70,97,47,73,49,,
Frontend Developer,BSc,8,3.5,67,100,0,6,72,63,40,81,54,2,68,53,66,71,63,67,,
Frontend Developer,BBA,74,3.2,77,68,0,4,65,100,28,48,62,0,29,75,66,63,83,61,,
Frontend Developer,MBA,74,0.2,84,100,1,4,68,96,58,71,89,4,100,80,36,100,82,59,,
Frontend Developer,MSc,80,0.8,48,82,0,4,63,63,78,38,0,0,56,51,57,60,91,67,,
Frontend Developer,BTech,80,5.5,98,85,2,4,46,82,70,66,53,4,89,59,75,81,66,41,,
Frontend Developer,MSc,79,1.4,71,91,4,2,72,60,48,55,0,0,60,70,43,49,64,63,,
Frontend Developer,BBA,65,1.0,88,97,2,1,28,83,71,43,45,0,61,53,56,87,98,36,,
Frontend Developer,BTech,99,2.6,55,79,7,4,52,86,84,48,33,1,95,54,12,41,94,51,,
Frontend Developer,MBA,61,3.1,64,90,4,5,73,90,56,85,0,0,60,79,69,69,46,69,,
Frontend Developer,BE,98,0.4,81,69,5,4,85,49,64,38,0,4,61,45,31,82,35,62,,
Frontend Developer,MCA,26,2.7,77,87,2,2,59,84,73,62,75,0,88,81,56,80,74,42,,
Frontend Developer,MCA,84,0.1,61,79,5,4,68,52,41,53,0,0,34,40,54,67,86,41,,
Frontend Developer,BSc,22,0.3,41,70,4,2,69,85,45,75,0,0,85,29,34,55,52,56,,
Frontend Developer,MBA,82,2.1,72,92,0,0,61,80,37,54,0,0,32,73,51,46,73,37,,
Frontend Developer,BE,61,1.9,41,46,4,4,66,61,42,81,97,2,97,56,43,45,76,69,,
Frontend Developer,BE,70,4.1,57,41,4,3,71,50,82,44,50,1,94,62,76,98,54,69,,
Frontend Developer,MSc,77,2.8,86,100,0,2,50,91,17,44,61,0,40,42,59,60,100,46,,
Frontend Developer,Diploma,75,0.8,85,83,0,0,38,92,20,22,21,0,75,35,39,53,78,53,,
Frontend Developer,MCA,59,3.3,74,100,2,0,70,66,68,36,36,0,75,71,33,51,76,76,,
Frontend Developer,MTech,73,0.3,69,92,0,2,66,86,55,34,0,2,68,48,32,56,82,13,,
Frontend Developer,MSc,89,3.8,96,85,1,4,64,100,37,58,70,2,93,42,99,100,69,57,,
Frontend Developer,BTech,58,2.0,69,94,1,4,41,61,49,79,0,4,54,72,50,50,98,40,,
Frontend Developer,MTech,77,0.4,65,59,6,2,64,46,47,70,69,0,55,28,13,92,75,61,,
Frontend Developer,MCA,68,1.1,55,80,6,3,57,54,35,64,0,2,66,58,28,66,82,60,,
Frontend Developer,BSc,77,0.4,69,100,1,3,82,96,73,43,34,0,66,76,63,61,91,53,,
Frontend Developer,MSc,65,4.2,83,100,0,3,64,94,56,97,12,2,72,50,36,73,79,65,,
Frontend Developer,BSc,80,0.4,89,99,2,0,43,82,63,41,0,0,74,59,46,59,73,37,,
Frontend Developer,MBA,91,3.6,88,68,3,5,67,59,75,59,100,5,100,47,76,86,96,48,,
Frontend Developer,BTech,32,0.9,46,47,4,3,45,61,40,63,59,1,97,46,47,58,63,11,,
Frontend Developer,BTech,60,4.0,100,100,0,6,94,85,68,81,83,5,78,26,52,59,83,78,,
Frontend Developer,BCA,73,3.0,25,76,2,6,90,76,81,75,77,3,97,38,79,49,82,65,,
Frontend Developer,BSc,70,2.2,24,100,0,3,89,91,61,32,83,3,78,44,88,98,100,50,,
Frontend Developer,BTech,54,4.9,58,100,3,6,91,83,94,69,68,2,88,54,67,70,94,87,,
Frontend Developer,BSc,94,2.4,76,74,3,1,58,65,49,67,0,0,34,50,90,62,61,78,,
Frontend Developer,BE,54,0.1,80,84,3,3,46,77,68,31,54,0,65,70,57,60,100,76,,
Frontend Developer,MSc,51,1.6,35,76,3,5,80,71,66,36,55,0,75,50,54,97,51,41,,
Frontend Developer,BSc,76,3.8,90,79,2,4,80,85,57,58,81,0,78,83,28,31,94,37,,
Frontend Developer,MCA,76,1.4,100,75,0,2,51,100,23,35,0,2,85,60,65,55,52,62,,
Frontend Developer,BTech,85,2.0,39,82,0,5,74,68,59,16,70,0,81,51,59,71,75,23,,
Frontend Developer,MTech,75,4.1,76,74,1,3,54,78,86,46,42,0,51,67,53,44,100,42,,
Frontend Developer,MTech,37,3.3,77,86,3,3,51,99,40,45,0,3,55,43,16,46,100,71,,
Frontend Developer,BTech,81,4.1,91,100,2,4,73,68,90,52,70,2,94,39,53,59,99,49,,
Frontend Developer,MCA,94,0.1,76,85,0,1,60,74,56,40,0,0,43,78,43,40,68,46,,
Frontend Developer,MTech,79,3.5,69,62,5,1,69,66,60,50,0,0,35,45,66,37,72,36,,
Frontend Developer,MTech,71,1.5,86,100,0,2,23,85,29,50,12,2,79,37,45,51,63,58,,
Frontend Developer,MTech,72,0.7,37,80,3,6,86,85,14,75,100,3,69,57,87,84,90,65,,
Frontend Developer,BE,48,3.0,73,100,4,5,77,68,74,94,43,3,100,41,78,70,76,55,,
Frontend Developer,BBA,87,3.1,59,80,0,2,48,53,37,70,25,2,72,72,32,72,65,66,,
Frontend Developer,MCA,23,1.3,81,90,4,1,54,70,32,30,68,1,84,29,63,70,75,51,,
Frontend Developer,BTech,60,5.8,56,94,0,3,77,100,57,62,27,0,76,85,59,78,91,72,,
Frontend Developer,BE,62,2.3,65,79,2,3,73,96,69,40,45,0,86,89,40,53,71,63,,
Frontend Developer,Diploma,64,1.1,67,82,2,2,51,93,95,33,82,0,99,65,74,88,95,42,,
Frontend Developer,Diploma,70,1.4,30,86,3,3,93,73,78,62,27,3,80,44,56,68,65,69,,
Frontend Developer,BTech,70,5.4,92,100,0,3,57,92,72,77,67,2,92,67,72,61,92,90,,
Frontend Developer,BTech,57,1.6,96,42,5,2,39,64,41,46,12,2,71,86,67,38,63,54,,
Frontend Developer,MTech,53,1.8,68,64,4,6,82,51,100,80,7,5,100,45,80,71,100,34,,
Frontend Developer,BE,67,3.9,84,97,0,6,78,85,61,94,50,4,99,60,83,42,73,100,,
Frontend Developer,BTech,86,3.2,59,51,4,3,90,38,36,52,0,2,58,71,64,31,35,43,,
Frontend Developer,BE,95,0.4,86,52,5,2,75,38,25,22,0,0,57,75,62,73,61,55,,
Frontend Developer,BTech,86,2.1,69,81,0,5,63,74,73,32,0,3,78,72,40,29,92,81,,
Frontend Developer,MTech,83,1.9,100,80,4,2,65,98,30,58,0,1,68,79,14,61,48,50,,
Frontend Developer,MBA,68,0.4,64,95,0,3,45,74,36,77,52,2,100,16,64,62,78,60,,
Frontend Developer,MCA,58,0.8,49,53,3,2,77,54,67,100,64,2,88,70,67,87,71,16,,
Frontend Developer,BTech,67,0.9,76,71,4,2,46,85,26,91,0,1,52,67,40,39,53,71,,
Frontend Developer,MCA,96,1.6,65,81,4,3,63,92,60,62,0,2,78,46,76,62,76,49,,
Frontend Developer,BTech,84,0.2,75,88,2,1,39,84,33,32,61,1,87,97,54,100,75,58,,
Frontend Developer,BCA,82,1.9,51,83,0,4,32,95,63,39,30,0,100,100,75,47,78,49,,
Frontend Developer,BTech,84,1.1,75,100,2,6,65,56,95,60,46,1,77,56,58,82,100,62,,
Frontend Developer,MSc,66,0.9,88,100,1,3,41,97,65,70,31,2,86,59,88,62,98,77,,
Frontend Developer,MTech,36,0.9,79,74,4,3,80,78,42,39,45,0,99,48,50,93,62,57,,
Frontend Developer,MBA,77,1.4,77,77,3,3,50,85,57,18,0,0,70,50,45,53,74,83,,
Frontend Developer,MCA,94,3.7,21,81,0,5,99,80,58,100,69,1,80,85,21,62,100,35,,
Frontend Developer,BE,68,3.4,65,100,1,2,84,85,96,44,0,0,94,80,60,53,95,52,,
Frontend Developer,BTech,56,0.7,74,65,1,4,68,61,75,60,0,0,61,52,13,81,92,90,,
Frontend Developer,PhD,56,0.2,48,30,6,4,83,46,64,70,0,0,56,66,90,65,28,18,,
Frontend Developer,MTech,40,5.7,95,87,0,6,100,87,47,77,51,5,100,40,60,71,95,69,,
Frontend Developer,BTech,53,1.1,71,88,0,0,39,72,50,29,0,0,47,66,61,41,70,23,,
Frontend Developer,MTech,84,0.5,76,95,2,3,87,95,57,29,0,1,59,27,56,58,54,63,,
Frontend Developer,BTech,43,7.7,100,83,1,7,78,49,100,80,100,3,99,66,67,61,89,34,,
Frontend Developer,PhD,42,2.0,59,74,4,4,57,81,81,69,0,0,57,85,41,93,91,67,,
Frontend Developer,MTech,23,7.2,73,100,1,8,90,56,67,74,100,6,82,33,49,100,86,69,,
Frontend Developer,BBA,60,0.6,62,41,5,3,65,42,39,56,93,1,100,67,62,75,72,33,,
Frontend Developer,BTech,63,4.5,82,94,1,5,78,67,73,80,100,3,100,45,53,69,90,62,,
Frontend Developer,BTech,57,0.1,65,86,1,2,42,100,44,76,0,0,78,35,33,22,73,72,,
Frontend Developer,BE,69,0.1,36,41,5,3,42,75,62,78,48,0,74,78,33,71,81,45,,
Frontend Developer,BE,93,0.7,68,85,0,3,64,81,55,37,27,2,75,31,78,50,76,66,,
Frontend Developer,BE,92,0.7,73,42,5,0,58,66,38,66,0,0,49,32,30,61,50,51,,
Frontend Developer,BBA,51,0.7,52,89,4,6,69,66,78,35,45,4,100,43,62,67,85,49,,
Frontend Developer,BTech,38,1.6,72,87,2,0,46,92,46,77,50,0,65,56,56,46,100,31,,
Frontend Developer,MBA,67,0.8,52,42,4,2,42,77,34,58,53,2,61,60,56,81,100,57,,
Frontend Developer,BE,71,1.2,43,100,0,3,50,100,52,44,26,1,76,63,30,49,89,76,,
Frontend Developer,BBA,53,0.0,42,95,1,6,48,90,28,70,0,0,38,39,58,77,62,70,,
Frontend Developer,MBA,82,0.4,68,70,1,2,74,74,48,90,0,0,51,59,52,49,79,38,,
Frontend Developer,BTech,51,3.7,68,83,0,5,52,72,47,37,48,4,68,45,24,28,56,23,,
Frontend Developer,BTech,82,6.4,89,100,0,4,67,100,90,83,81,4,94,58,71,100,100,82,,
Frontend Developer,BTech,74,1.3,40,57,3,0,46,53,37,47,57,0,23,55,80,59,100,21,,
Frontend Developer,BTech,73,1.9,58,94,3,5,74,84,57,66,60,1,81,71,62,46,98,65,,
Frontend Developer,MSc,52,1.5,82,99,1,4,67,100,63,52,86,0,73,64,70,86,100,65,,
Frontend Developer,MTech,39,2.6,76,100,0,0,46,100,60,37,57,0,82,25,28,85,96,36,,
Frontend Developer,BE,91,2.5,57,100,0,3,53,75,46,76,63,0,100,26,100,68,89,63,,
Frontend Developer,BE,61,1.2,81,76,3,7,48,78,44,84,0,1,67,77,52,46,67,68,,
Frontend Developer,BBA,52,4.9,89,100,3,7,100,93,100,69,62,3,100,43,37,65,100,58,,
Frontend Developer,MSc,81,2.1,34,77,0,5,66,84,68,61,0,0,78,58,59,55,80,83,,
Frontend Developer,MTech,73,1.4,53,70,1,0,23,89,25,56,45,0,57,32,74,68,56,55,,
Frontend Developer,BSc,85,5.6,81,100,1,0,78,90,61,61,85,0,62,32,64,71,100,58,,
Frontend Developer,BE,26,0.5,68,82,2,2,63,93,60,32,0,2,54,76,67,59,68,48,,
Frontend Developer,BCA,51,1.1,48,82,1,3,41,93,33,66,75,1,72,71,8,60,99,75,,
Frontend Developer,BSc,66,4.8,57,68,1,3,63,59,70,75,100,0,67,53,38,100,97,48,,
Frontend Developer,BTech,28,0.6,58,100,0,4,59,100,73,33,0,1,56,55,42,52,89,66,,
Frontend Developer,MCA,45,1.3,70,39,5,3,73,76,57,63,60,1,60,22,59,94,68,92,,
Frontend Developer,BTech,47,1.1,78,48,3,2,45,56,50,93,0,0,100,86,45,57,69,47,,
Frontend Developer,BTech,79,1.1,66,98,2,5,66,90,68,83,68,3,100,50,35,73,88,55,,
Frontend Developer,MCA,97,2.9,62,68,4,5,74,35,63,34,74,2,100,74,53,60,85,52,,
Frontend Developer,BE,66,1.2,62,83,2,4,43,47,66,23,0,0,59,25,86,57,89,55,,
Frontend Developer,MBA,31,1.3,91,81,2,3,71,79,43,49,0,2,69,80,42,54,77,71,,
Frontend Developer,MCA,97,4.4,70,100,1,4,82,100,63,69,96,3,70,32,83,67,79,67,,
Frontend Developer,MTech,59,5.2,64,97,0,5,78,70,41,51,84,4,91,43,85,65,100,56,,
Frontend Developer,BSc,34,3.3,70,56,1,2,51,79,48,48,81,0,76,82,62,68,61,66,,
Frontend Developer,BTech,95,4.1,52,95,1,5,87,56,92,60,24,0,86,64,53,60,89,60,,
Frontend Developer,MBA,93,3.0,90,62,2,4,53,63,87,40,0,1,79,35,67,57,75,87,,
Frontend Developer,BE,99,0.7,77,87,3,2,62,82,41,41,0,0,63,85,50,53,86,57,,
Frontend Developer,BSc,78,2.3,72,71,3,5,87,70,49,49,54,2,91,96,74,72,71,78,,
Frontend Developer,BBA,62,1.4,87,75,1,5,100,85,98,55,46,2,100,49,100,93,84,55,,
Frontend Developer,BTech,84,1.6,51,81,2,1,75,60,38,40,0,0,33,51,15,60,99,82,,
Frontend Developer,MTech,31,3.8,43,74,0,4,82,81,74,58,0,4,67,58,75,61,82,82,,
Frontend Developer,MSc,69,0.6,85,100,1,4,68,100,64,53,0,3,71,37,85,85,84,38,,
Frontend Developer,BCA,93,0.7,80,60,3,4,72,49,59,55,0,0,73,59,45,68,83,100,,
Frontend Developer,MCA,29,1.0,85,49,4,2,55,46,64,50,20,0,87,64,32,65,82,58,,
Frontend Developer,BBA,84,1.1,62,100,0,3,48,58,62,49,41,2,70,54,50,38,99,43,,
Frontend Developer,BSc,56,1.0,89,100,0,3,72,77,9,62,65,1,73,52,53,89,77,63,,
Frontend Developer,BBA,72,3.3,39,41,4,1,42,58,47,55,38,1,90,46,52,87,66,70,,
Frontend Developer,BE,76,5.7,91,86,1,2,60,100,73,81,91,2,41,62,87,62,100,43,,
Frontend Developer,BBA,65,1.1,44,100,0,5,100,89,66,33,98,1,81,74,24,100,100,27,,
Frontend Developer,BCA,81,0.7,76,72,4,4,65,100,44,45,62,2,79,75,56,84,87,58,,
Frontend Developer,MSc,72,0.5,58,74,4,0,38,96,47,50,28,0,54,38,26,50,69,44,,
Frontend Developer,BCA,75,2.2,62,83,4,5,70,90,85,67,100,4,79,32,66,100,89,52,,
Frontend Developer,BTech,56,5.2,70,100,1,6,73,80,73,70,100,2,87,57,76,100,100,62,,
Frontend Developer,BSc,78,3.1,80,100,0,3,100,100,78,47,64,0,93,33,73,77,90,41,,
Frontend Developer,BE,75,0.5,69,75,1,4,43,65,47,64,0,4,91,47,59,51,58,23,,
Frontend Developer,MBA,69,2.9,33,65,1,2,34,86,57,82,0,2,79,32,30,37,97,57,,
Frontend Developer,BTech,82,5.2,100,76,0,3,54,59,85,51,43,3,96,47,89,100,49,69,,
Frontend Developer,MSc,82,3.1,55,100,3,3,57,97,40,58,31,3,82,85,76,47,71,39,,
Frontend Developer,MTech,81,1.1,70,59,3,6,96,97,55,77,86,1,89,32,62,95,100,67,,
Frontend Developer,MBA,28,0.7,52,78,1,5,50,100,48,82,0,2,62,52,81,71,76,71,,
Frontend Developer,MTech,86,5.2,60,82,1,4,65,88,60,36,23,0,93,60,50,75,97,73,,
Frontend Developer,BTech,94,1.9,67,100,1,3,58,90,45,29,0,3,66,61,47,57,66,63,,
Frontend Developer,MCA,13,0.4,78,100,0,2,36,81,70,63,47,2,49,54,61,88,95,49,,
Frontend Developer,BTech,84,0.7,95,42,4,5,74,72,22,68,43,0,84,61,48,74,65,83,,
Frontend Developer,BBA,77,4.7,62,100,1,2,67,82,53,67,85,2,92,30,41,70,85,58,,
Frontend Developer,BTech,56,1.8,70,88,3,4,55,90,50,80,66,0,59,57,70,62,62,66,,
Frontend Developer,BTech,62,0.4,94,38,4,6,73,74,56,66,26,5,95,44,58,88,46,67,,
Frontend Developer,BSc,78,8.5,78,98,0,4,68,91,71,88,82,1,100,53,74,64,100,69,,
Frontend Developer,BCA,55,2.0,73,94,2,3,82,56,51,52,88,0,89,55,54,100,94,27,,
Frontend Developer,MSc,89,2.2,66,100,0,3,54,100,60,53,56,0,81,41,71,81,72,64,,
Frontend Developer,BE,65,0.5,81,52,4,1,58,74,72,39,22,0,99,93,63,45,93,46,,
Frontend Developer,MBA,82,0.7,45,67,2,3,54,80,59,66,53,3,69,48,71,61,100,51,,
Frontend Developer,PhD,16,1.9,77,69,3,3,79,45,44,72,32,2,89,24,69,65,77,68,,
Frontend Developer,BE,92,1.4,37,43,5,3,36,67,53,67,0,0,65,58,53,61,61,53,,
Frontend Developer,BTech,74,1.1,60,89,2,7,68,80,61,100,25,5,100,83,26,91,98,100,,
Frontend Developer,MCA,76,3.7,59,70,2,2,85,94,56,51,44,0,70,68,36,95,95,74,,
Frontend Developer,BCA,66,1.5,41,100,2,3,52,81,28,86,48,1,94,60,45,90,58,50,,
Frontend Developer,BSc,89,3.2,71,100,0,1,86,94,68,44,25,0,79,97,78,47,100,89,,
Frontend Developer,BTech,90,1.9,79,65,0,3,82,100,41,70,42,0,71,55,50,71,70,77,,
Frontend Developer,MSc,87,1.2,44,60,3,6,90,81,54,52,54,2,82,71,84,71,91,28,,
Frontend Developer,BTech,35,1.9,45,83,1,1,64,100,64,43,0,0,52,54,64,67,91,52,,
Frontend Developer,BCA,62,3.6,72,100,2,4,59,73,77,62,77,4,92,42,73,54,100,50,,
Frontend Developer,BE,79,3.5,33,100,0,5,52,75,74,94,49,2,89,67,56,40,94,88,,
Frontend Developer,BTech,61,1.2,82,90,3,7,91,87,65,60,60,0,78,83,63,73,84,55,,
Frontend Developer,MCA,42,3.4,84,81,1,3,70,77,65,90,0,1,71,24,88,72,84,59,,
Frontend Developer,MCA,68,2.1,21,81,1,2,55,93,65,18,43,1,51,60,47,60,78,40,,
Frontend Developer,MTech,58,3.3,60,78,1,1,36,93,41,51,67,1,62,41,70,67,71,58,,
Frontend Developer,BE,44,1.3,65,83,1,3,58,69,61,43,0,2,57,29,55,62,70,69,,
Frontend Developer,MSc,87,3.9,69,85,2,4,81,77,56,75,25,2,78,42,64,73,87,75,,
Frontend Developer,BE,68,3.3,65,63,3,4,59,70,53,75,79,3,94,56,56,61,72,57,,
Frontend Developer,BSc,88,3.5,61,84,2,5,87,63,76,56,34,1,89,76,62,64,83,66,,
Frontend Developer,BTech,53,1.3,87,67,3,2,64,62,62,48,14,0,81,60,42,67,75,56,,
Frontend Developer,Diploma,59,0.6,65,85,1,2,46,98,63,61,29,0,86,47,48,45,82,61,,
Frontend Developer,BSc,62,2.4,74,77,3,5,85,82,57,83,54,3,100,39,50,84,81,55,,
Frontend Developer,BSc,45,4.3,78,98,0,3,52,86,71,75,66,2,74,52,67,77,98,59,,
Frontend Developer,MSc,70,4.5,74,74,3,5,78,78,56,65,73,2,98,31,65,87,76,74,,
Frontend Developer,MCA,66,1.2,52,63,4,4,48,84,61,70,64,2,78,64,51,75,83,54,,
Frontend Developer,BBA,84,0.6,73,57,4,1,54,68,36,79,0,0,62,27,44,58,57,49,,
Frontend Developer,BE,67,3.2,53,93,2,5,66,87,63,88,0,0,70,75,65,58,64,76,,
Frontend Developer,MCA,74,2.9,51,92,3,5,73,95,49,53,0,1,69,62,50,64,58,71,,
Frontend Developer,MSc,82,1.3,94,88,2,6,100,85,82,61,72,4,99,58,92,88,93,52,,
Frontend Developer,MBA,79,1.9,65,83,0,0,48,84,31,55,0,0,41,58,59,55,67,44,,
Frontend Developer,BE,79,3.0,87,97,0,4,80,87,60,74,30,2,90,57,76,53,69,80,,
Frontend Developer,BTech,45,2.2,72,61,3,3,81,84,61,67,60,1,66,39,49,85,79,76,,
Frontend Developer,PhD,59,2.0,48,91,0,4,84,89,65,68,53,3,79,63,32,72,98,45,,
Frontend Developer,BSc,47,2.1,39,82,3,2,88,73,68,54,0,2,64,50,62,62,59,69,,
Frontend Developer,MBA,80,1.8,65,91,0,1,65,75,37,53,0,0,53,76,48,57,81,50,,
Frontend Developer,BE,66,0.7,73,62,5,4,74,70,38,48,0,2,58,62,47,66,69,36,,
Frontend Developer,BCA,69,1.3,79,100,1,1,79,93,53,30,57,0,88,56,43,98,98,47,,
Frontend Developer,BTech,62,1.9,80,77,1,4,41,63,47,65,0,4,74,67,53,66,94,49,,
Frontend Developer,BE,90,1.0,59,64,3,1,59,81,49,64,0,0,62,43,42,74,61,49,,
Frontend Developer,MCA,87,4.3,47,96,1,5,89,100,51,30,0,4,88,72,52,67,67,79,,
Frontend Developer,BTech,29,2.1,58,89,1,1,50,84,68,53,70,0,77,72,53,74,79,35,,
Frontend Developer,MSc,61,3.4,78,98,1,3,71,81,55,81,40,1,79,52,43,84,84,52,,
Frontend Developer,BBA,44,1.5,81,51,5,3,52,56,52,52,31,3,73,76,63,48,76,56,,
Frontend Developer,BTech,63,1.2,58,86,3,4,67,75,53,71,55,2,67,64,78,75,70,63,,
Frontend Developer,MTech,84,3.4,50,85,3,6,83,69,73,64,84,3,99,53,72,73,81,65,,
Frontend Developer,MCA,69,3.8,80,75,2,2,70,77,51,34,33,0,71,64,44,75,73,74,,
Frontend Developer,MCA,54,2.0,65,78,0,2,45,88,48,48,0,1,76,78,81,68,61,43,,
Frontend Developer,MTech,66,3.2,67,84,1,3,50,74,38,58,0,2,64,60,26,61,80,69,,
Frontend Developer,BTech,88,2.5,70,97,1,3,69,67,79,52,0,0,82,61,50,60,82,50,,
Frontend Developer,MCA,81,3.8,58,86,0,4,62,80,54,33,67,1,81,71,68,68,84,49,,
Frontend Developer,MSc,79,1.1,79,91,2,3,51,95,62,65,0,2,83,52,84,62,88,65,,
Frontend Developer,BTech,65,4.5,64,66,2,3,77,63,49,48,0,2,63,65,66,46,60,52,,
Frontend Developer,BTech,56,2.1,36,84,1,5,79,85,78,59,48,2,82,45,65,51,85,66,,
Frontend Developer,MTech,59,2.4,68,78,3,4,83,64,97,67,0,3,97,58,74,64,98,42,,
Frontend Developer,BCA,61,4.1,77,96,1,5,69,70,74,73,89,4,96,43,63,61,95,58,,
Frontend Developer,MSc,56,1.4,64,70,1,6,86,77,50,63,81,1,90,85,53,81,96,66,,
Frontend Developer,PhD,67,1.2,90,91,0,4,64,68,68,53,71,1,91,58,86,78,99,69,,
Frontend Developer,BBA,76,2.0,63,81,1,2,49,74,68,51,52,1,85,69,52,81,80,55,,
Frontend Developer,BBA,48,1.1,46,100,2,3,79,89,51,42,78,1,72,66,46,90,83,51,,
Frontend Developer,PhD,59,1.2,48,59,4,4,61,87,79,66,0,0,75,74,49,85,89,56,,
Frontend Developer,MBA,78,3.1,48,79,1,4,63,83,67,56,62,3,73,57,64,64,100,52,,
Frontend Developer,BSc,36,3.1,66,55,3,5,62,82,54,77,52,3,96,60,75,60,66,72,,
Frontend Developer,MSc,72,1.8,70,100,2,2,54,77,43,43,90,0,76,45,45,85,86,72,,
Frontend Developer,BTech,83,2.2,60,86,2,6,77,75,60,85,31,4,93,67,46,84,96,93,,
Frontend Developer,BSc,42,1.0,81,76,3,5,80,66,60,61,31,1,76,62,58,71,77,69,,
Frontend Developer,BTech,83,2.8,75,98,1,5,71,90,59,67,0,2,86,71,72,59,89,64,,
Frontend Developer,MTech,92,1.6,66,81,4,4,68,67,56,44,0,0,72,65,44,92,89,67,,
Frontend Developer,MSc,38,3.6,81,84,3,1,57,73,47,28,64,1,76,46,62,63,82,55,,
Frontend Developer,BE,43,0.8,68,82,2,2,57,94,76,32,37,1,72,72,70,71,78,46,,
Frontend Developer,BTech,71,5.1,60,99,1,3,72,88,63,70,68,3,95,22,52,73,88,74,,
Frontend Developer,BCA,87,2.2,54,92,0,3,42,85,55,58,47,0,100,63,86,58,84,55,,
Frontend Developer,MSc,39,1.9,54,81,3,1,45,74,32,55,14,0,62,63,63,46,96,58,,
Frontend Developer,BTech,67,1.0,58,92,0,4,75,76,66,37,60,1,71,56,54,87,81,38,,
Frontend Developer,MSc,48,1.7,52,82,3,0,43,72,32,49,1,0,45,61,43,49,96,69,,
Frontend Developer,MCA,71,1.3,58,65,2,3,71,62,70,71,37,2,84,70,55,62,80,44,,
Full Stack Developer,MCA,62,1.2,58,78,6,2,55,97,50,30,84,2,64,35,44,93,74,46,,
Full Stack Developer,BE,35,1.9,62,53,5,2,41,100,37,55,0,2,73,29,61,13,100,53,,
Full Stack Developer,BTech,14,2.9,100,100,0,5,79,97,68,51,28,0,100,58,46,67,88,85,,
Full Stack Developer,BTech,47,1.8,77,45,4,2,58,43,58,43,40,1,96,62,29,65,58,69,,
Full Stack Developer,BTech,71,5.3,74,100,1,4,85,84,39,53,100,0,85,66,76,87,81,29,,
Full Stack Developer,MTech,73,0.3,69,56,3,4,64,60,57,59,89,0,61,61,81,65,78,46,,
Full Stack Developer,BE,32,1.0,46,100,2,4,61,55,61,76,0,0,59,52,38,31,83,76,,
Full Stack Developer,BE,88,0.3,80,46,4,2,59,58,29,40,70,0,61,26,73,67,83,45,,
Full Stack Developer,MSc,85,6.1,85,100,0,5,79,100,86,48,96,1,100,42,87,100,100,65,,
Full Stack Developer,BTech,75,0.2,84,100,0,2,39,98,30,69,58,1,63,37,36,78,85,44,,
Full Stack Developer,BTech,48,2.1,92,86,2,2,43,93,53,67,0,0,37,100,43,88,97,58,,
Full Stack Developer,BTech,88,1.2,72,97,1,6,88,87,73,83,100,2,68,72,60,90,100,30,,
Full Stack Developer,MSc,31,4.5,93,100,0,4,73,92,48,68,99,2,81,56,49,99,77,67,,
Full Stack Developer,MSc,67,2.7,58,47,5,3,64,74,54,47,84,0,99,30,46,76,100,46,,
Full Stack Developer,BSc,64,1.8,67,51,3,2,57,66,50,63,67,2,75,80,56,86,100,91,,
Full Stack Developer,MSc,39,1.6,80,73,2,5,70,56,43,55,0,0,56,54,52,51,90,74,,
Full Stack Developer,MCA,30,0.9,85,100,0,5,74,96,64,47,83,5,83,65,50,73,100,53,,
Full Stack Developer,BE,81,1.2,76,66,3,5,60,42,87,45,100,1,88,66,50,85,100,29,,
Full Stack Developer,BTech,24,5.1,72,88,4,0,35,90,53,39,53,0,51,74,44,53,99,45,,
Full Stack Developer,BCA,82,0.1,27,39,5,4,73,68,63,26,0,0,42,56,77,63,82,12,,
Full Stack Developer,BBA,92,1.2,44,61,2,1,25,53,38,61,86,0,69,58,74,57,79,64,,
Full Stack Developer,BE,37,4.9,45,97,0,4,62,77,79,43,75,2,100,46,66,63,100,41,,
Full Stack Developer,BE,84,0.5,77,89,1,2,90,83,48,62,0,0,57,91,77,52,71,26,,
Full Stack Developer,MBA,82,10.0,61,100,0,7,89,97,96,89,100,6,100,27,85,93,100,83,,
Full Stack Developer,BBA,63,1.5,30,100,0,0,34,81,44,58,60,0,73,52,80,72,100,49,,
Full Stack Developer,BTech,64,1.1,71,78,1,6,60,43,47,80,42,3,91,64,61,72,74,54,,
Full Stack Developer,BTech,31,1.1,64,100,0,1,71,89,40,51,0,0,43,42,50,61,49,67,,
Full Stack Developer,BTech,55,2.3,77,83,0,5,59,91,50,45,0,0,73,92,65,71,71,67,,
Full Stack Developer,MCA,38,8.4,73,100,2,8,73,62,93,92,26,6,92,40,62,92,100,64,,
Full Stack Developer,MBA,30,0.9,76,66,3,3,68,77,40,46,57,0,59,30,83,67,78,66,,
Full Stack Developer,BTech,88,2.4,58,83,4,5,53,78,69,67,79,0,76,19,67,65,100,65,,
Full Stack Developer,BTech,90,0.5,50,83,1,2,57,97,52,48,60,0,71,81,53,55,94,37,,
Full Stack Developer,BTech,76,2.5,55,83,1,5,93,86,69,54,80,5,94,51,34,84,97,43,,
Full Stack Developer,MCA,76,1.4,58,77,1,3,49,74,52,44,63,1,80,48,36,82,87,71,,
Full Stack Developer,BTech,81,0.2,88,86,6,2,83,99,30,45,0,2,63,74,49,68,47,64,,
Full Stack Developer,BTech,65,4.1,82,100,0,5,81,71,46,64,24,0,40,70,48,79,64,32,,
Full Stack Developer,BTech,73,0.6,55,82,4,0,36,64,11,79,0,0,58,44,64,47,57,37,,
Full Stack Developer,BBA,72,0.0,86,95,0,6,58,73,53,88,20,3,91,55,85,71,82,64,,
Full Stack Developer,BTech,83,1.1,63,100,0,5,63,84,49,54,0,5,64,38,50,46,53,58,,
Full Stack Developer,BTech,49,2.5,75,82,1,3,97,71,44,61,40,1,79,74,44,41,60,41,,
Full Stack Developer,BTech,66,2.9,96,96,3,3,68,69,61,99,60,1,82,89,64,63,100,56,,
Full Stack Developer,BE,83,0.9,58,64,0,1,37,49,25,74,0,1,67,64,56,24,81,45,,
Full Stack Developer,MCA,91,10.5,100,100,0,5,100,97,80,67,71,5,78,72,55,100,82,59,,
Full Stack Developer,BTech,46,0.0,69,33,6,3,43,52,51,47,30,0,70,66,51,43,41,55,,
Full Stack Developer,BSc,26,1.1,38,69,4,2,20,75,53,53,0,0,87,42,66,49,81,64,,
Full Stack Developer,BE,33,1.5,64,89,1,0,30,75,20,41,0,0,41,56,65,35,62,52,,
Full Stack Developer,BTech,78,3.8,71,84,1,5,42,76,63,53,57,5,81,67,87,53,90,84,,
Full Stack Developer,BE,67,1.2,67,75,0,3,64,63,50,60,0,3,45,60,70,60,60,27,,
Full Stack Developer,BTech,82,3.2,67,97,0,5,90,87,46,45,0,1,72,100,39,91,86,43,,
Full Stack Developer,BBA,47,1.1,62,63,3,4,51,94,56,84,50,4,100,38,47,45,71,54,,
Full Stack Developer,BTech,19,1.3,74,75,2,3,32,67,66,74,9,1,51,49,84,39,61,18,,
Full Stack Developer,BE,86,1.5,75,64,1,5,39,90,77,45,100,5,64,54,64,48,82,56,,
Full Stack Developer,MBA,7,3.5,73,95,4,3,40,71,96,43,0,0,37,82,66,51,58,35,,
Full Stack Developer,BTech,44,1.1,85,80,1,4,88,97,49,79,47,0,72,71,89,86,83,41,,
Full Stack Developer,BTech,42,2.5,86,64,3,2,36,91,80,60,83,0,73,60,48,67,92,77,,
Full Stack Developer,BTech,70,0.1,97,81,1,1,32,73,27,54,0,0,46,86,84,18,70,48,,
Full Stack Developer,BCA,38,2.3,56,67,5,3,75,82,80,75,39,0,63,44,63,62,82,39,,
Full Stack Developer,MCA,87,1.0,49,52,4,4,61,90,59,65,7,0,71,53,54,57,57,85,,
Full Stack Developer,MBA,61,1.7,36,65,3,4,73,61,56,57,56,0,85,26,51,68,75,40,,
Full Stack Developer,MBA,87,1.1,100,71,2,4,60,79,59,60,0,1,68,67,43,58,92,39,,
Full Stack Developer,MCA,97,3.7,76,100,0,5,47,96,59,72,0,4,54,100,75,49,89,79,,
Full Stack Developer,BTech,87,0.4,66,68,2,3,52,43,61,97,54,0,60,74,45,97,74,57,,
Full Stack Developer,BSc,47,1.5,78,93,0,2,42,100,31,35,0,0,82,46,55,43,64,50,,
Full Stack Developer,BE,66,1.4,83,72,5,0,58,60,66,47,24,0,93,64,56,87,95,45,,
Full Stack Developer,BTech,72,1.8,64,26,5,0,43,81,47,53,69,0,78,60,72,70,80,39,,
Full Stack Developer,MSc,84,3.7,62,100,0,3,49,100,55,63,0,0,67,52,47,48,85,79,,
Full Stack Developer,MSc,53,1.4,100,56,0,5,85,87,32,48,45,0,88,90,77,60,88,33,,
Full Stack Developer,MSc,82,1.5,49,71,3,7,52,60,50,73,48,5,100,47,58,58,100,53,,
Full Stack Developer,MCA,51,2.8,78,97,3,3,56,81,10,72,79,2,82,70,60,71,76,47,,
Full Stack Developer,BTech,49,3.0,99,91,1,3,62,93,100,38,43,2,75,60,66,65,84,58,,
Full Stack Developer,Diploma,59,6.6,84,100,1,9,88,87,100,100,98,2,85,72,58,58,100,72,,
Full Stack Developer,BSc,71,1.6,100,100,0,5,35,83,53,81,87,0,100,74,38,86,81,78,,
Full Stack Developer,BSc,83,1.4,40,85,1,3,48,99,61,80,53,2,83,40,51,64,80,58,,
Full Stack Developer,BSc,79,2.6,65,100,1,1,50,79,40,35,34,0,35,43,47,68,72,72,,
Full Stack Developer,MBA,65,3.5,100,41,5,6,69,50,60,40,55,5,100,58,57,76,72,99,,
Full Stack Developer,BSc,41,0.5,89,51,6,3,85,66,53,70,0,3,71,63,37,47,69,45,,
Full Stack Developer,MBA,64,0.6,81,79,4,2,66,75,33,62,76,0,68,46,72,91,90,30,,
Full Stack Developer,PhD,81,3.7,75,90,0,1,48,72,18,35,0,0,52,71,60,37,75,62,,
Full Stack Developer,BTech,54,0.9,75,64,3,1,52,60,63,76,0,0,24,63,77,70,88,58,,
Full Stack Developer,MBA,80,0.8,68,100,0,4,74,67,62,53,0,0,74,28,49,87,76,70,,
Full Stack Developer,MCA,87,3.3,74,100,0,4,89,85,39,55,51,1,97,75,39,85,80,66,,
Full Stack Developer,BE,86,0.9,28,100,1,3,25,87,49,42,64,1,83,27,43,72,100,19,,
Full Stack Developer,BTech,86,3.8,57,91,3,6,39,71,70,63,2,4,100,18,48,31,71,68,,
Full Stack Developer,BCA,69,4.1,85,62,3,3,64,90,39,44,64,3,100,72,100,66,64,70,,
Full Stack Developer,BTech,78,0.2,68,62,1,3,75,92,39,57,73,0,81,34,39,83,90,53,,
Full Stack Developer,MCA,63,0.8,88,97,1,3,75,76,49,21,0,0,64,35,86,55,60,54,,
Full Stack Developer,BSc,82,0.9,74,100,4,4,66,76,48,35,0,0,49,65,49,62,47,69,,
Full Stack Developer,MTech,82,1.1,100,87,3,3,42,86,53,78,0,0,61,49,49,69,78,73,,
Full Stack Developer,BTech,49,3.5,70,92,7,4,57,62,28,48,60,1,94,20,58,64,72,45,,
Full Stack Developer,BE,72,1.6,87,83,1,4,54,45,40,51,97,0,35,47,24,62,100,73,,
Full Stack Developer,BTech,37,2.4,80,100,0,4,72,100,64,33,39,4,81,87,63,56,100,35,,
Full Stack Developer,BTech,58,0.7,71,31,4,5,66,60,57,61,78,0,64,71,76,100,79,72,,
Full Stack Developer,BE,21,1.8,58,81,0,5,77,93,54,40,68,1,96,41,48,76,98,13,,
Full Stack Developer,BBA,62,2.0,54,85,0,5,88,100,72,72,0,3,58,78,84,59,80,57,,
Full Stack Developer,BTech,79,0.7,32,100,4,5,100,100,71,77,0,5,71,48,64,61,78,45,,
Full Stack Developer,BTech,50,1.0,55,91,0,5,79,78,28,77,0,0,85,57,36,79,84,45,,
Full Stack Developer,MSc,86,2.3,59,89,1,9,100,72,70,77,0,6,100,72,78,67,75,54,,
Full Stack Developer,BTech,60,0.8,67,72,3,5,65,56,77,41,0,4,100,79,57,48,57,38,,
Full Stack Developer,MTech,96,3.5,87,68,1,5,72,81,61,32,100,2,95,46,73,82,89,56,,
Full Stack Developer,BTech,80,1.2,13,100,0,0,50,77,65,56,31,0,79,20,32,73,92,59,,
Full Stack Developer,BCA,84,5.2,77,100,0,2,63,83,46,32,51,1,70,56,13,52,72,34,,
Full Stack Developer,MCA,69,1.2,79,94,3,6,86,100,29,36,0,0,71,27,54,54,69,81,,
Full Stack Developer,MBA,21,1.4,56,98,0,5,76,62,82,69,5,5,100,64,73,62,95,70,,
Full Stack Developer,BTech,78,1.3,92,78,0,2,70,50,40,83,64,0,73,24,57,70,66,27,,
Full Stack Developer,BE,40,2.8,40,84,3,3,100,65,35,36,0,1,90,41,52,84,73,45,,
Full Stack Developer,BSc,95,3.7,88,100,0,5,57,72,51,53,35,1,100,67,36,58,96,51,,
Full Stack Developer,BTech,55,0.4,86,82,3,7,94,81,66,85,90,6,93,68,99,100,93,65,,
Full Stack Developer,BSc,79,1.0,80,99,0,0,54,73,57,46,20,0,84,61,72,60,78,62,,
Full Stack Developer,MBA,55,5.3,81,75,4,4,51,100,45,43,64,0,71,24,64,51,66,64,,
Full Stack Developer,BTech,60,2.0,65,62,2,5,67,100,76,60,0,4,100,67,48,40,50,42,,
Full Stack Developer,PhD,95,1.6,100,100,1,4,48,68,31,71,0,0,78,74,30,43,74,83,,
Full Stack Developer,BBA,72,2.9,100,79,0,2,75,100,49,65,61,2,75,47,42,56,100,39,,
Full Stack Developer,MSc,54,1.5,69,68,2,3,60,91,77,56,27,2,73,43,78,99,92,54,,
Full Stack Developer,MCA,90,0.4,40,86,1,0,30,80,55,55,40,0,51,69,42,55,100,48,,
Full Stack Developer,BTech,80,2.0,61,90,2,4,55,82,52,56,0,4,78,75,57,57,97,58,,
Full Stack Developer,BSc,34,1.8,85,76,4,2,77,89,70,48,0,0,52,55,63,85,100,43,,
Full Stack Developer,MSc,85,3.5,57,97,0,2,82,94,65,20,89,0,67,65,45,81,100,15,,
Full Stack Developer,BE,93,4.3,95,100,0,6,67,89,75,33,0,2,83,42,36,95,92,52,,
Full Stack Developer,MCA,83,4.6,70,68,1,5,94,88,89,48,72,2,58,70,72,77,100,47,,
Full Stack Developer,Diploma,84,2.3,80,94,2,0,35,61,44,63,30,0,57,100,45,80,99,49,,
Full Stack Developer,BCA,16,1.6,88,85,1,4,84,98,64,45,0,1,71,39,51,40,68,22,,
Full Stack Developer,BTech,85,3.7,52,86,0,1,100,100,26,64,75,0,66,47,65,90,65,73,,
Full Stack Developer,BSc,66,4.4,57,62,2,5,69,63,83,70,52,5,100,53,49,100,86,44,,
Full Stack Developer,MTech,40,1.7,64,72,4,1,37,88,62,48,40,1,94,12,71,42,56,65,,
Full Stack Developer,MCA,45,0.9,41,100,2,5,96,72,58,50,0,3,51,82,66,75,81,43,,
Full Stack Developer,BBA,94,2.5,80,94,0,5,69,96,83,73,46,0,100,70,74,87,99,71,,
Full Stack Developer,MCA,46,2.2,50,93,1,8,80,97,77,78,100,8,87,37,63,92,100,64,,
Full Stack Developer,MSc,47,1.2,60,60,7,5,78,46,28,59,56,0,100,87,67,85,84,36,,
Full Stack Developer,BE,25,1.1,46,100,1,4,65,100,53,52,50,4,77,57,75,65,94,60,,
Full Stack Developer,MTech,55,0.5,65,98,0,1,40,58,40,47,0,0,39,68,43,75,77,24,,
Full Stack Developer,BE,24,2.4,68,70,5,3,57,59,90,65,32,0,64,47,51,69,75,66,,
Full Stack Developer,MTech,62,2.8,75,100,1,3,57,100,54,93,62,0,87,66,38,44,85,64,,
Full Stack Developer,MCA,58,2.0,85,95,0,1,72,79,46,31,39,0,58,46,32,76,74,58,,
Full Stack Developer,BTech,84,1.1,46,86,3,3,64,84,57,59,0,3,76,82,65,64,66,52,,
Full Stack Developer,BTech,90,4.2,81,59,5,0,73,71,70,41,0,0,22,49,52,61,77,29,,
Full Stack Developer,MBA,95,2.1,83,100,0,2,65,91,49,56,0,0,57,43,56,69,76,39,,
Full Stack Developer,MSc,61,1.1,100,77,3,3,74,99,61,64,0,1,100,45,84,39,75,20,,
Full Stack Developer,MCA,76,3.3,80,78,0,4,98,96,65,28,0,0,71,59,55,46,71,33,,
Full Stack Developer,BE,78,0.8,67,100,1,1,59,76,53,87,0,1,18,76,41,34,89,72,,
Full Stack Developer,BTech,91,0.0,47,9,7,2,66,54,43,69,26,0,82,58,62,32,69,64,,
Full Stack Developer,BSc,40,0.6,62,100,0,1,61,98,30,21,0,0,64,59,42,52,58,24,,
Full Stack Developer,MCA,48,2.1,54,100,1,3,89,85,54,54,0,2,90,22,59,56,69,53,,
Full Stack Developer,BSc,17,1.3,85,100,0,4,82,100,50,66,0,0,88,92,62,32,65,86,,
Full Stack Developer,MSc,73,6.7,98,100,0,4,95,65,89,28,76,2,57,51,69,77,100,70,,
Full Stack Developer,BTech,93,2.2,51,73,4,3,85,51,48,77,0,0,71,59,60,85,79,52,,
Full Stack Developer,MCA,87,1.4,91,73,4,2,74,75,45,77,29,0,63,49,52,76,79,30,,
Full Stack Developer,MCA,69,0.8,60,74,1,4,65,70,30,51,94,3,99,55,66,100,100,82,,
Full Stack Developer,MTech,38,5.4,76,100,0,5,91,100,92,79,13,4,85,77,80,99,100,81,,
Full Stack Developer,MBA,88,1.5,92,100,2,1,73,95,36,31,65,0,80,62,59,73,69,26,,
Full Stack Developer,MTech,21,5.5,100,100,0,4,86,71,59,49,28,3,91,72,71,96,87,77,,
Full Stack Developer,BSc,68,2.3,69,95,2,4,78,88,62,20,52,0,97,87,67,51,85,56,,
Full Stack Developer,BTech,50,3.0,61,100,1,6,100,86,65,63,74,5,79,88,61,60,72,67,,
Full Stack Developer,BCA,21,4.1,82,99,0,5,73,99,68,37,0,5,73,58,73,64,75,88,,
Full Stack Developer,BTech,49,2.5,38,80,2,5,95,58,55,49,100,0,59,37,36,63,100,71,,
Full Stack Developer,BE,72,1.1,61,49,4,4,82,89,78,77,60,1,99,35,72,75,92,72,,
Full Stack Developer,MSc,94,1.8,50,87,0,1,39,69,80,66,0,0,71,40,62,76,80,58,,
Full Stack Developer,BTech,23,0.0,73,37,3,1,97,83,78,92,0,0,60,87,100,80,64,59,,
Full Stack Developer,MCA,58,0.8,94,79,2,3,56,65,59,70,79,0,100,18,46,67,91,41,,
Full Stack Developer,MBA,40,2.1,55,52,1,2,69,72,49,69,0,0,55,46,47,64,73,66,,
Full Stack Developer,BCA,60,0.8,56,90,4,4,70,78,100,43,0,4,31,96,33,45,71,51,,
Full Stack Developer,MBA,83,1.0,82,71,3,4,65,71,77,58,94,3,79,62,66,95,87,56,,
Full Stack Developer,BTech,72,3.6,58,100,1,2,82,100,76,39,31,2,82,56,36,32,100,72,,
Full Stack Developer,BE,90,0.3,67,58,4,5,62,98,51,78,63,0,83,43,72,65,50,42,,
Full Stack Developer,BTech,72,0.4,81,34,4,3,42,56,54,54,0,0,74,54,61,49,78,78,,
Full Stack Developer,BTech,59,5.8,71,81,3,6,80,71,55,54,86,4,100,75,54,100,99,78,,
Full Stack Developer,BTech,96,1.5,56,57,3,5,100,82,65,26,0,4,76,76,68,68,87,16,,
Full Stack Developer,BSc,69,2.1,72,73,3,4,57,58,37,54,0,1,86,57,44,57,75,80,,
Full Stack Developer,MSc,76,7.7,66,67,3,4,80,63,76,100,65,1,88,82,64,40,87,49,,
Full Stack Developer,MBA,86,0.9,48,96,0,4,77,73,59,7,76,0,58,50,67,70,76,94,,
Full Stack Developer,MSc,50,1.2,48,100,0,1,73,78,59,41,0,1,64,57,66,67,60,40,,
Full Stack Developer,MCA,70,1.6,33,100,0,6,75,97,54,6,0,1,100,74,25,69,74,52,,
Full Stack Developer,BTech,38,1.4,74,61,4,7,80,78,47,68,0,0,57,50,77,54,56,62,,
Full Stack Developer,BCA,56,3.3,63,69,3,1,47,92,39,27,0,0,38,60,77,46,62,34,,
Full Stack Developer,BE,20,3.6,95,76,0,6,64,98,46,61,90,0,85,11,98,65,98,64,,
Full Stack Developer,MSc,86,0.3,59,77,4,2,61,63,30,56,55,0,74,73,6,63,90,25,,
Full Stack Developer,MSc,47,1.1,91,87,2,3,73,95,66,43,0,0,34,59,46,69,100,53,,
Full Stack Developer,PhD,97,1.2,45,100,0,4,99,66,62,44,28,1,83,34,98,90,68,53,,
Full Stack Developer,BTech,79,1.5,66,100,1,2,79,86,35,46,31,0,65,65,31,91,100,41,,
Full Stack Developer,BSc,64,1.1,87,46,5,3,46,32,50,89,19,0,100,40,56,41,83,83,,
Full Stack Developer,MCA,94,0.6,83,92,0,7,85,88,37,68,84,5,100,63,100,77,97,37,,
Full Stack Developer,MBA,78,2.4,73,72,2,1,33,74,57,30,23,1,55,61,64,66,88,36,,
Full Stack Developer,BSc,48,1.5,44,94,1,2,48,76,57,63,0,0,77,44,26,64,83,45,,
Full Stack Developer,BSc,46,0.9,50,87,2,4,89,85,46,48,0,0,51,74,78,83,64,42,,
Full Stack Developer,BCA,75,1.6,99,92,0,0,35,62,52,58,78,0,66,66,40,66,86,34,,
Full Stack Developer,MTech,82,0.4,80,78,5,2,84,78,39,75,0,0,64,78,59,69,58,72,,
Full Stack Developer,MSc,82,1.5,79,83,2,4,85,92,65,41,0,0,43,54,83,33,74,61,,
Full Stack Developer,BTech,36,2.8,100,86,3,3,51,68,53,95,90,0,80,38,56,82,95,84,,
Full Stack Developer,BE,98,2.4,72,81,2,2,39,81,74,69,76,0,64,86,27,91,100,56,,
Full Stack Developer,BE,45,0.2,75,77,3,2,50,72,55,74,0,0,45,12,29,60,71,76,,
Full Stack Developer,MCA,70,3.0,52,96,1,4,52,78,51,43,30,0,87,46,45,35,92,47,,
Full Stack Developer,BE,87,1.0,78,81,3,5,88,68,53,78,27,4,99,50,50,70,94,78,,
Full Stack Developer,BE,34,2.9,72,100,0,7,52,92,41,68,42,7,94,44,26,53,61,57,,
Full Stack Developer,MCA,18,4.8,48,100,0,3,61,81,73,35,72,0,75,39,66,100,98,52,,
Full Stack Developer,MBA,81,4.7,47,100,2,2,79,89,75,18,0,2,62,54,52,50,77,73,,
Full Stack Developer,BCA,74,2.2,27,73,3,4,53,59,36,67,75,0,67,88,60,100,84,81,,
Full Stack Developer,BTech,85,2.0,72,100,0,1,29,100,79,68,0,1,46,37,51,21,100,27,,
Full Stack Developer,BTech,76,0.6,46,100,2,2,45,92,46,38,0,0,60,75,52,68,59,76,,
Full Stack Developer,MSc,87,2.9,78,83,1,2,66,60,58,0,57,0,41,72,39,93,84,54,,
Full Stack Developer,BTech,45,3.3,35,100,0,4,61,86,42,74,64,4,84,56,78,69,100,43,,
Full Stack Developer,MTech,76,2.0,82,96,0,7,65,78,65,68,93,0,82,48,79,76,96,84,,
Full Stack Developer,BTech,51,0.7,56,96,1,3,67,87,56,80,58,2,67,87,68,95,54,75,,
Full Stack Developer,MBA,77,1.4,69,100,1,5,73,55,49,61,0,4,68,42,73,60,76,73,,
Full Stack Developer,MCA,22,3.9,63,83,3,7,78,46,76,80,81,5,91,59,70,52,99,52,,
Full Stack Developer,MCA,62,0.1,61,70,1,1,44,75,38,50,0,1,48,73,31,59,100,14,,
Full Stack Developer,BTech,50,1.8,73,97,3,4,63,84,43,84,72,3,100,23,62,58,80,57,,
Full Stack Developer,BTech,86,3.1,69,99,0,3,78,93,53,51,56,0,77,58,58,84,100,65,,
Full Stack Developer,PhD,60,1.2,45,100,1,6,86,68,60,70,64,3,100,68,64,77,50,73,,
Full Stack Developer,MBA,72,0.0,58,86,4,4,46,51,51,59,22,1,87,70,61,57,75,48,,
Full Stack Developer,BTech,63,3.3,91,64,2,3,52,60,84,63,10,0,74,9,43,55,70,83,,
Full Stack Developer,MCA,38,3.8,50,38,8,3,100,66,15,72,0,0,78,56,84,68,74,60,,
Full Stack Developer,BE,59,1.5,44,91,1,3,79,94,62,8,70,1,44,44,85,91,85,94,,
Full Stack Developer,BTech,63,2.7,57,45,2,5,46,66,79,70,35,5,100,51,51,84,81,31,,
Full Stack Developer,BE,74,2.7,58,100,2,5,77,76,68,82,39,3,100,75,52,54,71,53,,
Full Stack Developer,BSc,92,3.2,71,90,3,6,67,81,84,91,71,6,69,51,59,96,100,36,,
Full Stack Developer,MBA,83,0.6,65,100,0,2,58,76,70,36,47,0,73,52,68,44,84,35,,
Full Stack Developer,BTech,55,3.5,93,93,2,3,71,55,47,40,0,3,82,39,45,48,75,63,,
Full Stack Developer,BTech,48,1.4,58,97,0,2,48,74,24,52,0,2,89,41,79,45,79,45,,
Full Stack Developer,MTech,75,0.8,45,91,3,0,43,100,31,59,0,0,39,84,81,39,65,42,,
Full Stack Developer,BSc,61,3.9,47,93,1,5,62,68,69,58,95,5,79,45,55,61,96,66,,
Full Stack Developer,BCA,78,0.6,49,87,3,4,39,81,41,72,97,0,67,67,78,90,100,50,,
Full Stack Developer,BE,81,0.9,46,62,4,4,60,71,30,78,0,4,48,55,47,58,72,54,,
Full Stack Developer,MSc,87,1.4,40,100,0,6,67,78,71,81,0,4,61,67,49,42,45,59,,
Full Stack Developer,BTech,65,0.6,74,28,6,2,56,92,50,78,0,0,41,50,71,52,47,52,,
Full Stack Developer,BE,74,1.1,85,85,2,4,84,83,26,38,41,0,88,77,68,77,87,95,,
Full Stack Developer,BSc,43,2.1,81,99,1,2,27,97,53,65,73,1,55,33,65,56,72,51,,
Full Stack Developer,PhD,74,0.8,73,88,0,2,51,79,64,40,0,2,80,54,57,33,55,49,,
Full Stack Developer,MTech,48,5.8,72,66,2,5,64,68,63,28,86,2,100,77,91,78,100,57,,
Full Stack Developer,BTech,75,2.0,59,100,2,0,37,93,42,57,0,0,61,10,45,43,61,51,,
Full Stack Developer,BTech,53,5.0,68,100,0,6,78,94,55,41,58,6,87,54,31,60,51,34,,
Full Stack Developer,MCA,67,1.1,79,70,4,0,50,72,55,75,0,0,44,59,45,78,34,61,,
Full Stack Developer,MCA,55,12.2,100,100,0,5,89,74,83,41,87,2,78,61,38,93,100,96,,
Full Stack Developer,BCA,64,0.1,38,72,3,4,79,79,49,93,0,3,82,74,62,62,85,69,,
Full Stack Developer,BBA,83,2.1,92,95,5,3,62,89,60,64,56,0,80,70,61,87,74,73,,
Full Stack Developer,MBA,83,5.1,63,94,3,3,56,97,74,58,10,0,88,58,81,31,49,82,,
Full Stack Developer,BTech,58,4.8,100,77,2,5,58,95,47,47,100,1,78,48,60,96,100,45,,
Full Stack Developer,BTech,54,0.8,61,83,1,0,54,90,48,40,0,0,76,51,41,46,45,43,,
Full Stack Developer,BTech,59,5.1,70,100,2,3,44,76,62,47,45,3,86,63,44,100,96,59,,
Full Stack Developer,BE,70,1.1,62,56,4,1,63,79,59,43,0,0,56,56,29,32,25,55,,
Full Stack Developer,BSc,78,0.2,60,46,5,2,58,71,26,82,0,2,84,47,50,54,43,66,,
Full Stack Developer,BTech,66,0.1,74,35,2,7,88,56,82,91,67,0,96,54,53,88,96,52,,
Full Stack Developer,BBA,93,7.4,100,100,0,8,81,100,91,48,89,6,100,60,79,67,100,100,,
Full Stack Developer,Diploma,78,3.9,43,56,5,5,68,88,68,55,0,4,81,64,65,32,65,21,,
Full Stack Developer,BSc,88,1.5,72,77,1,5,78,73,82,51,100,4,87,63,77,40,100,51,,
Full Stack Developer,BE,87,0.3,76,85,3,3,50,57,45,50,0,0,38,63,95,49,42,36,,
Full Stack Developer,MSc,59,6.6,100,89,0,6,77,100,53,70,100,1,100,97,44,60,82,65,,
Full Stack Developer,BTech,77,3.4,68,94,0,2,63,84,65,32,67,0,62,58,58,70,87,95,,
Full Stack Developer,BCA,38,3.4,67,77,6,3,68,74,66,47,0,0,67,72,66,70,69,81,,
Full Stack Developer,BE,27,4.3,66,28,5,3,87,68,59,55,100,0,66,54,44,100,79,69,,
Full Stack Developer,MCA,73,0.3,42,74,1,5,48,58,32,74,50,5,93,65,64,81,86,54,,
Full Stack Developer,BE,65,2.5,84,100,0,3,40,87,55,74,0,0,50,17,53,73,74,61,,
Full Stack Developer,BCA,82,4.0,41,100,0,1,55,80,84,22,70,0,44,54,50,81,100,65,,
Full Stack Developer,MTech,72,1.3,76,100,1,5,34,97,29,70,54,4,84,29,57,61,87,68,,
Full Stack Developer,BTech,74,0.8,40,51,5,4,66,67,52,56,33,0,81,63,41,80,77,53,,
Full Stack Developer,PhD,46,0.9,67,44,3,2,69,87,62,43,0,0,61,51,54,44,92,62,,
Full Stack Developer,BE,50,1.2,76,88,2,2,46,95,55,45,58,0,76,52,56,31,100,24,,
Full Stack Developer,MSc,74,0.8,46,41,6,5,100,40,60,59,50,2,73,21,52,76,64,90,,
Full Stack Developer,MCA,77,0.3,36,74,0,4,56,100,58,21,51,1,100,43,33,43,74,34,,
Full Stack Developer,BTech,69,0.3,60,96,3,1,56,84,57,31,45,0,54,16,42,84,83,96,,
Full Stack Developer,MBA,25,0.4,43,83,1,6,80,76,71,75,0,5,74,64,62,56,57,68,,
Full Stack Developer,MBA,38,3.5,77,100,1,8,63,92,43,51,0,1,85,74,50,21,71,63,,
Full Stack Developer,BBA,58,0.9,51,71,3,4,89,81,48,74,0,0,52,77,58,36,77,83,,
Full Stack Developer,BTech,21,1.7,79,43,7,3,72,51,63,76,0,3,81,49,75,67,66,90,,
Full Stack Developer,BTech,83,0.3,74,63,5,2,66,68,19,56,64,0,98,50,61,79,62,56,,
Full Stack Developer,MCA,98,1.8,65,70,4,2,76,86,61,74,0,0,61,47,44,72,86,59,,
Full Stack Developer,BBA,87,3.2,86,100,0,7,51,100,68,47,75,1,69,100,90,63,85,55,,
Full Stack Developer,MCA,86,1.2,41,100,1,0,52,89,50,44,46,0,66,60,32,86,100,5,,
Full Stack Developer,BE,92,0.3,39,100,0,7,80,77,61,55,0,3,100,14,85,60,86,52,,
Full Stack Developer,MSc,67,0.0,48,49,1,5,78,57,49,72,51,4,95,39,82,65,75,60,,
Full Stack Developer,BCA,71,0.8,25,62,5,4,69,91,39,56,40,2,82,69,54,59,75,34,,
Full Stack Developer,BBA,71,1.3,80,93,2,0,63,69,37,58,43,0,61,35,74,72,72,51,,
Full Stack Developer,MCA,22,0.2,100,63,1,2,67,82,50,39,32,0,83,60,66,61,91,55,,
Full Stack Developer,BBA,69,3.3,84,100,0,1,52,100,58,48,21,0,58,20,83,77,68,74,,
Full Stack Developer,BTech,75,1.8,58,97,0,5,66,83,46,32,74,1,100,67,35,81,100,25,,
Full Stack Developer,BE,87,2.7,100,91,3,2,77,96,72,61,76,1,91,12,77,80,100,62,,
Full Stack Developer,BTech,76,2.0,64,61,4,2,87,64,45,36,12,1,80,45,77,76,46,53,,
Full Stack Developer,BTech,62,3.0,83,100,0,3,86,81,77,68,0,3,58,54,41,55,63,60,,
Full Stack Developer,BSc,97,2.3,72,100,0,4,59,100,73,63,48,0,100,79,71,76,73,91,,
Full Stack Developer,MSc,72,1.1,75,93,3,1,66,63,57,63,0,0,37,63,83,71,66,64,,
Full Stack Developer,MSc,57,1.9,49,71,1,4,60,64,58,31,100,1,97,59,40,84,94,85,,
Full Stack Developer,MSc,46,1.0,44,77,4,0,15,54,56,28,48,0,44,41,45,45,70,30,,
Full Stack Developer,MCA,21,0.5,51,88,0,2,67,97,52,27,16,0,88,64,62,79,66,64,,
Full Stack Developer,MCA,52,3.4,56,72,1,3,73,64,89,87,78,1,68,77,46,85,100,61,,
Full Stack Developer,MCA,80,1.2,73,85,3,3,59,87,76,56,0,0,65,79,32,72,52,56,,
Full Stack Developer,MBA,88,0.8,37,100,0,6,48,93,76,32,0,0,31,86,45,66,99,34,,
Full Stack Developer,BBA,51,2.9,83,100,0,2,60,94,57,64,68,1,73,50,65,61,92,38,,
Full Stack Developer,MSc,78,1.2,55,100,2,5,52,93,77,47,79,5,75,38,76,64,100,60,,
Full Stack Developer,MBA,77,2.0,55,100,3,1,49,78,55,61,96,0,55,29,47,89,91,38,,
Full Stack Developer,MSc,90,1.9,54,72,1,3,73,90,55,44,0,2,82,34,63,82,85,50,,
Full Stack Developer,BSc,35,2.5,100,100,1,1,42,91,48,59,59,0,81,72,63,62,100,53,,
Full Stack Developer,MSc,78,0.5,48,36,6,5,62,41,21,47,0,4,96,68,72,50,58,72,,
Full Stack Developer,MCA,83,0.7,54,85,3,2,70,77,65,58,77,0,66,77,21,69,100,76,,
Full Stack Developer,BE,81,0.1,88,79,3,3,81,75,88,56,48,2,82,50,37,80,100,34,,
Full Stack Developer,BTech,74,4.7,78,100,1,2,79,90,79,55,56,1,69,32,89,66,71,38,,
Full Stack Developer,MBA,79,2.9,73,81,4,2,33,72,69,63,89,0,80,26,48,58,93,51,,
Full Stack Developer,BBA,88,3.9,59,89,0,5,86,100,69,89,33,1,99,54,74,88,100,91,,
Full Stack Developer,BSc,69,2.5,72,75,2,5,60,100,76,79,37,0,84,15,56,70,63,17,,
Full Stack Developer,BSc,44,1.5,56,83,0,1,77,76,23,65,11,0,48,100,28,68,70,29,,
Full Stack Developer,MCA,69,3.3,68,86,4,2,46,69,67,38,0,2,76,67,73,72,79,65,,
Full Stack Developer,MCA,96,7.1,92,83,1,4,76,87,19,25,100,2,99,49,35,98,86,99,,
Full Stack Developer,MTech,44,1.6,68,92,2,4,85,68,78,61,81,2,95,41,69,66,100,59,,
Full Stack Developer,BE,66,1.3,88,54,0,4,47,65,56,92,0,2,67,59,51,51,78,53,,
Full Stack Developer,BTech,69,2.0,36,84,2,4,76,94,29,37,81,2,93,48,62,97,62,86,,
Full Stack Developer,MCA,80,1.5,80,55,4,3,77,60,72,100,0,1,70,100,68,63,58,75,,
Full Stack Developer,BSc,61,0.7,46,50,7,3,61,48,25,58,0,0,44,62,57,73,25,7,,
Full Stack Developer,MSc,77,3.1,54,100,1,0,32,58,39,37,52,0,86,82,29,58,84,24,,
Full Stack Developer,MSc,31,1.7,75,100,2,4,59,92,50,37,26,0,83,100,56,53,92,70,,
Full Stack Developer,BE,89,0.5,48,100,2,1,38,81,57,37,0,0,50,87,64,56,85,67,,
Full Stack Developer,BE,52,0.7,38,57,2,1,63,97,36,89,0,0,75,44,29,62,51,53,,
Full Stack Developer,MTech,93,3.4,69,76,2,3,33,86,58,71,0,0,64,65,79,39,64,66,,
Full Stack Developer,BTech,84,0.9,55,100,2,4,64,83,44,37,91,0,68,60,63,77,83,38,,
Full Stack Developer,MSc,68,1.9,75,77,3,4,49,100,11,50,73,0,88,52,47,79,73,66,,
Full Stack Developer,BE,57,0.1,66,44,4,3,54,70,45,74,61,0,87,81,49,81,83,21,,
Full Stack Developer,Diploma,97,0.5,85,100,2,7,86,84,36,46,0,5,96,45,83,73,97,55,,
Full Stack Developer,BTech,46,3.6,90,100,1,5,93,75,49,33,91,0,57,81,57,88,64,85,,
Full Stack Developer,MTech,56,3.6,57,100,0,3,74,68,39,86,39,0,74,53,75,66,100,66,,
Full Stack Developer,BE,65,2.0,65,80,2,5,65,100,74,40,54,2,83,68,41,57,100,63,,
Full Stack Developer,BTech,35,0.3,69,57,5,1,34,79,41,50,56,0,55,67,57,41,57,71,,
Full Stack Developer,MCA,35,0.6,68,87,1,2,77,80,39,27,0,2,81,73,83,57,70,45,,
Full Stack Developer,BTech,82,1.4,78,51,3,2,69,70,8,51,55,0,58,54,58,42,76,37,,
Full Stack Developer,MTech,27,1.0,97,54,4,5,59,65,24,79,42,2,80,57,77,39,49,38,,
Full Stack Developer,MBA,63,1.8,63,89,0,3,80,77,75,22,0,0,79,78,63,89,90,50,,
Full Stack Developer,BTech,44,1.4,80,38,5,3,73,68,20,46,0,0,66,50,40,45,70,66,,
Full Stack Developer,BTech,85,7.9,87,83,0,6,84,100,100,95,72,6,100,61,32,100,93,57,,
Full Stack Developer,BE,78,1.5,73,81,0,6,95,68,36,71,50,2,78,69,54,89,97,75,,
Full Stack Developer,MCA,39,3.7,93,99,0,3,80,75,52,39,32,2,75,59,53,88,82,66,,
Full Stack Developer,MSc,58,2.2,64,90,2,0,33,78,58,38,35,0,50,30,64,61,70,53,,
Full Stack Developer,BTech,75,3.4,78,79,3,2,65,85,61,68,29,0,54,57,45,53,81,47,,
Full Stack Developer,MTech,74,1.9,72,88,0,5,57,76,59,58,80,0,82,47,60,78,92,78,,
Full Stack Developer,BTech,82,1.3,44,61,5,4,75,59,50,65,17,0,76,61,49,81,78,53,,
Full Stack Developer,MSc,70,3.0,62,78,1,5,49,71,60,45,77,3,89,65,67,67,91,85,,
Full Stack Developer,MSc,54,0.4,51,81,3,4,71,70,52,67,28,3,74,67,35,60,74,48,,
Full Stack Developer,BCA,71,2.5,74,71,3,1,58,86,42,49,0,0,49,56,67,59,69,32,,
Full Stack Developer,MCA,27,0.9,96,69,2,2,71,85,58,43,19,0,71,58,65,70,95,49,,
Full Stack Developer,MSc,74,1.2,57,63,4,3,59,71,56,56,22,0,76,52,42,44,58,53,,
Full Stack Developer,BE,33,2.6,85,59,2,4,61,67,53,50,63,1,91,40,61,63,75,67,,
Full Stack Developer,BTech,71,2.0,65,73,4,3,81,65,56,65,0,0,63,57,61,84,87,48,,
Full Stack Developer,BCA,54,2.3,59,96,2,5,89,84,78,56,47,5,61,92,50,54,72,60,,
Full Stack Developer,MCA,49,1.4,96,77,1,3,62,79,51,45,36,0,90,62,55,59,93,53,,
Full Stack Developer,BTech,41,2.5,86,64,3,2,36,91,80,60,83,0,72,59,48,66,91,78,,
Full Stack Developer,BE,90,2.2,85,93,2,4,59,72,62,41,0,1,60,54,66,70,67,44,,
Full Stack Developer,BE,78,1.0,78,94,1,4,81,75,44,46,18,0,79,50,58,81,81,82,,
Full Stack Developer,BE,82,1.0,54,88,1,2,44,77,56,41,39,1,69,62,45,72,86,69,,
Full Stack Developer,PhD,59,1.6,64,68,3,3,73,82,65,61,17,1,78,61,53,48,82,57,,
Full Stack Developer,MSc,71,5.6,78,100,0,5,78,97,73,46,84,3,96,47,65,85,82,53,,
Full Stack Developer,BE,63,0.8,53,89,1,6,62,73,62,63,2,2,81,27,85,52,75,40,,
Full Stack Developer,MBA,81,1.5,80,100,1,4,47,95,37,65,0,2,72,35,56,65,82,56,,
Full Stack Developer,MBA,78,1.6,79,58,3,4,59,45,59,76,55,0,76,67,50,89,73,71,,
Full Stack Developer,MCA,50,1.1,63,92,2,2,67,79,47,40,0,0,73,57,71,68,78,42,,
Full Stack Developer,BBA,87,2.0,74,97,0,5,70,78,69,69,24,2,85,57,74,75,89,71,,
Full Stack Developer,BSc,66,2.1,59,82,2,4,63,85,51,60,0,0,57,71,78,63,64,53,,
Full Stack Developer,MSc,80,2.3,54,81,2,5,50,75,52,69,0,0,88,50,54,54,95,63,,
Full Stack Developer,MTech,72,1.3,83,87,2,3,70,86,73,71,55,0,84,56,38,64,94,48,,
Full Stack Developer,BTech,78,4.2,71,87,3,6,71,77,72,78,76,5,81,61,57,99,99,52,,
Full Stack Developer,MTech,55,4.0,53,88,1,5,73,80,66,73,42,2,77,83,71,100,93,81,,
Full Stack Developer,MTech,51,1.2,52,96,1,2,45,69,52,56,0,0,63,51,32,67,82,37,,
Full Stack Developer,MCA,71,3.2,81,87,0,4,92,90,69,44,0,1,67,59,49,49,69,43,,
Full Stack Developer,BBA,56,2.6,55,87,1,3,81,74,44,80,0,0,65,63,67,54,91,73,,
Full Stack Developer,BTech,57,1.8,65,91,2,4,75,91,57,78,39,3,82,48,73,59,80,56,,
Full Stack Developer,BSc,66,2.6,77,80,1,1,53,86,54,54,39,0,65,44,72,82,81,81,,
Full Stack Developer,MCA,41,0.8,48,94,1,4,78,82,57,50,43,0,93,67,64,79,58,70,,
Full Stack Developer,MCA,77,2.9,71,90,1,2,69,86,49,33,0,0,49,50,51,59,71,57,,
Full Stack Developer,BE,80,0.6,46,95,3,0,41,93,42,50,0,0,43,85,75,45,72,51,,
Full Stack Developer,BE,63,1.6,60,85,3,5,67,91,84,41,33,3,62,79,38,53,90,57,,
Full Stack Developer,MBA,64,0.9,57,100,1,4,85,69,60,51,0,1,64,53,57,82,79,58,,
Full Stack Developer,BTech,82,1.8,68,99,1,2,56,93,54,57,0,0,57,52,40,58,100,35,,
Full Stack Developer,Diploma,81,1.7,84,100,1,5,87,82,54,57,0,4,80,47,64,65,82,58,,
Full Stack Developer,BSc,52,1.4,67,94,3,3,50,87,76,54,0,3,43,68,49,50,71,51,,
Full Stack Developer,MCA,64,2.3,60,67,1,3,73,75,70,76,77,0,73,60,43,85,96,58,,
Full Stack Developer,BTech,65,1.6,63,83,1,4,63,87,61,45,52,2,87,55,56,90,96,39,,
Full Stack Developer,MSc,65,1.3,91,73,4,1,63,76,64,55,0,0,95,57,68,71,87,36,,
Full Stack Developer,BSc,72,3.6,73,89,1,4,70,95,77,67,49,0,76,23,72,67,68,28,,
Full Stack Developer,BE,47,2.2,69,31,4,4,74,63,57,58,86,0,65,64,64,100,79,71,,
Full Stack Developer,BE,76,3.0,83,92,2,2,79,85,83,56,54,1,74,39,70,71,83,37,,
Full Stack Developer,MBA,83,4.4,52,96,2,2,56,88,80,39,43,0,64,58,65,56,74,74,,
Full Stack Developer,MTech,85,1.3,97,92,3,2,54,89,47,60,0,0,69,54,55,71,75,57,,
Full Stack Developer,BTech,49,1.3,62,69,2,2,28,61,54,69,41,0,59,54,80,46,68,36,,
Full Stack Developer,BTech,92,3.5,70,46,4,3,71,71,31,47,65,0,91,54,48,66,77,82,,
Full Stack Developer,BTech,86,2.7,63,75,2,3,91,70,55,57,0,0,71,58,57,68,77,45,,
Full Stack Developer,MSc,62,1.3,89,66,3,2,68,70,54,48,33,0,91,73,63,76,93,40,,
Full Stack Developer,BSc,53,3.9,65,81,2,4,78,73,41,59,52,2,76,86,43,86,86,57,,
Full Stack Developer,MBA,33,0.9,55,74,2,6,80,77,62,72,0,0,66,59,67,55,57,66,,
Full Stack Developer,MSc,79,0.9,91,90,3,2,53,77,55,71,0,0,51,54,63,70,73,69,,
Full Stack Developer,MSc,54,5.1,73,86,2,6,70,82,55,70,26,1,86,78,56,28,78,57,,
Full Stack Developer,BTech,60,3.0,76,65,4,4,60,73,39,50,0,0,64,53,59,87,66,30,,
Full Stack Developer,MBA,63,1.0,66,84,3,2,72,81,45,42,72,0,59,45,77,91,89,55,,
Full Stack Developer,BTech,66,1.2,68,70,2,3,74,74,18,64,28,0,71,57,47,59,80,40,,
Full Stack Developer,BE,37,2.6,53,65,3,4,92,71,58,53,0,2,58,70,55,86,80,55,,
Full Stack Developer,BE,55,1.7,65,54,3,0,39,80,35,48,38,0,61,59,68,53,73,43,,
Full Stack Developer,MBA,62,2.9,57,70,2,4,55,72,58,66,0,0,76,34,48,47,72,68,,
Full Stack Developer,BBA,78,1.6,92,89,1,4,41,85,45,51,35,0,57,90,86,38,77,49,,
Full Stack Developer,BTech,84,1.4,60,83,2,2,44,87,57,73,0,2,47,45,50,37,88,38,,
Full Stack Developer,MBA,83,2.9,55,83,1,5,74,91,84,41,0,1,45,76,59,72,99,41,,
Full Stack Developer,BSc,69,2.9,78,89,1,3,56,100,65,62,27,0,70,17,72,75,65,49,,
Full Stack Developer,BE,49,2.1,91,78,1,5,72,87,66,58,71,0,83,30,69,72,100,50,,
Full Stack Developer,BCA,76,2.0,44,74,3,3,78,86,71,33,0,1,64,56,54,46,92,47,,
Full Stack Developer,BTech,72,4.0,63,78,2,5,75,78,56,60,12,0,59,67,55,57,65,27,,
Full Stack Developer,BTech,62,2.6,49,76,2,3,60,93,35,32,40,1,66,54,70,72,61,60,,
Full Stack Developer,BBA,63,1.2,86,69,4,4,79,78,65,71,17,0,80,66,52,62,81,56,,
Full Stack Developer,BTech,62,3.9,68,81,3,6,73,86,65,48,70,3,92,71,47,79,100,72,,
Full Stack Developer,BBA,46,2.4,66,93,0,6,66,95,53,69,26,5,80,58,50,57,69,57,,
Machine Learning Engineer,BE,82,4.2,68,88,1,7,93,58,51,84,71,7,100,76,75,60,79,60,,
Machine Learning Engineer,MCA,95,0.4,46,84,2,4,44,83,64,64,82,2,90,65,53,100,100,74,,
Machine Learning Engineer,MTech,55,1.8,60,100,0,2,59,82,6,42,0,0,62,49,100,73,37,78,,
Machine Learning Engineer,MCA,54,1.3,83,43,8,2,84,80,58,67,55,0,81,84,62,100,76,48,,
Machine Learning Engineer,BE,35,2.6,49,95,3,4,63,62,60,100,39,1,100,91,55,85,79,74,,
Machine Learning Engineer,MSc,64,2.1,64,91,2,3,47,83,36,73,16,3,93,69,25,53,58,52,,
Machine Learning Engineer,BE,86,2.0,80,100,0,5,43,58,50,68,0,5,93,61,52,51,85,58,,
Machine Learning Engineer,MTech,80,0.5,54,58,3,2,67,66,58,41,47,1,100,50,39,50,55,64,,
Machine Learning Engineer,MCA,60,1.1,73,63,3,3,54,65,35,37,0,1,74,33,50,37,52,20,,
Machine Learning Engineer,MCA,86,2.4,57,64,5,4,50,71,51,58,79,2,74,97,52,82,99,55,,
Machine Learning Engineer,MSc,83,4.2,100,100,0,3,70,90,100,59,0,1,88,91,34,80,77,79,,
Machine Learning Engineer,BTech,88,1.3,70,57,2,4,54,56,77,59,100,0,58,35,41,71,72,34,,
Machine Learning Engineer,BTech,83,1.3,64,91,0,4,77,72,27,45,58,3,93,29,71,59,76,77,,
Machine Learning Engineer,BTech,94,8.2,100,98,0,6,77,56,90,84,89,5,87,77,74,62,100,52,,
Machine Learning Engineer,BTech,75,5.1,92,90,2,4,80,63,100,75,100,0,79,49,56,64,100,82,,
Machine Learning Engineer,MSc,71,0.7,59,83,3,5,87,98,56,67,74,5,100,20,57,81,57,39,,
Machine Learning Engineer,BCA,89,1.1,59,70,2,4,56,100,40,42,35,1,74,75,52,44,67,73,,
Machine Learning Engineer,BTech,79,2.8,74,83,0,6,84,88,66,63,74,0,85,71,59,83,71,49,,
Machine Learning Engineer,BBA,48,7.1,65,100,0,6,76,87,100,62,100,6,70,34,56,74,96,92,,
Machine Learning Engineer,BE,66,1.0,100,100,0,2,69,96,55,52,74,1,52,51,61,88,100,57,,
Machine Learning Engineer,BCA,83,0.3,52,85,4,3,44,47,60,29,0,0,56,67,28,50,86,59,,
Machine Learning Engineer,MCA,42,0.6,49,98,0,6,71,67,89,90,51,1,80,62,82,70,89,39,,
Machine Learning Engineer,BE,63,3.1,79,69,3,3,55,90,68,42,54,2,84,40,55,55,74,77,,
Machine Learning Engineer,MSc,70,1.4,88,96,0,5,87,93,53,52,0,2,87,75,30,71,47,82,,
Machine Learning Engineer,BBA,79,0.8,67,72,3,4,84,61,51,66,0,1,78,100,55,41,52,60,,
Machine Learning Engineer,BTech,29,1.8,28,61,9,4,100,58,67,64,71,3,90,60,54,79,100,62,,
Machine Learning Engineer,BTech,89,2.1,61,100,1,4,87,87,35,59,0,4,60,60,92,59,65,54,,
Machine Learning Engineer,BTech,53,3.0,87,80,3,2,60,90,39,39,53,2,100,37,97,96,63,61,,
Machine Learning Engineer,BE,78,2.1,57,52,6,6,52,72,47,100,82,2,97,72,73,75,87,66,,
Machine Learning Engineer,BTech,62,2.0,71,81,1,3,77,100,55,58,66,2,58,69,41,42,100,65,,
Machine Learning Engineer,MSc,59,0.5,44,66,2,0,57,54,20,67,40,0,68,78,72,62,81,47,,
Machine Learning Engineer,BE,90,2.7,59,91,2,2,49,78,57,59,87,2,92,38,65,78,75,50,,
Machine Learning Engineer,MSc,57,6.7,67,99,0,10,100,90,92,88,88,4,100,81,57,85,99,59,,
Machine Learning Engineer,BSc,85,4.1,91,100,0,4,96,83,43,45,61,1,100,48,59,61,65,97,,
Machine Learning Engineer,BTech,65,0.1,77,40,6,2,51,61,59,47,0,0,49,49,71,66,62,45,,
Machine Learning Engineer,BTech,72,1.2,56,82,3,2,65,52,52,37,0,2,54,30,33,72,62,16,,
Machine Learning Engineer,BTech,62,0.9,100,100,0,2,66,88,21,57,43,2,48,92,49,47,83,77,,
Machine Learning Engineer,BTech,59,1.4,73,99,1,0,49,79,38,61,0,0,56,59,60,94,60,55,,
Machine Learning Engineer,BTech,74,4.6,68,54,3,4,74,76,70,74,0,0,70,74,55,53,57,67,,
Machine Learning Engineer,BCA,58,3.9,59,100,0,2,73,100,70,67,78,2,57,3,57,91,92,84,,
Machine Learning Engineer,BTech,64,0.2,67,82,5,3,56,81,64,50,50,0,70,100,40,76,76,16,,
Machine Learning Engineer,BSc,88,1.2,55,64,3,4,48,69,62,65,58,3,87,51,54,51,91,34,,
Machine Learning Engineer,BBA,94,8.6,87,99,0,5,57,79,83,36,100,1,95,60,48,89,100,59,,
Machine Learning Engineer,MSc,41,4.7,65,100,0,2,62,100,50,67,66,2,59,82,52,75,95,35,,
Machine Learning Engineer,BTech,84,1.2,80,76,3,2,28,77,66,32,0,0,40,67,65,46,73,60,,
Machine Learning Engineer,BE,91,4.6,53,90,4,3,74,58,41,75,66,1,89,98,47,86,97,67,,
Machine Learning Engineer,BTech,90,1.0,46,98,1,2,47,99,30,72,69,0,76,32,53,90,38,66,,
Machine Learning Engineer,BE,75,2.9,82,100,0,2,64,87,70,58,67,0,81,57,54,85,90,41,,
Machine Learning Engineer,BTech,81,0.8,80,37,7,3,96,76,53,31,43,0,81,41,67,54,79,44,,
Machine Learning Engineer,MBA,98,1.6,80,86,0,1,70,68,50,30,0,0,73,43,51,39,72,31,,
Machine Learning Engineer,BTech,63,1.0,55,100,0,4,71,76,42,59,72,0,90,35,50,100,86,55,,
Machine Learning Engineer,MBA,68,4.7,53,100,0,5,53,60,57,50,90,0,85,72,76,77,80,94,,
Machine Learning Engineer,MCA,89,0.8,77,94,1,1,66,92,68,72,94,0,64,37,67,100,100,31,,
Machine Learning Engineer,MSc,79,0.9,36,95,0,6,71,81,67,76,47,0,81,58,64,64,86,48,,
Machine Learning Engineer,BTech,69,1.1,80,100,0,0,39,97,57,58,70,0,100,49,10,74,90,52,,
Machine Learning Engineer,MCA,71,3.0,80,97,0,6,64,80,88,73,1,3,90,40,86,77,92,51,,
Machine Learning Engineer,MTech,85,2.1,78,100,0,5,57,85,62,77,40,3,100,80,82,57,90,69,,
Machine Learning Engineer,BTech,81,7.3,98,88,3,5,54,89,42,59,92,1,100,96,57,84,70,59,,
Machine Learning Engineer,BSc,81,1.2,60,84,2,0,71,100,69,29,18,0,68,45,28,42,94,32,,
Machine Learning Engineer,BBA,84,1.1,62,60,2,6,97,84,47,71,0,4,83,90,98,46,68,85,,
Machine Learning Engineer,MSc,50,1.8,76,96,1,4,55,100,65,84,0,2,78,66,23,29,65,43,,
Machine Learning Engineer,BBA,66,3.1,70,100,0,2,23,82,59,65,75,0,97,85,74,72,100,71,,
Machine Learning Engineer,MSc,85,1.7,92,88,1,6,57,88,58,60,0,1,77,57,53,59,96,61,,
Machine Learning Engineer,BBA,72,0.7,87,83,0,4,73,73,38,55,60,0,74,29,56,85,99,52,,
Machine Learning Engineer,BE,83,1.9,66,62,4,5,85,80,59,50,0,1,64,66,69,42,78,44,,
Machine Learning Engineer,BE,42,0.9,90,81,4,3,51,90,53,79,78,1,85,63,65,75,55,44,,
Machine Learning Engineer,BTech,83,3.3,54,95,1,4,54,100,69,60,100,4,88,47,15,61,100,59,,
Machine Learning Engineer,BCA,77,2.1,85,63,6,3,78,80,53,55,44,1,100,37,38,55,81,28,,
Machine Learning Engineer,BE,65,1.0,55,87,3,3,60,75,54,53,0,1,48,63,52,91,40,24,,
Machine Learning Engineer,BE,82,2.5,76,52,5,6,91,67,68,82,60,1,100,70,45,77,93,74,,
Machine Learning Engineer,MSc,40,2.4,60,69,3,2,65,68,44,68,0,2,77,58,76,93,98,83,,
Machine Learning Engineer,BE,84,1.9,48,68,0,4,70,85,61,47,0,2,76,36,44,77,89,56,,
Machine Learning Engineer,MCA,85,2.8,70,93,2,6,100,84,95,52,87,0,72,80,81,100,60,57,,
Machine Learning Engineer,BCA,11,1.1,78,38,6,3,59,64,36,54,9,2,88,78,71,63,19,83,,
Machine Learning Engineer,BE,84,6.1,100,90,3,3,81,46,73,73,35,3,84,63,78,78,73,19,,
Machine Learning Engineer,BSc,21,1.1,55,62,4,2,63,50,81,73,53,0,79,29,52,46,85,34,,
Machine Learning Engineer,MTech,82,2.1,60,100,0,3,53,66,74,51,0,2,92,42,45,80,91,38,,
Machine Learning Engineer,MCA,45,0.8,77,29,5,3,31,83,26,78,43,0,71,88,62,46,67,19,,
Machine Learning Engineer,BBA,54,4.2,83,100,0,3,83,85,41,71,91,1,91,64,47,86,88,64,,
Machine Learning Engineer,BCA,14,0.3,46,72,6,0,62,45,69,34,0,0,40,65,71,96,95,67,,
Machine Learning Engineer,BE,68,1.5,73,33,5,4,80,78,44,47,59,4,76,100,29,79,65,73,,
Machine Learning Engineer,BSc,37,0.0,51,97,0,3,68,94,67,49,59,0,84,51,48,79,100,43,,
Machine Learning Engineer,BBA,65,0.9,76,57,4,4,49,65,30,48,0,0,67,45,39,67,72,56,,
Machine Learning Engineer,MCA,54,1.0,44,56,5,3,49,71,55,89,57,2,100,61,80,69,87,61,,
Machine Learning Engineer,MBA,47,2.2,81,74,2,6,52,97,71,68,81,2,64,69,52,65,100,67,,
Machine Learning Engineer,MBA,85,1.2,60,94,4,2,51,59,21,57,49,0,47,36,18,40,57,30,,
Machine Learning Engineer,MSc,82,1.5,75,41,7,4,61,39,44,64,0,0,87,98,70,64,77,29,,
Machine Learning Engineer,BTech,77,0.7,52,62,5,4,53,63,66,100,75,0,76,38,11,60,86,61,,
Machine Learning Engineer,MSc,92,0.1,74,100,1,3,19,49,44,76,62,0,72,46,78,52,80,78,,
Machine Learning Engineer,MCA,58,5.4,76,100,2,6,86,63,58,71,48,1,81,68,27,71,72,100,,
Machine Learning Engineer,BE,65,2.7,100,66,6,3,53,70,57,45,33,3,77,70,75,51,58,56,,
Machine Learning Engineer,MSc,84,0.2,57,95,2,1,52,87,19,73,0,0,68,37,79,31,60,81,,
Machine Learning Engineer,BSc,44,1.4,83,63,6,0,89,30,14,60,49,0,76,90,31,72,56,59,,
Machine Learning Engineer,MCA,62,0.5,69,36,5,2,57,81,39,60,0,0,51,45,86,31,45,30,,
Machine Learning Engineer,MSc,83,0.9,62,83,0,4,76,87,61,75,0,4,100,73,55,61,61,58,,
Machine Learning Engineer,MTech,81,1.3,62,73,4,3,80,93,45,54,72,0,72,75,73,65,66,42,,
Machine Learning Engineer,MCA,85,3.8,60,58,4,2,59,47,55,34,40,1,69,23,78,42,75,26,,
Machine Learning Engineer,PhD,39,0.1,33,81,2,5,70,77,72,52,72,0,69,67,46,67,100,78,,
Machine Learning Engineer,MSc,64,0.7,80,85,2,4,66,98,60,86,0,0,64,39,56,39,74,88,,
Machine Learning Engineer,MSc,76,9.0,62,92,0,5,66,62,96,59,89,5,100,61,44,95,82,44,,
Machine Learning Engineer,BTech,18,1.3,61,81,2,3,43,64,71,72,0,2,67,46,67,59,71,52,,
Machine Learning Engineer,BBA,32,0.7,100,80,0,3,83,100,61,54,61,1,79,49,53,78,95,39,,
Machine Learning Engineer,BTech,43,0.8,74,80,3,4,60,45,34,74,0,0,70,74,62,66,63,48,,
Machine Learning Engineer,BTech,72,1.1,48,100,2,2,64,53,60,60,49,0,80,54,60,50,100,65,,
Machine Learning Engineer,BTech,78,4.0,72,87,3,4,48,54,77,42,0,4,66,43,76,51,68,72,,
Machine Learning Engineer,BSc,57,0.8,30,47,7,5,48,44,93,64,35,0,100,72,65,56,80,93,,
Machine Learning Engineer,BE,52,4.5,90,99,2,2,37,83,71,64,49,1,92,83,33,54,100,40,,
Machine Learning Engineer,BTech,94,1.6,56,94,2,3,72,78,89,56,99,0,86,62,46,57,92,44,,
Machine Learning Engineer,BE,76,4.3,58,70,2,0,58,49,37,56,14,0,87,57,74,59,89,28,,
Machine Learning Engineer,BE,64,0.3,61,67,5,0,69,41,16,36,0,0,42,58,48,50,81,36,,
Machine Learning Engineer,BCA,68,1.9,59,68,3,4,74,81,49,61,0,3,72,50,71,72,83,63,,
Machine Learning Engineer,MSc,90,1.4,46,98,3,1,68,67,51,52,48,1,79,74,42,56,92,18,,
Machine Learning Engineer,Diploma,73,1.5,66,75,4,6,92,65,31,72,80,5,94,43,40,79,55,31,,
Machine Learning Engineer,PhD,77,3.4,72,100,1,5,79,93,23,55,88,2,98,57,46,85,87,47,,
Machine Learning Engineer,BTech,36,1.6,51,88,0,4,85,75,22,73,0,4,73,67,57,62,64,99,,
Machine Learning Engineer,BTech,58,2.9,49,100,2,4,40,91,63,56,0,0,87,56,49,48,92,57,,
Machine Learning Engineer,MCA,83,6.5,88,76,2,6,90,57,82,53,95,1,100,70,64,76,80,60,,
Machine Learning Engineer,BTech,78,6.7,59,94,1,5,49,89,52,72,44,2,96,59,100,63,62,42,,
Machine Learning Engineer,BTech,99,0.8,78,75,4,2,79,100,56,44,0,1,56,54,26,80,87,62,,
Machine Learning Engineer,BSc,91,3.3,56,67,6,4,71,70,69,32,34,0,89,71,100,81,99,66,,
Machine Learning Engineer,BCA,46,2.5,80,56,4,4,39,95,75,58,0,0,43,66,71,41,70,51,,
Machine Learning Engineer,BSc,92,7.5,87,98,0,6,81,79,63,63,0,6,74,46,61,47,64,66,,
Machine Learning Engineer,MSc,90,3.4,95,81,0,5,82,68,44,49,0,4,91,29,73,87,63,64,,
Machine Learning Engineer,BTech,78,1.5,80,40,4,6,75,65,60,58,77,6,100,35,26,82,92,34,,
Machine Learning Engineer,BE,52,0.7,100,87,1,4,55,74,42,30,65,1,72,84,73,78,78,60,,
Machine Learning Engineer,BCA,84,3.8,90,84,0,5,81,92,53,77,100,0,66,68,49,79,78,68,,
Machine Learning Engineer,MTech,83,2.4,91,89,1,2,79,78,51,87,0,0,57,43,49,32,52,47,,
Machine Learning Engineer,MBA,66,0.8,47,38,4,4,41,60,77,56,71,2,83,62,87,73,82,68,,
Machine Learning Engineer,MSc,61,1.8,73,58,3,8,100,93,52,65,68,3,93,54,93,79,100,80,,
Machine Learning Engineer,BE,44,5.8,95,86,2,9,82,96,72,45,100,1,85,76,61,78,100,77,,
Machine Learning Engineer,MTech,65,2.2,97,83,2,5,61,100,83,90,68,0,51,44,39,82,98,46,,
Machine Learning Engineer,MCA,27,1.8,70,99,1,3,83,68,31,68,0,3,61,48,48,43,45,52,,
Machine Learning Engineer,BTech,42,1.2,100,86,1,2,56,100,40,51,45,1,84,61,48,18,68,55,,
Machine Learning Engineer,MTech,78,2.9,59,100,0,0,64,91,83,58,0,0,54,78,44,58,64,60,,
Machine Learning Engineer,BBA,35,3.3,69,90,0,1,59,73,27,37,42,1,94,47,46,65,74,45,,
Machine Learning Engineer,BCA,55,1.8,44,71,0,3,92,87,66,37,59,0,70,56,40,63,100,61,,
Machine Learning Engineer,BTech,83,1.7,100,100,0,4,88,89,84,41,33,3,96,67,100,95,55,63,,
Machine Learning Engineer,MSc,94,1.0,50,100,0,4,53,85,65,52,34,0,44,32,45,65,94,68,,
Machine Learning Engineer,MCA,65,1.3,53,76,3,4,59,82,64,56,61,1,90,14,69,85,94,39,,
Machine Learning Engineer,BTech,81,1.0,70,100,0,1,36,87,38,84,72,1,72,67,55,31,100,98,,
Machine Learning Engineer,BE,61,2.8,96,87,2,3,59,85,48,45,66,0,82,87,79,52,81,36,,
Machine Learning Engineer,MTech,91,1.2,69,100,0,4,80,75,70,57,36,2,100,57,73,74,100,17,,
Machine Learning Engineer,BBA,24,3.0,58,96,0,7,53,49,65,43,15,0,68,57,34,73,75,26,,
Machine Learning Engineer,BSc,50,3.1,75,65,0,4,56,85,57,98,55,4,96,61,52,63,84,53,,
Machine Learning Engineer,MSc,48,3.9,71,100,1,3,62,85,38,82,58,1,69,40,40,100,59,69,,
Machine Learning Engineer,BTech,71,1.2,69,60,4,5,61,73,58,35,100,3,100,68,63,68,64,42,,
Machine Learning Engineer,MBA,71,4.3,68,87,0,3,83,82,62,36,60,0,62,48,66,71,84,82,,
Machine Learning Engineer,MBA,81,1.6,59,81,3,2,50,100,70,44,34,2,60,96,46,61,84,66,,
Machine Learning Engineer,BTech,30,3.4,83,40,7,0,56,63,43,91,62,0,59,52,33,73,89,34,,
Machine Learning Engineer,BE,76,1.8,59,98,1,2,59,72,58,77,0,0,41,69,81,40,52,70,,
Machine Learning Engineer,BTech,71,0.8,71,71,3,3,26,65,61,79,17,1,100,51,100,42,80,63,,
Machine Learning Engineer,MTech,47,1.8,78,100,0,2,89,93,22,42,0,0,69,60,58,66,71,34,,
Machine Learning Engineer,MCA,79,4.0,94,100,0,4,100,100,78,63,45,3,70,21,37,97,100,51,,
Machine Learning Engineer,MTech,16,1.4,84,81,3,4,90,96,58,59,0,0,63,55,68,55,78,38,,
Machine Learning Engineer,MCA,90,0.8,51,72,0,4,85,85,33,55,62,4,100,23,51,75,89,23,,
Machine Learning Engineer,MSc,74,2.6,72,85,2,2,37,99,75,80,60,0,67,48,76,62,100,49,,
Machine Learning Engineer,BTech,64,0.6,63,100,2,3,56,61,46,44,77,3,67,42,46,33,100,33,,
Machine Learning Engineer,MSc,86,0.5,46,57,2,3,78,76,58,60,20,0,92,44,49,61,82,47,,
Machine Learning Engineer,BE,77,0.7,47,73,4,3,46,62,61,56,0,0,46,66,49,81,77,84,,
Machine Learning Engineer,BTech,82,0.5,85,40,4,2,57,59,63,31,47,0,66,79,38,54,69,41,,
Machine Learning Engineer,BTech,61,1.3,64,98,3,3,43,98,40,33,33,0,100,46,79,63,100,67,,
Machine Learning Engineer,MTech,66,1.9,84,78,4,1,56,83,69,79,62,0,79,55,68,86,100,94,,
Machine Learning Engineer,MCA,79,2.1,90,82,4,0,44,100,49,24,0,0,53,48,57,47,73,74,,
Machine Learning Engineer,BTech,56,3.8,82,84,1,4,70,88,66,59,85,4,83,44,70,58,83,60,,
Machine Learning Engineer,MCA,55,1.8,71,70,4,2,44,71,63,90,0,2,46,44,58,36,77,65,,
Machine Learning Engineer,BSc,90,0.1,65,63,3,2,35,60,40,57,0,2,87,87,76,37,58,39,,
Machine Learning Engineer,BTech,64,4.0,58,95,0,1,56,100,76,67,0,0,29,60,68,58,84,46,,
Machine Learning Engineer,BCA,80,2.3,33,61,6,5,92,63,60,58,80,2,71,67,35,61,94,50,,
Machine Learning Engineer,MBA,86,0.8,65,89,3,5,67,88,73,58,0,0,55,30,55,77,88,49,,
Machine Learning Engineer,BE,52,1.4,66,91,1,3,55,92,54,44,56,1,85,94,62,72,79,55,,
Machine Learning Engineer,BE,69,0.0,56,54,3,1,63,76,38,50,28,0,59,35,56,48,69,63,,
Machine Learning Engineer,MCA,42,1.3,55,68,3,4,54,76,22,83,36,0,87,88,52,61,67,89,,
Machine Learning Engineer,MCA,46,1.4,46,76,3,3,56,74,45,93,47,0,90,71,68,41,85,49,,
Machine Learning Engineer,PhD,85,1.7,60,100,2,3,35,92,54,35,41,0,77,76,37,65,64,63,,
Machine Learning Engineer,MTech,57,1.5,68,87,2,2,62,62,53,68,0,0,64,77,54,63,63,52,,
Machine Learning Engineer,BTech,78,1.5,64,79,3,4,48,82,55,35,73,0,88,72,52,66,64,52,,
Machine Learning Engineer,MSc,82,1.2,76,66,4,5,89,97,54,54,0,2,72,53,55,80,92,69,,
Machine Learning Engineer,BBA,48,2.5,63,91,1,4,76,82,53,62,83,0,82,65,46,78,93,69,,
Machine Learning Engineer,MCA,60,1.0,72,69,3,1,54,80,38,60,0,0,53,53,73,62,52,42,,
Machine Learning Engineer,BTech,70,1.0,77,52,5,3,73,70,44,35,21,0,77,36,58,43,64,32,,
Machine Learning Engineer,BTech,39,2.2,62,59,5,2,55,71,44,93,54,0,77,62,53,55,86,42,,
Machine Learning Engineer,BE,41,1.5,68,44,6,4,56,68,41,74,41,2,91,77,72,67,47,75,,
Machine Learning Engineer,BTech,74,4.5,78,88,1,3,82,73,80,54,75,0,69,48,61,69,92,83,,
Machine Learning Engineer,BBA,44,1.6,78,90,1,4,65,96,62,55,34,0,82,52,50,64,93,47,,
Machine Learning Engineer,MTech,79,3.4,71,96,1,3,65,65,85,61,40,0,85,45,49,74,95,57,,
Machine Learning Engineer,BE,57,2.6,68,47,6,3,54,69,45,95,74,0,81,63,56,74,88,52,,
Machine Learning Engineer,PhD,79,5.4,64,96,1,5,61,91,41,66,62,2,98,57,81,70,72,44,,
Machine Learning Engineer,BTech,57,3.4,82,90,1,3,54,90,64,62,56,1,78,76,36,50,100,51,,
Machine Learning Engineer,BTech,45,2.4,74,68,5,1,49,80,42,63,46,0,78,50,55,69,94,50,,
Machine Learning Engineer,MBA,75,1.4,66,93,3,3,52,74,37,67,0,0,58,48,19,35,60,35,,
Machine Learning Engineer,MCA,70,1.5,78,42,7,3,70,55,49,66,0,0,85,93,67,78,76,35,,
Machine Learning Engineer,BSc,52,1.5,80,80,3,3,59,81,61,47,44,2,81,59,64,63,76,52,,
Machine Learning Engineer,PhD,78,2.4,71,98,1,5,50,85,73,56,18,0,84,56,62,71,79,57,,
Machine Learning Engineer,BTech,73,1.2,76,69,3,2,40,71,51,34,0,0,55,50,56,41,63,41,,
Machine Learning Engineer,BE,66,3.0,91,67,5,3,54,80,62,44,43,3,80,55,65,53,66,66,,
Machine Learning Engineer,MTech,73,3.6,73,100,1,5,84,68,62,66,41,2,90,65,50,73,84,63,,
Machine Learning Engineer,BTech,61,3.1,80,77,3,6,51,77,67,64,53,1,94,62,82,58,89,69,,
Machine Learning Engineer,MTech,79,3.6,82,100,0,3,86,97,80,62,0,2,65,42,39,81,87,53,,
Machine Learning Engineer,BTech,68,1.2,76,93,0,3,55,94,53,51,40,0,65,47,46,41,80,61,,
Machine Learning Engineer,MCA,53,3.0,70,94,1,5,87,63,41,76,0,5,79,62,61,52,61,57,,
Machine Learning Engineer,MSc,80,2.7,76,86,1,4,78,77,78,74,0,2,89,61,55,63,79,70,,
Machine Learning Engineer,BTech,64,0.8,67,91,1,2,61,100,41,63,66,0,78,39,53,83,61,54,,
Machine Learning Engineer,BBA,67,3.8,63,100,0,3,33,74,58,60,84,0,93,82,75,74,93,79,,
Machine Learning Engineer,BBA,55,2.7,58,81,0,3,88,86,57,51,71,0,78,59,42,71,96,63,,
Machine Learning Engineer,MBA,89,2.1,53,72,3,3,83,65,55,47,0,1,73,56,42,51,85,41,,
Machine Learning Engineer,MCA,62,1.4,55,98,1,4,65,69,70,83,0,0,57,66,82,53,68,57,,
Machine Learning Engineer,BCA,79,4.1,80,70,1,5,78,85,61,76,0,0,68,70,51,65,67,67,,
Machine Learning Engineer,BTech,73,2.8,70,58,4,4,67,74,64,52,55,0,87,71,60,61,60,53,,
Machine Learning Engineer,MSc,48,3.0,69,76,2,3,66,76,53,63,0,3,79,52,74,80,92,74,,
Machine Learning Engineer,MSc,57,4.6,68,87,2,4,63,54,63,68,0,2,84,67,53,79,72,47,,
Machine Learning Engineer,MSc,84,1.1,50,100,1,3,57,73,64,56,39,0,58,41,52,60,97,66,,
Machine Learning Engineer,BBA,56,3.1,96,87,1,4,81,79,82,67,83,0,79,50,55,71,97,64,,
Machine Learning Engineer,BTech,64,2.2,69,99,1,4,61,92,59,54,0,1,86,66,41,58,70,69,,
Machine Learning Engineer,BBA,37,2.8,63,77,2,2,64,70,38,57,0,2,83,53,65,81,89,67,,
Machine Learning Engineer,BBA,79,1.1,66,74,3,3,82,79,48,59,0,0,74,87,66,54,60,48,,
Machine Learning Engineer,BE,70,1.6,76,62,5,2,60,69,57,44,40,2,89,60,58,49,58,61,,
Machine Learning Engineer,BCA,54,1.2,71,79,0,3,74,80,55,33,62,0,70,70,55,72,89,61,,
Machine Learning Engineer,MCA,58,1.9,88,61,6,2,74,81,53,58,61,0,83,87,70,80,77,42,,
Machine Learning Engineer,MTech,69,2.0,78,100,0,1,65,88,55,58,0,1,51,85,47,53,73,69,,
Machine Learning Engineer,BTech,80,0.7,59,70,2,4,64,70,65,54,46,0,74,67,52,60,78,46,,
Machine Learning Engineer,BTech,57,2.6,71,66,4,2,72,88,65,67,0,0,57,71,65,81,78,46,,
Machine Learning Engineer,MCA,62,1.1,61,70,3,4,58,75,51,47,33,1,82,24,60,63,75,31,,
Machine Learning Engineer,BE,69,2.9,74,94,2,3,40,83,69,64,64,1,92,76,41,73,100,54,,
Machine Learning Engineer,BTech,81,4.6,71,91,2,5,62,86,52,67,73,0,92,80,61,76,77,54,,
Machine Learning Engineer,MSc,79,1.2,70,99,2,2,69,79,54,53,59,1,68,64,50,71,95,33,,
Machine Learning Engineer,BE,79,1.7,59,87,2,2,49,96,46,61,63,1,78,35,53,76,52,71,,
Machine Learning Engineer,BE,50,2.2,77,89,2,3,62,95,60,73,77,1,71,35,62,82,72,63,,
Machine Learning Engineer,BTech,51,2.4,75,94,0,1,49,86,42,48,55,0,97,48,29,70,81,49,,
Machine Learning Engineer,MSc,68,1.4,71,63,3,6,94,81,52,65,40,2,87,73,78,64,79,72,,
Machine Learning Engineer,BSc,75,3.0,76,88,3,4,64,80,64,54,28,0,72,79,47,65,72,37,,
Machine Learning Engineer,BTech,83,1.4,57,95,2,2,53,91,37,68,35,1,76,41,56,42,75,73,,
Machine Learning Engineer,MCA,69,1.1,62,63,3,2,56,68,61,64,24,2,74,48,48,43,66,65,,
Machine Learning Engineer,MCA,51,1.4,66,58,6,2,73,77,53,78,52,0,85,77,64,74,79,47,,
Machine Learning Engineer,MCA,63,0.6,66,54,5,3,37,67,41,55,22,0,65,80,45,48,76,37,,
Machine Learning Engineer,BE,79,0.5,69,82,3,1,68,71,47,58,58,0,55,45,59,81,93,31,,
Machine Learning Engineer,BTech,59,1.8,74,71,3,2,61,85,38,43,41,1,84,35,80,78,65,61,,
Machine Learning Engineer,MSc,60,1.7,68,73,2,6,85,88,36,57,0,0,81,50,94,75,76,79,,
Machine Learning Engineer,MBA,73,3.3,58,88,2,4,64,75,51,52,80,0,79,74,74,72,75,72,,
Machine Learning Engineer,BBA,47,2.3,83,94,0,1,61,79,23,45,41,1,75,65,48,59,77,58,,
Machine Learning Engineer,BE,66,4.0,73,96,2,3,47,91,69,62,77,2,91,66,25,57,100,48,,
Machine Learning Engineer,MSc,63,3.9,68,100,1,4,73,96,35,60,79,2,83,66,48,80,91,42,,
Machine Learning Engineer,MSc,83,2.3,41,94,1,5,72,73,59,75,55,0,85,73,59,71,90,55,,
Machine Learning Engineer,BTech,82,1.3,70,74,1,5,77,69,38,49,67,4,95,31,56,68,82,62,,
Machine Learning Engineer,BTech,68,0.9,66,75,2,2,41,83,65,57,71,1,94,56,40,74,87,60,,
Machine Learning Engineer,BCA,56,2.3,71,53,5,2,56,80,41,69,52,0,67,62,42,61,79,51,,
Machine Learning Engineer,MCA,72,4.4,65,77,2,4,65,75,60,78,28,4,88,53,70,58,74,64,,
Machine Learning Engineer,BE,80,3.0,70,100,0,5,47,59,52,61,0,3,91,64,61,60,84,70,,
Machine Learning Engineer,BCA,64,1.8,52,77,3,4,71,79,58,51,68,1,79,81,49,67,86,52,,
Machine Learning Engineer,BE,65,1.1,77,93,2,3,64,84,54,52,0,1,50,58,57,89,68,39,,
Machine Learning Engineer,BTech,73,1.5,77,67,3,5,60,84,61,47,0,0,64,62,79,60,85,68,,
Machine Learning Engineer,BTech,56,0.6,52,70,3,5,66,75,65,43,84,1,84,67,55,68,82,61,,
Machine Learning Engineer,MCA,52,1.5,80,69,5,3,70,89,63,75,28,0,80,76,44,66,71,46,,
Machine Learning Engineer,MBA,60,3.1,63,80,1,3,71,80,48,54,52,0,72,62,61,66,76,84,,
Machine Learning Engineer,MSc,85,0.8,65,72,2,3,54,69,52,65,0,0,62,34,56,54,67,53,,
Machine Learning Engineer,MCA,85,2.8,70,92,2,6,100,84,96,51,84,0,72,79,80,99,60,58,,
Machine Learning Engineer,BE,39,3.9,78,97,1,4,44,69,70,56,38,0,82,73,34,61,90,33,,
Machine Learning Engineer,MSc,82,5.8,61,95,0,5,75,74,69,59,50,4,82,60,65,79,74,48,,
Machine Learning Engineer,MCA,91,6.3,76,87,2,5,54,77,73,44,92,1,88,74,49,87,99,58,,
Machine Learning Engineer,MSc,78,2.1,90,91,0,5,85,84,49,51,0,3,89,59,46,76,54,77,,
Machine Learning Engineer,BE,77,1.7,69,70,2,4,67,70,59,67,35,0,70,54,53,60,71,53,,
Machine Learning Engineer,BE,83,4.6,70,73,1,5,82,68,74,49,0,1,91,56,58,77,83,59,,
Machine Learning Engineer,MCA,63,2.2,45,62,7,4,70,66,57,61,76,2,81,81,53,81,99,59,,
Machine Learning Engineer,BCA,72,1.1,69,76,4,4,84,91,55,60,61,4,100,28,50,71,67,34,,
Machine Learning Engineer,MSc,46,2.2,82,61,5,2,60,79,52,90,0,0,60,46,43,58,82,59,,
Machine Learning Engineer,Diploma,74,1.5,71,62,4,6,86,65,43,66,80,5,95,41,35,80,69,32,,
Machine Learning Engineer,MCA,61,1.9,74,60,3,2,34,91,53,79,53,0,69,66,71,55,86,37,,
Machine Learning Engineer,Diploma,74,0.9,77,80,2,5,82,69,36,64,68,2,82,36,48,84,78,42,,
Machine Learning Engineer,BBA,79,2.6,66,99,0,3,55,85,48,63,37,0,79,73,83,66,82,64,,
Machine Learning Engineer,BTech,85,4.5,94,92,1,3,79,70,65,86,32,2,67,56,57,42,68,48,,
Machine Learning Engineer,BSc,65,1.0,51,45,6,5,59,51,79,62,51,0,100,56,49,67,84,68,,
Machine Learning Engineer,MCA,76,1.9,55,70,4,4,55,77,57,58,69,1,82,53,61,84,97,46,,
Machine Learning Engineer,BTech,61,3.6,86,81,2,5,66,81,86,73,91,0,71,58,55,65,100,75,,
Machine Learning Engineer,BTech,76,1.1,63,78,3,3,74,56,50,54,0,1,66,68,45,55,56,40,,
Machine Learning Engineer,MCA,68,2.7,68,77,3,3,57,74,60,60,19,1,74,44,51,35,70,34,,
Machine Learning Engineer,BE,48,0.4,45,71,5,1,54,54,66,45,0,0,42,65,60,88,85,75,,
Machine Learning Engineer,Diploma,56,1.6,74,91,1,3,90,83,25,52,29,0,78,55,53,71,65,33,,
Machine Learning Engineer,MCA,71,1.6,71,85,3,2,52,86,51,40,0,1,51,56,53,72,54,45,,
Machine Learning Engineer,BTech,74,6.1,74,95,0,5,68,78,61,49,0,2,87,63,51,80,87,74,,
Machine Learning Engineer,BTech,72,1.0,68,98,0,4,68,83,46,67,46,1,67,75,57,56,84,61,,
Machine Learning Engineer,MTech,72,1.9,70,99,0,4,58,84,38,61,0,0,83,66,89,64,68,73,,
Machine Learning Engineer,MSc,69,1.1,76,91,1,5,88,96,52,58,33,3,92,49,43,76,51,62,,
Machine Learning Engineer,BE,67,1.9,70,95,0,5,59,64,39,71,0,5,86,64,53,55,78,73,,
Machine Learning Engineer,MTech,80,2.6,69,73,5,3,64,77,68,53,48,0,83,62,86,85,99,80,,
Machine Learning Engineer,MBA,67,1.6,67,81,2,2,63,99,71,45,42,1,66,55,37,51,97,45,,
Machine Learning Engineer,MSc,73,1.7,65,82,3,4,62,99,65,75,67,0,84,33,66,72,78,44,,
Machine Learning Engineer,MSc,60,2.8,60,98,1,1,57,94,36,70,0,0,63,61,64,55,80,56,,
Machine Learning Engineer,BE,68,2.1,86,91,1,1,62,73,27,55,34,1,63,78,59,51,85,59,,
Machine Learning Engineer,MSc,87,0.5,46,57,2,3,78,76,58,60,19,0,93,44,49,62,82,48,,
Machine Learning Engineer,BE,88,2.7,64,92,2,4,70,81,72,56,88,0,84,56,71,87,69,52,,
Machine Learning Engineer,BTech,60,0.9,87,75,2,4,58,73,49,32,82,2,85,77,70,74,71,52,,
Machine Learning Engineer,BSc,78,2.8,65,58,7,3,76,73,63,44,40,0,85,75,85,87,91,60,,
Machine Learning Engineer,MTech,73,1.3,68,89,2,2,68,90,29,43,0,0,61,52,68,76,58,71,,
Machine Learning Engineer,BTech,77,2.0,74,79,1,5,63,80,63,69,56,0,90,64,74,68,74,54,,
Machine Learning Engineer,BE,55,2.5,55,81,4,4,72,69,59,82,0,1,86,81,61,69,80,62,,
Machine Learning Engineer,BE,66,1.3,59,72,4,2,45,67,62,73,0,1,47,53,55,58,76,74,,
Machine Learning Engineer,MSc,83,3.9,86,65,5,4,70,42,58,68,0,1,85,80,73,71,75,25,,
Machine Learning Engineer,MSc,77,3.7,65,79,2,4,78,61,66,64,0,2,85,85,50,62,62,55,,
Machine Learning Engineer,BE,75,1.7,61,69,2,4,76,69,44,64,47,3,77,52,66,52,74,61,,
Machine Learning Engineer,MBA,35,1.9,73,77,2,5,48,83,71,70,0,2,64,59,58,62,89,61,,
Machine Learning Engineer,BE,80,7.2,84,91,2,4,76,52,81,69,55,4,90,63,64,84,76,29,,
Machine Learning Engineer,BE,57,1.0,56,85,1,6,76,73,77,75,33,1,73,64,77,60,87,41,,
Machine Learning Engineer,MBA,77,3.0,69,74,2,4,85,81,61,44,27,0,63,56,68,57,80,62,,
Machine Learning Engineer,BE,64,2.7,67,71,3,1,50,63,54,78,5,1,62,49,64,43,81,52,,
Machine Learning Engineer,BSc,55,3.2,85,75,1,4,57,84,51,71,61,0,89,75,66,57,82,44,,
Machine Learning Engineer,BTech,57,1.2,50,77,1,4,81,76,37,67,0,0,81,57,54,61,71,78,,
Machine Learning Engineer,PhD,76,6.4,65,96,0,5,71,77,62,57,88,4,99,60,45,91,84,46,,
Machine Learning Engineer,MSc,86,1.4,68,91,2,2,48,92,58,39,18,0,50,39,51,57,84,71,,
Machine Learning Engineer,MBA,80,1.6,58,97,2,2,55,66,41,68,0,0,46,55,53,40,54,51,,
Machine Learning Engineer,BTech,78,2.0,71,86,2,2,52,86,62,48,58,0,95,58,46,75,94,58,,
Machine Learning Engineer,BSc,65,0.6,52,79,2,4,57,81,63,58,58,2,84,51,50,65,95,36,,
Machine Learning Engineer,BCA,63,2.8,63,86,2,3,68,89,65,54,85,2,75,30,60,83,81,68,,
Machine Learning Engineer,BSc,52,0.8,37,66,4,5,55,52,92,73,41,0,92,69,72,60,82,72,,
Machine Learning Engineer,BSc,36,1.3,72,63,5,1,80,37,38,65,52,0,77,69,38,64,65,50,,
Machine Learning Engineer,BTech,62,5.2,87,61,4,3,76,59,66,68,79,0,82,61,50,75,84,50,,
Machine Learning Engineer,MTech,72,1.2,54,92,1,3,53,82,30,51,0,0,74,55,79,85,63,78,,
Machine Learning Engineer,BBA,65,0.5,69,60,4,2,58,53,24,43,0,0,56,50,44,59,76,47,,
Machine Learning Engineer,BTech,84,2.4,69,100,1,3,77,87,49,58,0,2,69,59,76,69,76,49,,
Machine Learning Engineer,MCA,60,4.4,81,100,0,3,82,99,64,65,55,3,65,52,45,87,97,43,,
Machine Learning Engineer,BTech,52,0.8,89,90,0,1,59,98,59,57,67,0,90,50,30,75,92,45,,
Machine Learning Engineer,BSc,40,1.0,63,61,4,3,56,57,61,62,0,0,76,35,46,55,79,43,,
Machine Learning Engineer,MTech,77,1.9,62,72,2,3,65,84,64,61,0,0,78,44,54,80,93,71,,
Machine Learning Engineer,BSc,58,3.7,58,81,4,6,72,56,71,68,43,0,88,70,41,65,75,97,,
Machine Learning Engineer,BTech,77,3.8,86,94,3,3,72,52,63,62,52,3,77,55,66,61,81,25,,
Machine Learning Engineer,MTech,75,2.3,78,84,3,3,75,83,81,67,74,0,76,65,73,91,83,79,,
Machine Learning Engineer,BE,66,1.7,71,96,1,4,55,88,58,59,50,2,91,89,71,67,84,63,,
Machine Learning Engineer,BCA,69,2.1,66,92,2,3,63,65,53,49,43,0,74,65,37,67,87,62,,
Machine Learning Engineer,MSc,82,1.3,80,95,0,3,45,87,46,73,42,1,74,63,54,44,99,82,,
Machine Learning Engineer,MTech,82,3.3,82,96,1,4,79,68,87,67,73,0,88,53,63,71,100,53,,
Machine Learning Engineer,BTech,57,1.6,83,72,3,4,55,88,44,72,61,1,89,65,59,43,76,59,,
Machine Learning Engineer,BTech,78,4.3,75,97,0,5,74,67,63,70,78,2,88,55,61,83,94,54,,
Machine Learning Engineer,MCA,73,1.2,50,84,2,3,55,89,50,62,63,0,85,21,62,87,71,49,,
Machine Learning Engineer,BCA,80,1.4,80,68,4,3,63,99,64,50,0,0,51,58,44,66,81,58,,
Machine Learning Engineer,BBA,85,3.9,57,98,0,5,65,81,73,60,69,0,87,58,57,73,91,53,,
Machine Learning Engineer,BE,62,0.7,67,64,4,1,60,54,27,37,0,0,58,44,49,44,66,27,,
Machine Learning Engineer,BSc,63,1.2,61,77,2,4,41,56,51,52,0,1,80,74,59,52,65,33,,
Machine Learning Engineer,BBA,82,5.4,82,81,2,4,53,74,61,40,0,1,83,55,44,80,88,58,,
Machine Learning Engineer,BTech,64,2.8,66,98,1,5,53,85,76,65,0,0,88,47,67,62,93,53,,
Machine Learning Engineer,MSc,84,0.8,52,69,1,3,79,74,46,54,35,1,92,38,57,60,79,59,,
Machine Learning Engineer,MCA,36,1.1,72,88,2,3,69,54,33,71,0,0,66,63,57,56,55,51,,
Machine Learning Engineer,MCA,57,1.0,60,56,5,3,50,68,43,68,31,0,83,54,59,68,79,58,,
Machine Learning Engineer,BTech,73,3.2,63,98,0,3,35,89,62,63,86,0,93,70,51,67,100,67,,
Machine Learning Engineer,BE,53,1.3,85,73,2,4,84,91,60,51,0,1,73,56,59,63,87,42,,
Machine Learning Engineer,BTech,67,0.9,80,57,5,1,53,71,65,62,0,0,62,54,71,75,78,66,,
Machine Learning Engineer,BTech,92,1.2,52,96,2,3,61,87,64,62,87,0,81,50,50,70,70,54,,
Machine Learning Engineer,BE,77,2.9,66,97,1,2,33,80,58,64,80,1,95,67,71,74,91,63,,
Machine Learning Engineer,BE,75,1.2,80,92,2,2,60,99,62,48,54,2,56,75,54,74,93,60,,
Machine Learning Engineer,BE,87,2.1,81,100,0,5,42,58,51,67,0,5,92,61,52,50,86,57,,
Machine Learning Engineer,MCA,80,3.6,63,60,4,4,62,74,61,65,40,0,72,86,55,68,78,62,,
Machine Learning Engineer,BCA,58,1.9,76,62,4,4,58,82,66,62,0,0,57,78,65,41,64,55,,
Machine Learning Engineer,BTech,68,1.8,77,90,2,4,62,82,74,79,59,0,63,48,48,69,99,53,,
Machine Learning Engineer,BTech,82,1.3,65,67,2,3,59,53,68,51,63,0,56,34,38,72,68,26,,
Machine Learning Engineer,BSc,79,4.4,78,100,0,5,79,74,48,47,74,1,94,58,65,68,69,94,,
Machine Learning Engineer,BE,77,3.7,86,97,1,3,71,78,82,65,77,0,80,53,54,77,93,56,,
Machine Learning Engineer,MSc,83,1.3,56,99,0,6,58,70,60,73,26,0,87,61,58,58,86,51,,
Machine Learning Engineer,BTech,63,2.3,77,93,0,1,62,95,65,56,0,0,66,71,48,41,66,58,,
Machine Learning Engineer,BSc,60,1.4,70,75,5,0,82,42,27,57,47,0,77,84,35,66,70,43,,
Machine Learning Engineer,MTech,75,2.6,65,100,0,3,37,75,66,58,0,1,94,65,61,75,96,55,,
Machine Learning Engineer,BTech,61,4.1,93,86,4,4,53,89,47,69,86,1,92,80,61,80,63,51,,
Machine Learning Engineer,BE,56,1.1,69,81,1,2,79,86,28,46,0,0,65,49,58,58,70,45,,
Machine Learning Engineer,BBA,42,5.2,67,95,0,4,68,81,64,50,71,3,81,41,53,68,85,68,,
Machine Learning Engineer,BBA,62,2.0,59,85,1,1,38,70,42,66,61,0,84,82,74,68,92,61,,
Machine Learning Engineer,MSc,68,1.2,60,64,3,2,57,72,61,78,8,1,64,43,53,47,78,56,,
Machine Learning Engineer,BSc,64,2.8,65,59,3,5,54,77,52,99,68,3,97,66,62,70,85,60,,
Machine Learning Engineer,BTech,80,1.0,70,100,0,1,37,88,38,85,73,1,73,67,54,31,100,97,,
Machine Learning Engineer,BTech,75,1.0,62,79,1,4,63,65,58,58,84,0,74,35,46,86,79,45,,
Machine Learning Engineer,BE,62,5.4,76,98,2,3,42,85,64,66,48,1,93,73,60,59,85,41,,
Machine Learning Engineer,MCA,84,0.5,67,85,1,4,59,78,50,59,70,0,81,45,54,93,99,63,,
Machine Learning Engineer,BCA,64,2.8,57,93,1,2,70,78,63,55,0,2,56,14,47,84,79,55,,
Machine Learning Engineer,MCA,62,1.0,58,76,3,4,59,82,45,71,22,0,74,61,53,69,77,72,,
Machine Learning Engineer,BTech,91,5.5,82,84,1,5,66,61,79,76,78,4,87,67,65,58,97,45,,
Machine Learning Engineer,BSc,59,1.3,66,66,3,2,64,58,31,59,22,2,63,57,51,53,82,43,,
Machine Learning Engineer,BTech,82,0.5,70,56,6,3,75,65,56,30,28,0,71,51,52,53,81,49,,
Machine Learning Engineer,MCA,88,2.6,54,76,4,2,63,57,53,41,42,1,74,46,62,48,83,23,,
Machine Learning Engineer,MBA,71,0.9,60,71,4,1,62,62,35,39,13,1,49,72,48,55,82,47,,
Machine Learning Engineer,BE,74,1.3,87,71,4,3,65,68,49,59,37,1,69,73,65,76,89,43,,
Machine Learning Engineer,MCA,66,3.9,84,100,0,4,86,94,63,70,50,2,70,29,38,98,84,57,,
Machine Learning Engineer,BSc,63,2.6,57,73,5,4,61,67,68,47,0,1,81,62,87,74,89,61,,
Machine Learning Engineer,BTech,71,6.2,66,94,0,3,61,67,75,59,56,0,85,61,49,94,75,47,,
Machine Learning Engineer,BTech,84,3.3,86,80,3,3,38,82,59,41,0,0,62,77,62,59,72,59,,
Machine Learning Engineer,MTech,38,1.3,69,88,3,3,79,78,59,60,0,0,69,54,64,54,87,48,,
Machine Learning Engineer,BBA,69,1.9,61,89,2,2,49,62,55,47,0,0,70,50,48,72,76,36,,
Machine Learning Engineer,MCA,64,1.9,77,79,1,4,59,73,61,56,0,2,80,36,68,57,72,36,,
Machine Learning Engineer,MTech,74,1.6,70,85,2,3,64,73,66,72,0,2,75,51,65,54,89,39,,
Machine Learning Engineer,MTech,70,2.2,78,81,3,2,46,91,72,79,58,0,72,51,72,75,99,74,,
Machine Learning Engineer,MTech,79,2.7,91,78,2,3,69,76,56,64,29,0,86,41,70,88,80,77,,
Machine Learning Engineer,MSc,71,1.4,77,48,5,6,99,87,51,49,58,2,88,48,80,68,91,63,,
Machine Learning Engineer,BBA,51,1.8,63,76,4,4,57,64,45,73,16,0,83,66,47,76,76,65,,
Machine Learning Engineer,BE,60,1.2,91,84,3,4,53,88,56,70,43,1,82,62,59,68,73,52,,
Machine Learning Engineer,MCA,85,2.5,67,97,1,5,94,86,68,56,46,2,66,69,85,80,62,55,,
Machine Learning Engineer,BTech,74,4.5,63,84,2,4,39,79,56,76,33,2,97,55,100,56,70,49,,
Machine Learning Engineer,BSc,88,0.7,50,61,3,4,63,73,59,63,40,0,88,48,52,56,87,40,,
Machine Learning Engineer,BTech,68,2.9,84,77,2,3,70,81,46,66,22,0,59,82,52,50,70,73,,
Machine Learning Engineer,MSc,58,2.0,60,73,3,2,58,81,54,58,0,2,70,74,63,79,92,76,,
Machine Learning Engineer,BSc,88,4.5,67,95,2,3,82,68,42,64,64,1,93,80,51,77,84,79,,
Machine Learning Engineer,BTech,70,1.2,73,92,1,1,49,81,56,52,0,1,84,42,18,74,82,38,,
Machine Learning Engineer,MCA,65,1.5,74,79,2,5,55,83,41,71,0,0,82,72,53,60,82,74,,
Machine Learning Engineer,BSc,56,2.9,87,77,1,3,57,86,51,68,64,2,89,76,68,56,82,42,,
Machine Learning Engineer,MBA,80,2.1,68,64,4,4,73,81,69,66,48,1,83,81,45,70,90,71,,
Machine Learning Engineer,MCA,66,2.2,64,81,2,2,57,80,63,71,64,0,89,58,65,77,88,49,,
Machine Learning Engineer,BTech,54,1.4,59,65,4,4,58,75,37,64,63,1,93,80,58,63,67,70,,
Software Developer,MSc,96,2.5,75,76,7,2,54,68,90,43,0,1,86,64,34,42,54,54,,
Software Developer,BE,87,2.7,100,74,4,2,29,87,43,69,40,2,93,41,32,36,82,55,,
Software Developer,BTech,76,0.3,24,49,5,1,53,58,41,17,0,0,37,61,41,37,69,61,,
Software Developer,PhD,22,9.4,76,86,0,8,90,86,100,5,100,3,100,84,77,79,100,67,,
Software Developer,MCA,93,3.9,100,73,0,2,52,67,72,29,0,0,56,67,41,40,44,38,,
Software Developer,MBA,65,4.4,60,100,0,3,59,100,73,68,50,2,88,78,40,75,83,77,,
Software Developer,MCA,67,1.8,72,100,0,5,54,79,52,57,13,1,69,57,60,98,70,78,,
Software Developer,BTech,35,3.5,100,84,4,6,70,84,71,59,64,1,100,54,26,68,100,71,,
Software Developer,BTech,82,1.5,55,69,2,7,96,89,57,62,15,5,87,30,89,46,69,80,,
Software Developer,BTech,25,0.3,86,69,5,0,37,70,29,18,0,0,24,48,60,62,53,56,,
Software Developer,BTech,36,1.5,72,92,1,3,89,86,53,29,64,0,88,41,80,100,86,32,,
Software Developer,BSc,77,3.9,93,91,0,3,99,33,67,44,51,0,72,68,46,76,75,72,,
Software Developer,BE,53,2.3,68,82,1,5,86,100,72,50,68,5,81,81,59,57,88,58,,
Software Developer,BTech,94,0.6,43,79,3,0,55,95,28,42,14,0,71,40,54,35,30,42,,
Software Developer,BCA,28,2.9,49,71,5,1,68,66,44,49,0,0,68,89,38,45,78,36,,
Software Developer,BTech,29,2.9,100,100,0,5,74,100,48,66,0,1,99,55,26,67,90,16,,
Software Developer,BTech,87,0.1,55,100,3,3,47,76,44,53,0,0,78,54,19,71,85,7,,
Software Developer,MTech,86,0.6,60,84,0,3,38,78,40,92,65,0,60,46,45,61,100,37,,
Software Developer,MSc,86,1.8,57,59,5,2,76,80,65,62,0,0,77,48,34,46,60,37,,
Software Developer,BE,42,3.7,87,84,1,4,62,100,43,66,62,4,98,54,18,74,78,69,,
Software Developer,MBA,56,2.1,24,72,3,7,87,51,67,78,60,6,100,79,60,62,91,47,,
Software Developer,BTech,84,0.0,43,62,3,5,44,69,80,65,61,2,100,77,56,62,100,25,,
Software Developer,BTech,37,5.3,100,92,0,2,82,88,98,42,50,0,92,90,39,80,100,43,,
Software Developer,MSc,90,1.5,64,83,1,2,68,63,81,30,36,0,83,22,51,60,100,94,,
Software Developer,MSc,77,1.3,50,88,5,4,73,76,71,43,19,0,93,28,58,64,97,70,,
Software Developer,BTech,22,2.8,88,86,1,3,68,74,61,74,42,0,59,46,74,59,77,59,,
Software Developer,BE,60,9.3,100,91,2,5,100,62,100,83,0,2,66,70,80,48,74,62,,
Software Developer,MCA,63,2.9,72,100,3,3,97,58,43,82,40,0,100,73,65,74,69,82,,
Software Developer,MSc,80,1.8,35,78,3,2,62,81,58,70,35,0,54,58,65,82,80,35,,
Software Developer,BTech,73,1.7,71,68,4,2,47,60,24,51,79,1,77,75,53,66,84,46,,
Software Developer,BE,86,0.7,58,73,1,3,66,57,56,79,0,0,62,53,53,67,80,29,,
Software Developer,BE,23,4.1,77,61,3,2,80,89,51,29,0,0,49,73,53,38,82,52,,
Software Developer,MCA,92,1.3,76,78,4,6,86,81,63,91,0,0,89,91,84,54,59,23,,
Software Developer,BCA,38,2.4,100,100,0,3,57,80,66,56,76,0,87,57,73,100,73,69,,
Software Developer,MSc,93,5.0,74,83,0,0,76,78,51,56,0,0,85,67,25,49,70,78,,
Software Developer,MCA,57,2.9,79,79,2,1,45,92,65,48,0,0,62,49,70,43,96,42,,
Software Developer,BE,90,0.7,52,100,0,2,52,92,72,50,0,0,62,24,43,68,85,73,,
Software Developer,BE,88,2.0,89,78,2,5,81,82,68,57,0,4,100,56,48,30,83,100,,
Software Developer,BTech,33,1.2,55,100,0,3,41,74,66,88,33,0,74,59,55,61,89,57,,
Software Developer,MCA,65,4.5,55,100,1,3,58,85,53,94,46,0,100,43,92,60,82,36,,
Software Developer,MSc,59,0.5,67,100,1,7,66,80,64,67,57,1,100,56,91,68,77,88,,
Software Developer,BCA,86,3.1,56,79,1,2,46,81,36,54,0,2,41,61,55,47,99,54,,
Software Developer,MCA,37,1.4,63,100,0,2,83,96,64,84,58,0,68,100,51,100,78,35,,
Software Developer,MBA,81,4.4,53,100,1,6,94,100,79,71,0,1,93,69,69,47,100,71,,
Software Developer,BSc,96,5.2,59,100,0,3,68,98,67,42,33,2,84,71,63,82,91,92,,
Software Developer,MBA,65,1.1,81,60,4,1,45,82,61,24,0,0,66,45,43,71,81,25,,
Software Developer,BTech,90,1.0,78,88,3,0,33,76,42,52,30,0,80,55,30,68,64,48,,
Software Developer,BCA,88,0.3,59,13,6,3,49,77,68,26,52,0,80,53,58,81,54,50,,
Software Developer,BTech,75,0.2,57,73,3,4,70,80,58,43,57,3,100,67,52,80,84,60,,
Software Developer,MCA,81,0.9,100,49,3,0,48,61,47,53,0,0,55,61,79,36,69,68,,
Software Developer,BE,74,4.7,83,100,2,4,84,75,73,44,34,1,100,66,71,60,84,98,,
Software Developer,BE,92,5.4,100,84,2,4,58,79,59,79,53,1,93,69,59,70,75,79,,
Software Developer,BE,87,0.9,55,75,2,1,55,45,59,46,51,0,55,52,28,62,70,12,,
Software Developer,PhD,61,2.9,77,52,4,3,41,71,55,59,84,1,100,75,53,75,82,8,,
Software Developer,BTech,66,1.4,72,100,0,3,81,76,33,92,47,0,48,34,66,40,64,77,,
Software Developer,BCA,77,1.3,74,100,0,2,64,86,57,94,50,0,100,90,57,45,100,46,,
Software Developer,MSc,47,2.0,100,46,4,4,51,74,80,68,0,2,58,51,42,42,68,61,,
Software Developer,BTech,71,1.3,60,75,2,1,71,74,28,81,0,0,74,73,50,65,70,32,,
Software Developer,BBA,83,1.3,46,14,10,3,78,55,50,72,0,0,58,56,29,44,36,51,,
Software Developer,BE,12,3.0,100,93,0,1,60,84,72,63,82,0,65,43,100,100,59,41,,
Software Developer,BTech,56,1.0,66,100,0,3,49,100,58,69,0,3,76,60,52,54,85,64,,
Software Developer,MTech,16,1.0,78,99,0,1,70,87,64,70,0,0,59,75,36,23,74,45,,
Software Developer,BE,88,3.0,85,100,0,6,71,96,42,58,37,6,100,52,49,82,94,66,,
Software Developer,MSc,95,1.5,70,80,3,3,87,71,68,93,0,3,69,76,41,60,39,82,,
Software Developer,MBA,52,0.8,42,87,2,5,64,69,88,73,0,1,73,77,49,55,61,88,,
Software Developer,MSc,61,0.4,81,56,5,1,72,79,55,43,0,0,25,24,25,52,80,40,,
Software Developer,BBA,97,1.6,50,100,2,1,83,100,70,54,48,1,85,21,38,67,66,68,,
Software Developer,BSc,17,1.3,86,70,3,3,60,62,60,41,0,3,65,49,60,54,100,55,,
Software Developer,BTech,51,0.3,37,89,4,1,61,98,50,91,0,0,48,61,37,33,80,50,,
Software Developer,BTech,66,2.0,62,98,0,4,75,74,74,58,0,0,60,34,94,46,86,31,,
Software Developer,BCA,92,12.6,100,88,0,7,97,43,69,57,0,4,100,67,81,52,50,94,,
Software Developer,MSc,66,0.3,53,73,2,4,91,82,55,54,76,0,87,51,38,92,97,68,,
Software Developer,BTech,94,2.7,48,90,3,7,90,60,57,57,0,6,74,50,47,82,66,67,,
Software Developer,MTech,50,1.5,64,100,0,0,85,99,40,28,0,0,35,49,24,74,75,54,,
Software Developer,BTech,78,0.1,65,77,2,2,50,83,100,77,0,1,61,87,87,79,100,88,,
Software Developer,MCA,71,1.4,38,94,1,4,85,100,59,53,76,0,100,51,65,100,61,65,,
Software Developer,BTech,80,0.8,91,100,0,3,71,100,49,66,93,0,53,31,80,64,89,77,,
Software Developer,BTech,66,6.1,54,100,2,3,58,88,79,55,61,3,86,62,64,77,100,67,,
Software Developer,BTech,55,1.7,65,94,1,3,47,65,28,56,0,0,49,28,73,58,68,100,,
Software Developer,BTech,36,2.5,59,89,2,1,82,86,66,79,25,1,79,70,59,70,80,68,,
Software Developer,BTech,67,10.5,95,85,0,4,74,71,71,59,100,4,82,57,68,58,100,82,,
Software Developer,MBA,57,3.6,94,68,5,2,72,77,50,49,100,0,58,42,34,94,83,0,,
Software Developer,BSc,83,0.5,79,100,1,2,61,62,44,32,0,1,61,70,63,56,67,19,,
Software Developer,BTech,55,4.6,94,54,4,5,65,74,72,66,37,3,91,42,64,63,40,61,,
Software Developer,PhD,78,4.1,74,92,3,3,56,77,47,65,0,3,86,33,56,62,67,85,,
Software Developer,BTech,7,3.1,57,95,0,3,92,74,46,79,31,0,79,100,60,71,99,79,,
Software Developer,MCA,52,0.2,57,73,2,1,80,79,23,47,56,0,42,44,66,86,90,45,,
Software Developer,MSc,61,0.9,56,88,0,5,84,88,43,62,67,5,81,87,49,61,63,70,,
Software Developer,BTech,45,1.2,65,87,2,2,62,64,32,47,52,2,78,77,37,44,86,46,,
Software Developer,BTech,67,3.6,78,79,0,6,71,98,69,37,71,3,100,76,61,61,100,73,,
Software Developer,MTech,78,0.6,48,56,5,3,82,38,55,40,43,2,56,86,37,81,95,75,,
Software Developer,BCA,93,0.2,58,78,3,2,46,69,27,78,59,1,94,50,56,66,64,45,,
Software Developer,BE,96,5.2,75,100,0,5,81,100,59,57,65,4,100,58,66,98,100,31,,
Software Developer,BTech,56,0.8,55,51,3,1,44,84,68,44,0,0,24,21,4,25,54,41,,
Software Developer,BE,52,1.1,46,71,4,5,74,55,61,82,0,5,87,29,49,28,38,58,,
Software Developer,BTech,91,2.9,72,85,1,2,62,60,20,43,89,1,63,70,37,100,89,58,,
Software Developer,BTech,84,1.3,54,82,4,5,46,99,40,59,62,1,89,62,80,77,70,54,,
Software Developer,BE,99,1.5,62,100,0,4,96,83,45,11,0,1,64,55,47,69,90,66,,
Software Developer,MSc,84,1.8,55,76,1,3,49,85,35,100,0,2,57,76,41,49,84,37,,
Software Developer,MSc,30,0.7,76,95,0,2,87,78,43,35,86,0,48,63,48,74,58,68,,
Software Developer,MCA,90,3.2,75,75,1,3,64,51,64,34,44,0,69,51,40,65,90,88,,
Software Developer,BE,89,1.3,65,100,3,5,100,100,85,53,0,3,86,63,55,57,100,41,,
Software Developer,MCA,75,1.0,30,84,1,2,53,91,34,48,64,0,73,83,74,40,50,52,,
Software Developer,BTech,74,0.9,73,49,6,2,74,38,68,45,47,2,54,62,91,81,70,60,,
Software Developer,MCA,92,3.8,72,100,0,4,49,96,61,68,59,4,90,47,69,68,90,71,,
Software Developer,MBA,85,1.9,81,100,0,0,23,87,58,50,0,0,50,74,35,41,93,31,,
Software Developer,MBA,70,2.8,74,100,0,2,63,85,46,16,64,0,83,59,34,64,67,35,,
Software Developer,BTech,58,0.2,100,58,4,3,64,99,43,65,0,2,74,55,63,43,50,71,,
Software Developer,BTech,81,4.6,96,100,1,1,40,86,55,32,0,1,51,81,49,44,58,69,,
Software Developer,MBA,44,3.4,58,73,6,6,68,61,58,96,83,0,82,67,71,78,75,47,,
Software Developer,BTech,83,1.2,71,72,1,4,63,78,75,72,0,0,55,61,67,67,73,69,,
Software Developer,MBA,39,3.8,61,78,0,4,67,87,47,63,0,2,87,63,57,76,100,66,,
Software Developer,BTech,48,0.9,32,67,2,3,58,95,83,89,47,0,70,55,40,63,74,41,,
Software Developer,BSc,55,0.9,38,75,1,3,68,90,74,36,0,0,55,77,56,49,51,36,,
Software Developer,MBA,84,1.5,56,48,4,4,80,82,81,35,0,4,71,73,56,39,84,67,,
Software Developer,BTech,74,1.2,63,87,2,0,25,87,59,11,0,0,38,74,13,71,63,78,,
Software Developer,BTech,31,0.2,33,91,0,3,46,98,42,49,34,0,66,63,54,49,100,62,,
Software Developer,PhD,60,0.1,46,89,4,3,57,61,55,77,55,0,51,61,49,22,100,40,,
Software Developer,MBA,88,1.1,51,63,2,1,62,83,78,75,0,1,65,54,33,43,90,38,,
Software Developer,BCA,64,3.5,76,79,3,4,63,100,59,92,51,1,100,72,29,59,95,83,,
Software Developer,MSc,25,1.3,72,70,3,8,88,96,89,84,50,4,77,53,91,44,75,47,,
Software Developer,MTech,86,0.0,43,49,6,5,74,71,53,93,95,1,100,31,71,75,70,57,,
Software Developer,BE,64,0.1,70,100,3,0,60,70,25,32,0,0,42,24,13,39,57,71,,
Software Developer,BCA,36,9.7,100,100,4,5,99,74,89,77,46,1,100,57,62,81,100,80,,
Software Developer,MSc,81,4.8,61,100,0,4,78,96,100,82,58,0,89,54,55,82,78,30,,
Software Developer,MTech,50,1.3,62,100,0,2,62,98,55,52,65,0,86,67,30,67,100,77,,
Software Developer,MCA,88,1.0,98,100,0,0,36,76,46,55,0,0,58,35,47,89,100,73,,
Software Developer,BCA,62,1.4,69,95,2,2,66,87,45,76,0,2,55,70,77,38,83,34,,
Software Developer,MSc,47,0.8,32,78,3,4,84,57,46,33,89,3,89,73,45,100,69,54,,
Software Developer,MTech,59,0.1,39,29,7,4,44,78,62,79,45,3,86,70,42,53,84,39,,
Software Developer,BTech,61,5.0,87,65,2,3,78,57,51,46,64,1,100,47,26,80,75,46,,
Software Developer,MBA,56,1.8,42,100,0,6,72,79,49,55,83,3,100,51,29,91,90,73,,
Software Developer,BTech,49,2.1,88,100,1,2,86,100,40,54,78,0,48,42,47,86,78,55,,
Software Developer,MSc,82,0.9,57,100,0,2,45,86,44,42,0,2,100,57,42,47,69,52,,
Software Developer,MTech,41,1.5,79,42,4,2,74,50,21,29,41,0,85,98,73,68,88,44,,
Software Developer,BCA,93,0.1,65,63,6,1,54,77,59,38,0,1,61,70,31,37,60,80,,
Software Developer,BTech,62,1.8,57,82,1,2,36,86,66,32,67,2,78,52,49,59,75,75,,
Software Developer,MCA,27,0.1,93,71,3,0,53,75,52,60,0,0,60,41,67,47,73,60,,
Software Developer,BTech,69,0.9,48,82,3,1,65,72,57,38,67,1,72,63,61,100,85,51,,
Software Developer,BTech,78,4.3,100,100,0,6,96,96,83,57,49,3,100,39,78,77,100,74,,
Software Developer,MCA,66,1.6,75,63,4,4,78,60,22,57,42,0,100,66,67,70,48,45,,
Software Developer,MCA,72,0.1,68,77,4,3,49,67,50,41,63,0,91,82,37,48,89,48,,
Software Developer,BCA,28,1.1,41,100,1,3,48,99,63,39,49,1,73,60,77,50,94,34,,
Software Developer,BE,63,2.8,79,91,2,3,62,93,73,51,0,3,58,53,58,62,100,50,,
Software Developer,MBA,93,1.3,100,100,1,5,79,100,56,100,100,0,88,40,70,95,100,46,,
Software Developer,MTech,68,1.0,100,96,2,3,59,64,51,84,0,2,46,81,71,35,96,23,,
Software Developer,BTech,80,4.0,68,79,1,4,68,99,30,24,100,1,57,85,41,100,97,85,,
Software Developer,BTech,57,0.4,80,86,1,1,56,83,65,47,63,1,67,75,59,98,100,35,,
Software Developer,BE,39,1.1,45,71,5,1,50,30,54,22,16,0,66,67,61,74,62,37,,
Software Developer,BTech,55,3.5,69,91,0,2,36,71,68,39,70,2,84,56,54,64,100,51,,
Software Developer,BBA,66,2.5,68,31,9,1,65,35,47,77,80,1,84,58,49,93,62,38,,
Software Developer,BTech,46,5.6,73,100,0,5,91,74,92,55,41,1,65,66,59,63,97,43,,
Software Developer,BTech,16,4.2,70,91,1,4,71,78,29,90,63,0,91,70,42,96,87,57,,
Software Developer,MBA,98,2.2,80,83,2,5,77,60,41,71,55,0,98,60,98,73,79,45,,
Software Developer,BE,71,0.4,76,79,2,1,52,74,52,38,6,1,63,61,55,78,78,69,,
Software Developer,MBA,48,0.9,56,96,0,5,71,78,30,96,40,1,80,70,54,80,78,78,,
Software Developer,MTech,83,3.1,100,69,5,4,59,92,47,72,65,3,98,65,83,49,59,53,,
Software Developer,BCA,97,2.3,51,55,3,5,34,82,60,38,91,4,77,37,60,77,82,78,,
Software Developer,MBA,90,2.5,98,82,6,5,48,95,21,48,47,4,78,73,64,56,60,74,,
Software Developer,BE,84,3.0,83,76,3,4,44,87,35,69,70,4,62,60,57,74,66,54,,
Software Developer,BE,80,1.0,70,67,1,4,75,46,39,20,0,3,81,91,43,57,64,29,,
Software Developer,MSc,56,1.5,90,96,0,3,68,100,16,41,0,1,90,50,65,82,94,72,,
Software Developer,BSc,39,2.1,44,100,0,4,77,100,72,48,63,0,73,70,53,100,92,55,,
Software Developer,BTech,95,2.8,81,79,3,2,75,50,59,15,0,0,90,35,44,69,91,64,,
Software Developer,MSc,51,0.7,64,38,5,2,94,77,68,49,0,1,60,94,32,40,63,54,,
Software Developer,BTech,77,3.0,51,92,3,2,87,84,76,65,67,2,84,55,48,95,100,45,,
Software Developer,BTech,33,2.2,78,100,0,1,62,94,27,58,48,1,71,42,80,48,93,39,,
Software Developer,BE,51,0.9,38,100,2,1,44,83,63,50,55,1,73,84,49,74,100,40,,
Software Developer,MTech,82,8.8,98,100,0,5,100,89,100,68,100,2,80,55,34,90,100,65,,
Software Developer,MCA,60,2.8,73,100,0,5,74,98,67,40,0,0,84,60,65,70,87,56,,
Software Developer,MTech,46,2.0,84,81,2,6,92,73,62,79,78,5,100,70,41,64,100,43,,
Software Developer,BTech,86,2.4,59,100,3,3,93,62,53,56,49,0,85,100,78,69,86,46,,
Software Developer,MCA,28,4.9,70,82,3,7,100,63,81,57,45,1,97,69,61,88,100,67,,
Software Developer,MSc,94,1.6,45,68,1,4,64,65,53,78,0,0,55,71,53,31,73,60,,
Software Developer,BSc,92,1.4,88,61,6,5,75,90,73,25,0,0,61,64,67,84,37,79,,
Software Developer,BTech,86,1.5,48,80,1,2,51,82,67,48,66,0,64,79,47,66,76,29,,
Software Developer,BCA,88,0.8,55,92,1,3,59,100,73,35,16,0,62,52,33,71,69,75,,
Software Developer,MSc,33,3.9,44,75,1,6,77,67,61,69,0,1,72,46,36,72,80,62,,
Software Developer,BE,79,1.6,54,64,2,6,97,98,74,50,46,5,75,49,78,91,71,68,,
Software Developer,BTech,95,1.7,67,67,5,4,53,77,78,61,0,2,74,36,57,58,84,27,,
Software Developer,MBA,34,1.9,100,80,1,7,92,91,59,74,79,0,99,26,80,87,63,71,,
Software Developer,BTech,36,3.7,27,77,2,3,32,50,74,87,50,0,45,100,75,82,93,68,,
Software Developer,MTech,20,1.1,34,53,4,5,73,65,34,44,29,2,100,32,34,84,67,35,,
Software Developer,BSc,77,4.3,84,100,0,4,45,60,52,90,0,4,77,51,49,58,69,66,,
Software Developer,MCA,71,0.5,66,100,0,5,57,100,65,43,74,5,91,77,73,61,92,59,,
Software Developer,MSc,58,2.7,54,70,4,3,56,83,69,69,65,1,70,76,11,76,94,69,,
Software Developer,MSc,72,1.5,92,100,0,3,77,78,63,15,64,0,91,64,43,89,92,54,,
Software Developer,BE,43,0.9,70,46,5,2,54,72,53,26,50,0,94,52,58,56,67,44,,
Software Developer,BTech,80,1.4,69,55,2,5,61,82,61,59,28,4,78,61,50,52,64,87,,
Software Developer,BTech,79,1.2,78,98,4,2,60,71,56,55,75,1,59,68,58,69,100,60,,
Software Developer,MTech,31,0.9,48,92,2,4,45,55,36,65,23,0,69,35,71,58,93,55,,
Software Developer,BE,85,0.5,85,55,5,5,60,66,49,53,21,0,100,37,76,63,71,64,,
Software Developer,BTech,74,3.1,63,90,0,4,75,71,40,59,91,0,77,56,88,97,88,45,,
Software Developer,BE,72,1.2,58,74,3,5,79,46,38,78,63,2,100,75,54,64,52,65,,
Software Developer,BSc,86,2.3,69,100,0,3,82,81,54,45,0,1,72,56,33,65,97,88,,
Software Developer,BE,53,3.9,55,90,0,5,56,94,75,70,45,5,77,50,65,100,71,78,,
Software Developer,BTech,14,3.2,60,91,0,6,100,100,43,40,67,2,100,29,66,100,86,57,,
Software Developer,BSc,96,2.7,64,76,2,5,79,77,62,87,59,1,87,21,45,82,81,51,,
Software Developer,BE,46,2.6,72,92,2,4,59,63,45,69,79,2,88,81,65,45,98,30,,
Software Developer,MTech,28,0.2,54,38,6,4,62,43,55,76,42,3,80,55,74,62,50,56,,
Software Developer,BBA,88,2.8,90,92,1,4,31,93,44,76,67,0,69,65,74,40,100,50,,
Software Developer,MSc,55,1.9,61,45,7,5,62,79,61,64,73,4,75,67,41,80,83,53,,
Software Developer,MBA,67,5.3,100,100,0,4,80,100,55,61,0,0,70,23,37,79,76,67,,
Software Developer,MTech,81,1.2,93,76,1,5,88,90,44,48,74,0,70,65,88,74,100,53,,
Software Developer,MSc,66,1.2,44,73,1,4,26,99,45,57,0,3,80,74,54,53,73,40,,
Software Developer,MSc,88,2.3,67,100,1,1,76,93,89,40,66,0,74,43,100,67,83,43,,
Software Developer,MSc,94,1.8,73,69,4,4,78,61,57,70,0,0,56,22,61,77,71,42,,
Software Developer,BSc,23,1.2,48,82,1,5,55,100,43,68,39,3,100,36,75,58,100,59,,
Software Developer,MSc,84,2.1,54,78,3,2,30,64,30,72,68,0,95,100,31,71,82,47,,
Software Developer,BCA,79,4.9,70,86,1,3,72,77,57,24,24,2,73,36,53,82,91,100,,
Software Developer,BE,90,1.7,75,100,0,6,85,100,66,44,0,0,82,74,50,66,82,80,,
Software Developer,MCA,54,2.1,88,100,0,3,82,90,62,77,71,0,90,71,43,72,85,38,,
Software Developer,MSc,61,1.0,66,84,0,5,86,87,42,77,56,0,75,68,88,57,78,44,,
Software Developer,BE,66,0.9,63,86,2,1,34,76,35,63,0,0,61,52,59,69,64,39,,
Software Developer,BTech,91,1.3,79,36,4,3,67,75,56,52,4,1,87,37,45,71,93,31,,
Software Developer,MBA,76,4.1,55,83,1,0,55,77,43,58,47,0,52,61,54,62,71,56,,
Software Developer,BCA,82,1.5,47,71,4,4,80,79,76,65,51,0,79,77,53,57,85,85,,
Software Developer,MCA,48,2.2,85,77,3,1,55,78,61,62,63,1,61,56,60,91,100,41,,
Software Developer,BE,58,1.5,55,91,0,1,54,100,38,74,0,0,45,37,42,49,84,29,,
Software Developer,BE,36,1.0,69,67,5,2,39,72,15,61,0,0,46,100,41,31,51,30,,
Software Developer,MCA,59,3.6,85,100,0,6,100,100,58,83,100,0,100,54,46,86,94,68,,
Software Developer,MSc,63,3.5,100,77,3,3,66,60,63,49,44,0,88,80,51,87,65,35,,
Software Developer,MCA,53,0.1,43,100,0,3,37,83,65,71,0,3,76,92,63,32,81,60,,
Software Developer,BE,95,2.3,51,67,1,4,63,66,52,80,0,0,64,52,72,58,89,45,,
Software Developer,BSc,77,1.9,67,48,5,2,61,87,73,57,0,2,39,52,33,57,68,71,,
Software Developer,MTech,31,1.3,56,53,1,3,62,88,66,58,0,1,83,60,64,75,86,83,,
Software Developer,BTech,87,0.3,55,54,4,1,53,77,40,61,0,1,52,53,14,46,53,68,,
Software Developer,BTech,34,7.7,62,100,0,5,62,72,89,35,100,3,100,0,60,91,99,44,,
Software Developer,BBA,44,0.2,24,85,2,0,54,81,50,23,49,0,62,94,40,73,58,9,,
Software Developer,MSc,51,2.0,52,94,0,1,53,56,60,66,69,1,91,25,37,75,83,42,,
Software Developer,BTech,53,0.5,33,68,3,6,67,65,43,79,0,0,72,59,50,50,67,57,,
Software Developer,BTech,54,2.3,100,78,2,5,59,75,45,70,64,5,97,45,78,64,84,76,,
Software Developer,PhD,37,5.9,87,67,2,6,81,100,69,92,49,0,87,44,100,85,64,74,,
Software Developer,MSc,23,2.4,64,95,0,1,49,63,70,57,39,0,72,84,54,75,81,41,,
Software Developer,BTech,86,0.4,26,100,1,3,64,58,48,42,100,0,76,36,50,100,79,60,,
Software Developer,BE,79,3.1,45,100,0,5,95,94,58,88,57,5,100,51,50,97,71,89,,
Software Developer,MCA,79,1.5,57,74,2,6,93,74,53,57,82,0,96,36,85,90,100,37,,
Software Developer,BSc,83,1.7,75,53,6,5,73,40,39,75,59,2,88,83,58,70,53,71,,
Software Developer,MBA,92,5.0,72,81,3,3,49,100,94,92,0,0,53,29,63,60,56,78,,
Software Developer,BSc,71,1.1,68,45,6,4,64,81,44,100,0,4,90,83,57,26,67,64,,
Software Developer,BTech,72,2.2,66,72,4,3,68,93,69,48,32,0,94,74,74,42,95,72,,
Software Developer,BE,59,3.0,79,67,0,3,70,68,57,49,0,1,94,35,65,45,66,100,,
Software Developer,BTech,75,1.0,53,55,5,3,42,77,58,65,0,0,65,73,57,51,76,72,,
Software Developer,BSc,93,0.9,36,94,1,4,69,100,70,27,39,4,93,45,49,69,54,44,,
Software Developer,BCA,24,4.3,87,91,3,6,69,71,80,28,87,1,100,18,61,72,100,89,,
Software Developer,BBA,26,4.8,56,100,0,3,64,100,56,59,44,2,53,58,47,67,71,59,,
Software Developer,BE,59,0.4,36,100,0,0,48,100,45,33,51,0,60,82,91,38,94,37,,
Software Developer,MBA,51,7.8,100,100,0,7,83,100,74,60,100,7,100,64,66,93,100,68,,
Software Developer,BTech,57,9.4,79,100,1,6,100,90,66,56,62,1,81,60,45,82,88,67,,
Software Developer,BE,90,4.2,77,90,4,0,39,94,61,53,72,0,47,76,66,90,75,57,,
Software Developer,MCA,50,1.8,77,86,1,1,53,93,9,38,0,0,57,37,59,47,85,39,,
Software Developer,BSc,61,2.7,76,76,1,3,73,89,54,97,23,0,79,42,70,65,74,76,,
Software Developer,BTech,75,0.1,75,75,3,3,34,59,80,76,0,3,74,79,39,35,91,68,,
Software Developer,MBA,36,1.8,52,37,4,4,44,44,30,96,0,3,69,76,47,47,99,60,,
Software Developer,BE,97,1.0,42,55,1,4,46,45,68,52,15,0,79,81,68,68,74,82,,
Software Developer,MSc,74,1.9,79,46,8,5,76,59,66,89,47,0,66,54,50,96,54,57,,
Software Developer,BTech,94,1.7,59,100,0,4,61,51,56,65,0,1,95,47,63,90,72,79,,
Software Developer,BBA,32,1.0,61,98,1,3,69,95,44,52,0,1,67,54,57,80,64,61,,
Software Developer,BSc,93,5.0,67,52,2,4,71,79,82,64,92,1,74,54,88,82,100,67,,
Software Developer,MCA,89,2.7,74,69,1,5,72,59,57,82,51,2,81,56,42,60,82,60,,
Software Developer,BTech,61,1.0,76,82,1,5,52,72,70,24,80,2,94,77,61,53,77,30,,
Software Developer,BTech,72,2.7,89,97,0,0,59,93,75,36,0,0,40,65,57,16,76,53,,
Software Developer,MSc,68,2.6,66,100,3,0,64,71,41,13,0,0,40,53,47,57,85,58,,
Software Developer,BTech,40,1.6,100,83,1,1,30,70,59,55,54,0,81,67,12,64,77,35,,
Software Developer,BTech,77,1.8,35,95,2,4,46,79,55,80,34,2,90,42,58,70,58,65,,
Software Developer,MBA,84,3.6,94,79,2,3,100,98,88,64,0,0,46,94,41,66,73,66,,
Software Developer,MTech,65,0.7,60,87,1,1,47,71,45,33,45,0,46,42,31,62,70,33,,
Software Developer,MBA,43,1.9,96,93,0,4,76,91,99,59,43,0,79,93,32,65,87,69,,
Software Developer,BE,58,1.6,57,100,3,4,56,96,32,45,59,3,64,30,84,82,75,90,,
Software Developer,MCA,88,2.6,58,81,1,4,48,61,100,98,0,3,82,60,21,38,91,39,,
Software Developer,BTech,73,1.5,89,58,3,0,62,82,64,36,50,0,53,62,58,63,80,41,,
Software Developer,MBA,96,3.0,78,74,1,7,77,65,50,69,89,6,58,65,53,87,81,60,,
Software Developer,BSc,76,2.7,80,86,0,2,32,47,56,30,36,2,62,49,76,75,76,38,,
Software Developer,BE,94,3.1,95,98,1,5,60,92,29,49,0,1,53,84,77,64,58,33,,
Software Developer,BE,81,1.8,82,68,3,1,34,45,17,78,0,0,70,81,25,83,63,61,,
Software Developer,MSc,58,6.6,65,99,0,1,44,100,92,47,46,0,57,60,71,75,88,32,,
Software Developer,MSc,71,0.6,70,75,2,1,30,86,58,48,0,0,42,62,39,32,73,84,,
Software Developer,BTech,68,1.3,72,89,3,1,9,78,28,88,32,0,77,79,75,39,86,23,,
Software Developer,MSc,82,1.1,57,87,0,4,78,54,73,48,0,3,84,51,70,65,100,78,,
Software Developer,BTech,83,0.5,13,100,4,2,50,88,61,56,37,0,76,78,63,48,73,92,,
Software Developer,BE,95,3.1,37,100,1,3,78,92,47,85,0,0,53,66,39,68,59,79,,
Software Developer,MTech,57,2.9,89,100,0,4,84,67,57,55,25,2,99,61,49,92,100,66,,
Software Developer,BE,55,2.1,70,63,0,2,58,61,77,52,0,0,51,80,21,63,79,54,,
Software Developer,PhD,61,4.8,35,97,0,5,90,84,76,43,33,2,94,100,68,63,93,49,,
Software Developer,BSc,17,0.5,70,25,5,3,60,57,39,21,0,1,94,40,67,77,82,53,,
Software Developer,MSc,33,0.8,53,59,3,1,78,43,38,59,52,1,66,76,67,79,79,68,,
Software Developer,BTech,82,0.8,54,25,6,3,79,67,47,43,0,2,64,54,60,65,49,52,,
Software Developer,MCA,83,0.5,57,61,4,5,77,73,69,61,100,5,91,82,80,64,91,39,,
Software Developer,BE,93,1.3,78,74,2,4,70,89,47,68,52,1,88,62,54,96,61,100,,
Software Developer,MCA,57,4.3,85,91,4,5,72,43,84,71,0,3,77,87,79,43,86,73,,
Software Developer,BSc,78,1.3,39,85,1,0,35,83,45,68,0,0,47,58,73,4,81,37,,
Software Developer,BE,24,1.3,94,100,0,3,79,91,37,36,12,0,91,14,48,62,74,69,,
Software Developer,BSc,50,0.9,75,67,4,0,47,81,25,0,50,0,61,71,81,81,62,20,,
Software Developer,BCA,91,4.8,54,95,0,5,88,93,62,55,67,0,79,28,58,63,100,34,,
Software Developer,BE,77,2.5,49,72,0,2,46,84,75,51,29,1,56,49,34,51,98,48,,
Software Developer,MTech,90,0.4,73,56,2,0,38,64,44,62,0,0,43,57,22,38,94,28,,
Software Developer,MBA,87,3.6,81,70,1,5,77,82,56,47,84,0,60,61,52,76,93,68,,
Software Developer,BSc,76,5.7,100,81,1,6,77,67,57,54,55,4,93,15,83,100,75,66,,
Software Developer,BTech,93,2.8,85,89,0,2,61,67,74,50,85,0,77,62,41,66,92,52,,
Software Developer,BE,74,1.6,68,95,0,3,86,71,60,46,41,2,80,84,64,66,94,19,,
Software Developer,BE,82,2.2,65,91,0,6,87,89,87,75,0,1,58,61,32,71,91,75,,
Software Developer,MBA,94,0.2,59,70,5,6,77,62,83,34,99,3,99,56,68,100,81,56,,
Software Developer,BSc,93,0.3,37,80,5,6,70,100,49,74,93,4,69,78,55,77,90,64,,
Software Developer,BTech,69,3.3,51,86,1,4,60,64,79,43,59,3,100,59,65,46,93,53,,
Software Developer,Diploma,44,0.9,64,94,0,4,66,43,61,29,66,2,94,58,36,85,79,63,,
Software Developer,MSc,80,0.5,64,86,3,6,63,74,61,60,67,0,81,69,94,77,67,58,,
Software Developer,BTech,47,0.1,50,55,4,4,47,37,51,47,57,0,91,64,34,78,90,79,,
Software Developer,BTech,80,0.5,71,100,1,3,67,84,80,20,0,0,71,60,61,72,100,83,,
Software Developer,BE,48,4.2,98,85,0,4,46,71,62,73,86,1,100,90,73,99,68,77,,
Software Developer,BTech,4,1.3,95,88,2,4,79,60,71,39,55,4,100,66,28,68,83,74,,
Software Developer,BE,49,1.1,77,83,0,2,49,62,36,39,43,1,66,53,46,30,75,60,,
Software Developer,BTech,79,2.0,65,73,5,2,46,58,36,50,61,0,77,48,74,70,59,58,,
Software Developer,MCA,96,2.9,56,100,3,2,41,89,60,93,54,2,100,90,49,58,100,37,,
Software Developer,BSc,88,1.4,21,75,4,5,39,49,85,35,0,3,70,66,88,40,97,85,,
Software Developer,MTech,38,1.1,51,61,3,1,43,75,53,61,43,0,56,45,59,79,74,47,,
Software Developer,BE,24,1.2,77,66,2,6,59,76,76,20,0,0,87,67,69,60,85,70,,
Software Developer,BTech,92,1.2,86,100,2,3,100,82,36,46,16,0,86,35,30,85,48,47,,
Software Developer,BCA,71,1.9,64,100,0,4,100,61,87,53,65,2,98,86,62,54,100,100,,
Software Developer,BTech,56,1.1,53,72,5,5,66,59,79,58,51,0,61,62,16,82,54,41,,
Software Developer,MSc,77,0.9,88,55,4,4,76,90,81,77,0,0,77,70,60,69,61,34,,
Software Developer,Diploma,84,0.7,53,72,7,2,29,81,58,47,47,2,89,62,10,73,81,64,,
Software Developer,BTech,93,0.6,45,100,2,2,51,98,61,98,0,0,37,47,47,35,80,51,,
Software Developer,BE,44,2.3,57,65,4,6,80,87,53,54,24,4,89,63,37,39,81,69,,
Software Developer,BE,69,4.1,62,81,2,2,69,86,49,56,70,2,85,63,69,99,100,61,,
Software Developer,BTech,73,6.2,70,100,1,7,100,87,100,70,39,6,100,47,71,78,100,64,,
Software Developer,BE,94,0.2,46,100,0,3,34,89,49,86,0,0,64,62,41,23,79,59,,
Software Developer,MSc,98,1.1,63,87,2,3,63,60,27,88,58,0,79,62,81,64,70,67,,
Software Developer,BE,34,2.9,61,85,0,3,59,95,29,65,0,2,60,47,22,42,75,23,,
Software Developer,MCA,69,0.6,62,67,4,3,83,78,70,65,65,0,70,14,35,62,62,76,,
Software Developer,MTech,39,2.8,84,76,3,4,48,77,30,45,0,0,93,60,60,69,65,73,,
Software Developer,MSc,64,0.6,90,74,4,3,71,80,81,54,0,0,97,82,37,41,59,50,,
Software Developer,BE,88,1.2,57,100,3,2,54,66,74,86,68,0,64,49,79,60,99,62,,
Software Developer,BTech,33,5.8,81,67,5,2,63,75,90,49,60,1,56,54,77,51,100,74,,
Software Developer,BTech,94,1.3,73,65,4,3,55,98,54,48,69,2,98,25,52,66,81,46,,
Software Developer,BTech,39,4.7,74,95,0,3,64,79,50,54,0,3,60,45,44,40,77,77,,
Software Developer,BCA,90,3.6,77,96,0,3,69,64,80,38,79,0,91,66,39,89,100,46,,
Software Developer,BE,64,4.5,92,93,0,7,98,98,64,83,41,1,99,63,40,68,95,66,,
Software Developer,MCA,69,2.2,66,69,1,1,65,80,56,36,0,0,9,31,59,57,89,37,,
Software Developer,BTech,60,2.5,69,70,2,6,48,57,51,55,91,5,100,74,71,69,88,82,,
Software Developer,BSc,86,4.1,90,80,2,2,86,58,33,44,56,2,70,59,67,59,81,53,,
Software Developer,BTech,72,3.1,66,100,1,0,84,77,34,45,39,0,31,61,52,75,60,36,,
Software Developer,MCA,40,3.1,88,100,1,6,93,100,29,73,67,0,68,57,76,98,85,58,,
Software Developer,MSc,72,1.0,63,44,4,4,61,83,29,43,0,4,71,89,52,56,41,16,,
Software Developer,MCA,86,0.9,51,100,1,4,77,69,60,55,81,0,99,91,66,89,83,83,,
Software Developer,MCA,73,2.5,71,89,0,1,50,90,24,58,0,0,56,74,55,56,89,43,,
Software Developer,BTech,27,1.6,54,56,6,2,48,92,68,88,11,2,65,77,73,53,82,30,,
Software Developer,MCA,88,0.6,28,100,0,4,66,100,70,72,37,0,86,32,76,49,100,75,,
Software Developer,BBA,77,0.7,60,82,2,5,86,85,60,58,0,1,71,61,50,67,81,50,,
Software Developer,MCA,39,1.9,85,97,0,3,60,91,69,55,81,2,77,60,88,84,73,49,,
Software Developer,BTech,53,5.2,82,64,3,3,64,72,62,42,71,2,88,54,62,58,82,60,,
Software Developer,BE,94,3.4,61,89,1,3,68,83,57,64,0,0,53,66,38,57,55,63,,
Software Developer,MSc,56,2.1,74,58,3,4,96,83,66,62,14,1,74,83,35,50,74,58,,
Software Developer,MSc,46,1.5,73,54,4,3,73,77,52,48,0,1,74,79,45,53,64,63,,
Software Developer,PhD,57,4.5,63,95,2,5,80,61,81,60,16,3,84,92,73,52,90,62,,
Software Developer,BTech,45,4.5,55,95,2,4,61,67,74,51,82,0,80,25,56,62,100,42,,
Software Developer,MSc,75,1.5,68,93,3,4,74,77,67,30,38,0,91,44,51,76,95,63,,
Software Developer,BSc,85,1.3,48,87,1,1,45,75,39,75,23,0,59,60,75,26,77,48,,
Software Developer,MCA,53,1.0,32,73,2,3,61,81,33,47,51,0,83,63,59,58,57,46,,
Software Developer,MSc,75,1.9,66,85,2,3,60,78,68,57,60,0,89,71,44,61,85,41,,
Software Developer,BTech,79,1.1,41,84,2,3,49,95,37,53,63,0,80,74,76,56,58,54,,
Software Developer,MCA,55,3.3,60,89,3,5,80,76,74,74,28,0,74,61,54,68,92,59,,
Software Developer,MTech,63,1.0,67,83,4,2,52,72,54,58,62,0,58,58,58,72,89,55,,
Software Developer,MSc,83,1.2,58,80,5,4,66,84,64,44,36,1,95,28,55,65,92,62,,
Software Developer,MBA,42,1.1,83,65,4,2,52,72,61,31,0,0,66,47,52,62,90,40,,
Software Developer,BBA,77,1.4,57,36,8,3,64,58,39,63,0,0,66,63,38,53,56,50,,
Software Developer,BCA,88,1.6,54,98,1,2,89,85,75,55,56,1,91,45,47,62,78,81,,
Software Developer,BE,42,4.8,69,79,3,3,60,84,82,59,52,3,66,53,71,74,86,76,,
Software Developer,MSc,68,1.5,62,86,1,3,79,83,50,37,67,0,85,54,37,79,84,53,,
Software Developer,BSc,82,1.5,71,91,1,3,65,72,64,58,0,2,72,64,36,54,94,80,,
Software Developer,BTech,77,1.6,58,89,2,5,58,87,56,58,38,0,76,49,87,62,78,43,,
Software Developer,BTech,47,1.0,44,75,2,3,59,84,65,73,51,0,71,63,39,56,78,41,,
Software Developer,BTech,87,0.3,56,91,1,3,34,77,60,82,0,0,67,69,40,27,83,63,,
Software Developer,BTech,73,4.6,58,96,1,4,68,88,83,64,39,2,75,60,53,74,96,72,,
Software Developer,BBA,34,2.4,60,88,0,3,68,92,45,58,0,1,76,59,57,79,82,63,,
Software Developer,BTech,74,2.4,88,79,3,4,55,95,51,70,0,3,89,64,71,49,68,56,,
Software Developer,BE,91,2.9,46,100,2,3,84,80,49,73,0,0,66,77,54,68,69,66,,
Software Developer,BSc,53,1.9,72,76,2,4,55,62,80,69,0,3,73,54,41,45,95,48,,
Software Developer,MSc,80,1.2,46,46,5,3,72,73,51,54,0,1,60,56,61,72,63,44,,
Software Developer,MSc,63,1.5,67,47,7,4,67,61,65,58,63,3,67,65,61,80,77,57,,
Software Developer,MBA,40,2.7,76,77,4,7,78,74,58,86,83,0,89,50,74,83,71,58,,
Software Developer,BTech,65,2.9,58,85,4,5,80,61,57,77,69,0,82,83,74,73,80,46,,
Software Developer,PhD,80,0.5,55,88,3,3,61,61,39,82,59,0,66,61,66,44,84,54,,
Software Developer,BTech,92,0.8,45,92,2,3,63,60,37,65,78,0,76,50,67,81,74,62,,
Software Developer,BTech,72,5.7,84,86,1,6,74,73,77,60,94,4,90,65,53,81,94,74,,
Software Developer,MSc,96,1.9,72,78,4,3,75,70,76,74,0,2,75,72,39,53,43,72,,
Software Developer,MBA,63,2.2,92,91,0,3,71,84,90,56,57,0,79,81,36,66,89,64,,
Software Developer,BSc,88,3.1,73,99,0,1,41,90,61,49,0,1,62,72,44,56,93,54,,
Software Developer,MCA,74,1.5,70,86,1,2,66,65,62,58,62,0,69,59,34,65,76,23,,
Software Developer,BBA,95,0.6,58,76,4,1,65,86,64,44,0,1,71,51,33,48,62,75,,
Software Developer,BE,76,0.9,79,79,2,3,63,86,55,60,56,1,78,68,57,97,78,71,,
Software Developer,BE,64,2.5,71,71,2,5,59,73,37,76,0,5,87,62,48,66,96,64,,
Software Developer,BCA,79,3.3,71,87,2,3,58,94,72,84,0,1,54,48,70,49,69,57,,
Software Developer,MSc,73,0.7,65,64,5,3,78,56,66,47,24,0,73,86,36,64,81,64,,
Software Developer,BCA,55,0.7,54,88,2,2,48,91,82,60,22,1,67,74,82,66,97,62,,
Software Developer,BCA,40,2.2,62,86,3,3,60,89,56,45,70,1,66,52,58,69,90,19,,
Software Developer,MTech,72,2.7,68,58,4,4,75,63,52,66,76,1,100,40,44,78,73,51,,
Software Developer,BE,68,2.1,74,68,5,5,69,48,41,74,67,2,88,81,61,60,70,58,,
Software Developer,BCA,80,1.4,43,77,3,2,63,80,63,66,0,0,65,70,62,34,84,66,,
Software Developer,BSc,76,1.2,62,76,2,4,61,91,73,42,25,3,79,48,47,58,60,49,,
Software Developer,BTech,68,1.7,69,78,3,2,47,61,25,54,49,0,65,57,60,63,77,67,,
